ts,date,version,major,endpoint,latencyMedianMs,latencyMeanMs,reqPerSec,serverLatencyAvgMs,serverLatencyP99Ms,non2xx,errors
1622909902095,"2021-06-05T16:18:22.095Z","5.1.0",5,"info",1130.897,1161.722,"","","","",""
1622909911780,"2021-06-05T16:18:31.780Z","3.13.1",3,"info",1040.238,1092.923,"","","","",""
1622909913065,"2021-06-05T16:18:33.065Z","4.12.1",4,"info",1105.982,1101.21,"","","","",""
1622910221445,"2021-06-05T16:23:41.445Z","5.1.0",5,"tarball",13951.63,14008.13,"","","","",""
1622910242706,"2021-06-05T16:24:02.706Z","4.12.1",4,"tarball",15365.131,15535.868,"","","","",""
1622910282564,"2021-06-05T16:24:42.564Z","3.13.1",3,"tarball",18178.576,18238.075,"","","","",""
1622938827072,"2021-06-06T00:20:27.072Z","3.13.1",3,"info",846.551,871.47,"","","","",""
1622938832483,"2021-06-06T00:20:32.483Z","5.1.0",5,"info",1057.929,1059.744,"","","","",""
1622938854876,"2021-06-06T00:20:54.876Z","4.12.1",4,"info",1167.916,1162.533,"","","","",""
1622939122843,"2021-06-06T00:25:22.843Z","3.13.1",3,"tarball",12552.178,12669.456,"","","","",""
1622939159874,"2021-06-06T00:25:59.874Z","5.1.0",5,"tarball",14729.036,14879.444,"","","","",""
1622939213386,"2021-06-06T00:26:53.386Z","4.12.1",4,"tarball",16987.363,17211.719,"","","","",""
1622967806181,"2021-06-06T08:23:26.181Z","5.1.0",5,"info",953.18,971.816,"","","","",""
1622967810324,"2021-06-06T08:23:30.324Z","4.12.1",4,"info",932.622,946.901,"","","","",""
1622967810488,"2021-06-06T08:23:30.488Z","3.13.1",3,"info",1049.058,1075.181,"","","","",""
1622968107459,"2021-06-06T08:28:27.459Z","3.13.1",3,"tarball",13792.129,13784.838,"","","","",""
1622968116171,"2021-06-06T08:28:36.171Z","4.12.1",4,"tarball",14224.491,14277.786,"","","","",""
1622968131437,"2021-06-06T08:28:51.437Z","5.1.0",5,"tarball",15095.81,15298.417,"","","","",""
1622996379532,"2021-06-06T16:19:39.532Z","5.1.0",5,"info",935.576,937.611,"","","","",""
1622996388430,"2021-06-06T16:19:48.430Z","3.13.1",3,"info",1094.653,1084.649,"","","","",""
1622996393084,"2021-06-06T16:19:53.084Z","4.12.1",4,"info",1200.648,1213.158,"","","","",""
1622996715192,"2021-06-06T16:25:15.192Z","3.13.1",3,"tarball",14222.033,14406.334,"","","","",""
1622996717437,"2021-06-06T16:25:17.437Z","5.1.0",5,"tarball",14493.976,14579.002,"","","","",""
1622996738408,"2021-06-06T16:25:38.408Z","4.12.1",4,"tarball",16083.604,16094.812,"","","","",""
1623025217616,"2021-06-07T00:20:17.616Z","5.1.0",5,"info",1240.759,1278.057,"","","","",""
1623025224223,"2021-06-07T00:20:24.223Z","3.13.1",3,"info",1116.205,1122.764,"","","","",""
1623025225049,"2021-06-07T00:20:25.049Z","4.12.1",4,"info",994.303,1036.754,"","","","",""
1623025484228,"2021-06-07T00:24:44.228Z","3.13.1",3,"tarball",12784.574,12821.23,"","","","",""
1623025496106,"2021-06-07T00:24:56.106Z","4.12.1",4,"tarball",13727.585,13836.228,"","","","",""
1623025541867,"2021-06-07T00:25:41.867Z","5.1.0",5,"tarball",17205.333,17200.859,"","","","",""
1623055720450,"2021-06-07T08:48:40.450Z","4.12.1",4,"info",933.915,960.419,"","","","",""
1623055723883,"2021-06-07T08:48:43.883Z","5.1.0",5,"info",1186.104,1199.59,"","","","",""
1623055744755,"2021-06-07T08:49:04.755Z","3.13.1",3,"info",875.627,888.894,"","","","",""
1623056032624,"2021-06-07T08:53:52.624Z","4.12.1",4,"tarball",14671.122,14768.199,"","","","",""
1623056065786,"2021-06-07T08:54:25.786Z","3.13.1",3,"tarball",15407.51,15559.884,"","","","",""
1623056082423,"2021-06-07T08:54:42.423Z","5.1.0",5,"tarball",16151.317,16223.607,"","","","",""
1623083683492,"2021-06-07T16:34:43.492Z","5.1.0",5,"info",1086.102,1080.955,"","","","",""
1623083705893,"2021-06-07T16:35:05.893Z","4.12.1",4,"info",1252.683,1284.402,"","","","",""
1623083745395,"2021-06-07T16:35:45.395Z","3.13.1",3,"info",849.214,860.035,"","","","",""
1623083943742,"2021-06-07T16:39:03.742Z","3.13.1",3,"tarball",11358.416,11476.413,"","","","",""
1623083969022,"2021-06-07T16:39:29.022Z","4.12.1",4,"tarball",13256.962,13420.236,"","","","",""
1623083986812,"2021-06-07T16:39:46.812Z","5.1.0",5,"tarball",13681.293,13816.405,"","","","",""
1623111806264,"2021-06-08T00:23:26.264Z","4.12.1",4,"info",928.397,947.935,"","","","",""
1623111806710,"2021-06-08T00:23:26.710Z","3.13.1",3,"info",912.65,914.548,"","","","",""
1623111809675,"2021-06-08T00:23:29.675Z","5.1.0",5,"info",949.049,943.754,"","","","",""
1623112097632,"2021-06-08T00:28:17.632Z","3.13.1",3,"tarball",13520.485,13624.492,"","","","",""
1623112100789,"2021-06-08T00:28:20.789Z","5.1.0",5,"tarball",13815.381,13876.399,"","","","",""
1623112104723,"2021-06-08T00:28:24.723Z","4.12.1",4,"tarball",13009.844,14051.882,"","","","",""
1623140231477,"2021-06-08T08:17:11.477Z","3.13.1",3,"info",825.67,841.874,"","","","",""
1623140243841,"2021-06-08T08:17:23.841Z","5.1.0",5,"info",937.936,956.935,"","","","",""
1623140254384,"2021-06-08T08:17:34.384Z","4.12.1",4,"info",1117.712,1120.697,"","","","",""
1623140515078,"2021-06-08T08:21:55.078Z","4.12.1",4,"tarball",12016.164,12234.206,"","","","",""
1623140534043,"2021-06-08T08:22:14.043Z","5.1.0",5,"tarball",13596.453,13744.195,"","","","",""
1623140536936,"2021-06-08T08:22:16.936Z","3.13.1",3,"tarball",13780.05,13875.286,"","","","",""
1623168822860,"2021-06-08T16:13:42.860Z","4.12.1",4,"info",1180.664,1211.742,"","","","",""
1623168825662,"2021-06-08T16:13:45.662Z","3.13.1",3,"info",1008.89,1049.109,"","","","",""
1623168829852,"2021-06-08T16:13:49.852Z","5.1.0",5,"info",972.179,1011.116,"","","","",""
1623169075382,"2021-06-08T16:17:55.382Z","3.13.1",3,"tarball",11613.062,11728.841,"","","","",""
1623169102099,"2021-06-08T16:18:22.099Z","5.1.0",5,"tarball",13686.692,13741.011,"","","","",""
1623169112781,"2021-06-08T16:18:32.781Z","4.12.1",4,"tarball",14621.564,14627.686,"","","","",""
1623197515159,"2021-06-09T00:11:55.159Z","3.13.1",3,"info",856.224,871.715,"","","","",""
1623197542294,"2021-06-09T00:12:22.294Z","4.12.1",4,"info",1153.559,1130.102,"","","","",""
1623197572015,"2021-06-09T00:12:52.015Z","5.1.0",5,"info",1128.089,1114.763,"","","","",""
1623197816827,"2021-06-09T00:16:56.827Z","4.12.1",4,"tarball",14030.6,14075.213,"","","","",""
1623197840349,"2021-06-09T00:17:20.349Z","3.13.1",3,"tarball",15762.821,15999.555,"","","","",""
1623197902020,"2021-06-09T00:18:22.020Z","5.1.0",5,"tarball",17084.505,17026.846,"","","","",""
1623226511415,"2021-06-09T08:15:11.415Z","3.13.1",3,"info",944.89,979.828,"","","","",""
1623226511580,"2021-06-09T08:15:11.580Z","5.1.0",5,"info",932.316,938.759,"","","","",""
1623226517987,"2021-06-09T08:15:17.987Z","4.12.1",4,"info",1048.595,1069.887,"","","","",""
1623226784387,"2021-06-09T08:19:44.387Z","3.13.1",3,"tarball",12134.737,12194.926,"","","","",""
1623226801328,"2021-06-09T08:20:01.328Z","5.1.0",5,"tarball",12299.547,13726.363,"","","","",""
1623226816452,"2021-06-09T08:20:16.452Z","4.12.1",4,"tarball",14541.55,14591.315,"","","","",""
1623255760237,"2021-06-09T16:22:40.237Z","5.1.0",5,"info",902.579,900.791,"","","","",""
1623255772474,"2021-06-09T16:22:52.474Z","3.13.1",3,"info",949.322,955.646,"","","","",""
1623255784337,"2021-06-09T16:23:04.337Z","4.12.1",4,"info",1149.013,1192.113,"","","","",""
1623256033846,"2021-06-09T16:27:13.846Z","3.13.1",3,"tarball",11422.969,11598.359,"","","","",""
1623256045046,"2021-06-09T16:27:25.046Z","5.1.0",5,"tarball",12397.992,12463.291,"","","","",""
1623256074167,"2021-06-09T16:27:54.167Z","4.12.1",4,"tarball",11866.28,12026.001,"","","","",""
1623283883694,"2021-06-10T00:11:23.694Z","3.13.1",3,"info",1207.9,1213.017,"","","","",""
1623283918082,"2021-06-10T00:11:58.082Z","4.12.1",4,"info",1127.977,1134.447,"","","","",""
1623283928496,"2021-06-10T00:12:08.496Z","5.1.0",5,"info",958.263,956.252,"","","","",""
1623284211892,"2021-06-10T00:16:51.892Z","5.1.0",5,"tarball",12107.869,12279.741,"","","","",""
1623284229563,"2021-06-10T00:17:09.563Z","4.12.1",4,"tarball",14792.974,14867.97,"","","","",""
1623284245090,"2021-06-10T00:17:25.090Z","3.13.1",3,"tarball",14529.003,14807.276,"","","","",""
1623313192806,"2021-06-10T08:19:52.806Z","4.12.1",4,"info",1017.215,1025.981,"","","","",""
1623313195655,"2021-06-10T08:19:55.655Z","5.1.0",5,"info",894.881,899.099,"","","","",""
1623313225619,"2021-06-10T08:20:25.619Z","3.13.1",3,"info",1135.697,1169.676,"","","","",""
1623313472027,"2021-06-10T08:24:32.027Z","3.13.1",3,"tarball",14049.605,14102.018,"","","","",""
1623313507347,"2021-06-10T08:25:07.347Z","4.12.1",4,"tarball",13682.444,14296.2,"","","","",""
1623341888794,"2021-06-10T16:18:08.794Z","5.1.0",5,"info",846.337,866.733,"","","","",""
1623341908206,"2021-06-10T16:18:28.206Z","4.12.1",4,"info",1081.263,1086.996,"","","","",""
1623341931354,"2021-06-10T16:18:51.354Z","3.13.1",3,"info",875.09,873.653,"","","","",""
1623342301822,"2021-06-10T16:25:01.822Z","3.13.1",3,"tarball",16982.255,17025.061,"","","","",""
1623342351625,"2021-06-10T16:25:51.625Z","4.12.1",4,"tarball",16180.593,17030.92,"","","","",""
1623342354902,"2021-06-10T16:25:54.902Z","5.1.0",5,"tarball",17140.82,17448.731,"","","","",""
1623370227058,"2021-06-11T00:10:27.058Z","3.13.1",3,"info",925.877,926.25,"","","","",""
1623370269048,"2021-06-11T00:11:09.048Z","4.12.1",4,"info",1190.674,1230.924,"","","","",""
1623370334647,"2021-06-11T00:12:14.647Z","5.1.0",5,"info",1123.703,1167.153,"","","","",""
1623370576307,"2021-06-11T00:16:16.307Z","3.13.1",3,"tarball",13877.95,14054.594,"","","","",""
1623370606062,"2021-06-11T00:16:46.062Z","5.1.0",5,"tarball",16231.923,16339.046,"","","","",""
1623370744369,"2021-06-11T00:19:04.369Z","4.12.1",4,"tarball",15402.005,15748.343,"","","","",""
1623399318460,"2021-06-11T08:15:18.460Z","4.12.1",4,"info",976.956,978.452,"","","","",""
1623399462452,"2021-06-11T08:17:42.452Z","5.1.0",5,"info",942.137,964.584,"","","","",""
1623399469762,"2021-06-11T08:17:49.762Z","3.13.1",3,"info",1138.944,1148.779,"","","","",""
1623399557652,"2021-06-11T08:19:17.652Z","4.12.1",4,"tarball",13719.461,14289.951,"","","","",""
1623399661130,"2021-06-11T08:21:01.130Z","3.13.1",3,"tarball",11860.846,11848.575,"","","","",""
1623399731760,"2021-06-11T08:22:11.760Z","5.1.0",5,"tarball",10929.984,11041.422,"","","","",""
1623427787402,"2021-06-11T16:09:47.402Z","5.1.0",5,"info",831.459,865.083,"","","","",""
1623427788528,"2021-06-11T16:09:48.528Z","3.13.1",3,"info",830.771,833.625,"","","","",""
1623427801302,"2021-06-11T16:10:01.302Z","4.12.1",4,"info",925.662,934.367,"","","","",""
1623428081499,"2021-06-11T16:14:41.499Z","4.12.1",4,"tarball",12197.08,12301.173,"","","","",""
1623428161283,"2021-06-11T16:16:01.283Z","5.1.0",5,"tarball",16115.62,16320.758,"","","","",""
1623428199405,"2021-06-11T16:16:39.405Z","3.13.1",3,"tarball",17875.777,18786.536,"","","","",""
1623456745483,"2021-06-12T00:12:25.483Z","4.12.1",4,"info",836.401,835.859,"","","","",""
1623456750582,"2021-06-12T00:12:30.582Z","3.13.1",3,"info",1110.936,1108.48,"","","","",""
1623456784813,"2021-06-12T00:13:04.813Z","5.1.0",5,"info",1144.566,1166.773,"","","","",""
1623457032339,"2021-06-12T00:17:12.339Z","3.13.1",3,"tarball",11839.686,11916.563,"","","","",""
1623457106369,"2021-06-12T00:18:26.369Z","5.1.0",5,"tarball",15711.937,15916.087,"","","","",""
1623457132389,"2021-06-12T00:18:52.389Z","4.12.1",4,"tarball",14899.311,15118.165,"","","","",""
1623485382431,"2021-06-12T08:09:42.431Z","5.1.0",5,"info",846.699,856.777,"","","","",""
1623485384133,"2021-06-12T08:09:44.133Z","4.12.1",4,"info",859.618,880.34,"","","","",""
1623485384460,"2021-06-12T08:09:44.460Z","3.13.1",3,"info",852.521,877.253,"","","","",""
1623485653728,"2021-06-12T08:14:13.728Z","3.13.1",3,"tarball",10728.699,10791.731,"","","","",""
1623485663758,"2021-06-12T08:14:23.758Z","4.12.1",4,"tarball",11516.419,11665.58,"","","","",""
1623485737334,"2021-06-12T08:15:37.334Z","5.1.0",5,"tarball",14289.627,14558.646,"","","","",""
1623514230771,"2021-06-12T16:10:30.771Z","4.12.1",4,"info",847.594,865.596,"","","","",""
1623514236905,"2021-06-12T16:10:36.905Z","5.1.0",5,"info",936.22,970.7,"","","","",""
1623514241488,"2021-06-12T16:10:41.488Z","3.13.1",3,"info",1063.88,1090.801,"","","","",""
1623514513124,"2021-06-12T16:15:13.124Z","5.1.0",5,"tarball",11718.706,12082.446,"","","","",""
1623514539959,"2021-06-12T16:15:39.959Z","4.12.1",4,"tarball",13898.465,13974.305,"","","","",""
1623514543439,"2021-06-12T16:15:43.439Z","3.13.1",3,"tarball",14078.612,14193.586,"","","","",""
1623543215068,"2021-06-13T00:13:35.068Z","5.1.0",5,"info",1094.948,1090.232,"","","","",""
1623543227373,"2021-06-13T00:13:47.373Z","3.13.1",3,"info",915.109,920.981,"","","","",""
1623543237563,"2021-06-13T00:13:57.563Z","4.12.1",4,"info",922.068,964.669,"","","","",""
1623543489631,"2021-06-13T00:18:09.631Z","3.13.1",3,"tarball",10667.207,10828.913,"","","","",""
1623543507426,"2021-06-13T00:18:27.426Z","5.1.0",5,"tarball",12109.442,12199.57,"","","","",""
1623543550676,"2021-06-13T00:19:10.676Z","4.12.1",4,"tarball",14332.329,14398.371,"","","","",""
1623571726350,"2021-06-13T08:08:46.350Z","3.13.1",3,"info",953.686,971.034,"","","","",""
1623571731547,"2021-06-13T08:08:51.547Z","5.1.0",5,"info",1092.027,1076.802,"","","","",""
1623571737554,"2021-06-13T08:08:57.554Z","4.12.1",4,"info",1083.224,1106.259,"","","","",""
1623572038031,"2021-06-13T08:13:58.031Z","5.1.0",5,"tarball",13933.905,14070.882,"","","","",""
1623572062904,"2021-06-13T08:14:22.904Z","4.12.1",4,"tarball",15461.232,16249.365,"","","","",""
1623572115255,"2021-06-13T08:15:15.255Z","3.13.1",3,"tarball",16753.343,16961.398,"","","","",""
1623600577187,"2021-06-13T16:09:37.187Z","4.12.1",4,"info",915.513,942.583,"","","","",""
1623600580128,"2021-06-13T16:09:40.128Z","3.13.1",3,"info",975.17,994.472,"","","","",""
1623600600033,"2021-06-13T16:10:00.033Z","5.1.0",5,"info",998.866,1042.83,"","","","",""
1623600883177,"2021-06-13T16:14:43.177Z","4.12.1",4,"tarball",12120.803,12285.675,"","","","",""
1623600899387,"2021-06-13T16:14:59.387Z","3.13.1",3,"tarball",13450.544,13466.589,"","","","",""
1623600927983,"2021-06-13T16:15:27.983Z","5.1.0",5,"tarball",15874.167,15942.329,"","","","",""
1623629569050,"2021-06-14T00:12:49.050Z","5.1.0",5,"info",963.804,984.963,"","","","",""
1623629577491,"2021-06-14T00:12:57.491Z","4.12.1",4,"info",1041.009,1055.267,"","","","",""
1623629583762,"2021-06-14T00:13:03.762Z","3.13.1",3,"info",1155.281,1179.777,"","","","",""
1623629843038,"2021-06-14T00:17:23.038Z","4.12.1",4,"tarball",10863.802,10946.922,"","","","",""
1623629900413,"2021-06-14T00:18:20.413Z","5.1.0",5,"tarball",15239.242,15146.399,"","","","",""
1623629935143,"2021-06-14T00:18:55.143Z","3.13.1",3,"tarball",16128.61,16234.174,"","","","",""
1623658596774,"2021-06-14T08:16:36.774Z","4.12.1",4,"info",791.259,812.524,"","","","",""
1623658606612,"2021-06-14T08:16:46.612Z","3.13.1",3,"info",884.812,910.301,"","","","",""
1623658629080,"2021-06-14T08:17:09.080Z","5.1.0",5,"info",1062.268,1079.846,"","","","",""
1623658879294,"2021-06-14T08:21:19.294Z","5.1.0",5,"tarball",12099.893,12145.194,"","","","",""
1623658880320,"2021-06-14T08:21:20.320Z","4.12.1",4,"tarball",13030.417,13119.483,"","","","",""
1623658926979,"2021-06-14T08:22:06.979Z","3.13.1",3,"tarball",14166.551,14543.466,"","","","",""
1623687324965,"2021-06-14T16:15:24.965Z","3.13.1",3,"info",849.469,869.013,"","","","",""
1623687329044,"2021-06-14T16:15:29.044Z","4.12.1",4,"info",803.975,804.331,"","","","",""
1623687336146,"2021-06-14T16:15:36.146Z","5.1.0",5,"info",930.721,957.196,"","","","",""
1623687621729,"2021-06-14T16:20:21.729Z","4.12.1",4,"tarball",10845.697,10876.719,"","","","",""
1623687632566,"2021-06-14T16:20:32.566Z","3.13.1",3,"tarball",11491.499,11601.408,"","","","",""
1623687693308,"2021-06-14T16:21:33.308Z","5.1.0",5,"tarball",16099.911,16215.566,"","","","",""
1623715975535,"2021-06-15T00:12:55.535Z","5.1.0",5,"info",846.977,844.394,"","","","",""
1623716053565,"2021-06-15T00:14:13.565Z","3.13.1",3,"info",832.105,839.594,"","","","",""
1623716148509,"2021-06-15T00:15:48.509Z","4.12.1",4,"info",1116,1129.648,"","","","",""
1623716301911,"2021-06-15T00:18:21.911Z","5.1.0",5,"tarball",13025.257,13106.599,"","","","",""
1623716318187,"2021-06-15T00:18:38.187Z","4.12.1",4,"tarball",12616.126,12779.877,"","","","",""
1623716324338,"2021-06-15T00:18:44.338Z","3.13.1",3,"tarball",12758.267,12915.399,"","","","",""
1623745073959,"2021-06-15T08:17:53.959Z","3.13.1",3,"info",843.278,885.566,"","","","",""
1623745078868,"2021-06-15T08:17:58.868Z","4.12.1",4,"info",998.833,1015.54,"","","","",""
1623745081535,"2021-06-15T08:18:01.535Z","5.1.0",5,"info",1049.913,1099.907,"","","","",""
1623745303414,"2021-06-15T08:21:43.414Z","3.13.1",3,"tarball",11151.786,11166.173,"","","","",""
1623745305518,"2021-06-15T08:21:45.518Z","4.12.1",4,"tarball",11207.606,11331.864,"","","","",""
1623745358201,"2021-06-15T08:22:38.201Z","5.1.0",5,"tarball",12878.706,13033.498,"","","","",""
1623773417075,"2021-06-15T16:10:17.075Z","5.1.0",5,"info",842.301,863.615,"","","","",""
1623773434446,"2021-06-15T16:10:34.446Z","4.12.1",4,"info",1077.237,1075.945,"","","","",""
1623773444079,"2021-06-15T16:10:44.079Z","3.13.1",3,"info",1169.115,1162.868,"","","","",""
1623773674265,"2021-06-15T16:14:34.265Z","4.12.1",4,"tarball",10833.771,10773.532,"","","","",""
1623773764791,"2021-06-15T16:16:04.791Z","5.1.0",5,"tarball",15481.097,15603.037,"","","","",""
1623773782575,"2021-06-15T16:16:22.575Z","3.13.1",3,"tarball",15393.607,16040.708,"","","","",""
1623802309923,"2021-06-16T00:11:49.923Z","3.13.1",3,"info",1064.358,1064.841,"","","","",""
1623802321129,"2021-06-16T00:12:01.129Z","4.12.1",4,"info",1178.62,1196.759,"","","","",""
1623802412923,"2021-06-16T00:13:32.923Z","5.1.0",5,"info",956.515,1013.082,"","","","",""
1623802570561,"2021-06-16T00:16:10.561Z","4.12.1",4,"tarball",11987.542,12014.929,"","","","",""
1623802583116,"2021-06-16T00:16:23.116Z","5.1.0",5,"tarball",12743.431,12805.713,"","","","",""
1623802604133,"2021-06-16T00:16:44.133Z","3.13.1",3,"tarball",13443.824,13506.567,"","","","",""
1623830984779,"2021-06-16T08:09:44.779Z","5.1.0",5,"info",1034.406,1066.508,"","","","",""
1623830987558,"2021-06-16T08:09:47.558Z","3.13.1",3,"info",1218.11,1241.962,"","","","",""
1623830994755,"2021-06-16T08:09:54.755Z","4.12.1",4,"info",931.388,990.854,"","","","",""
1623831252580,"2021-06-16T08:14:12.580Z","5.1.0",5,"tarball",11456.596,11600.291,"","","","",""
1623831259167,"2021-06-16T08:14:19.167Z","4.12.1",4,"tarball",11961.294,12096.15,"","","","",""
1623831277284,"2021-06-16T08:14:37.284Z","3.13.1",3,"tarball",13365.707,13440.179,"","","","",""
1623860097365,"2021-06-16T16:14:57.365Z","4.12.1",4,"info",849.952,852.635,"","","","",""
1623860124303,"2021-06-16T16:15:24.303Z","3.13.1",3,"info",862.923,874.12,"","","","",""
1623860139315,"2021-06-16T16:15:39.315Z","5.1.0",5,"info",1210.939,1242.717,"","","","",""
1623860369033,"2021-06-16T16:19:29.033Z","5.1.0",5,"tarball",10849.848,10816.262,"","","","",""
1623860371676,"2021-06-16T16:19:31.676Z","3.13.1",3,"tarball",10783.063,10895.937,"","","","",""
1623860450777,"2021-06-16T16:20:50.777Z","4.12.1",4,"tarball",14678.435,14840.947,"","","","",""
1623888698993,"2021-06-17T00:11:38.993Z","3.13.1",3,"info",944.791,967.558,"","","","",""
1623888702429,"2021-06-17T00:11:42.429Z","5.1.0",5,"info",1173.684,1213.96,"","","","",""
1623888736835,"2021-06-17T00:12:16.835Z","4.12.1",4,"info",1351.879,1392.248,"","","","",""
1623888946399,"2021-06-17T00:15:46.399Z","5.1.0",5,"tarball",10659.467,10684.176,"","","","",""
1623888959197,"2021-06-17T00:15:59.197Z","3.13.1",3,"tarball",11430.293,11465.413,"","","","",""
1623889063139,"2021-06-17T00:17:43.139Z","4.12.1",4,"tarball",15318.702,15543.29,"","","","",""
1623918007938,"2021-06-17T08:20:07.938Z","3.13.1",3,"info",934.873,963.611,"","","","",""
1623918031779,"2021-06-17T08:20:31.779Z","4.12.1",4,"info",1086.047,1100.299,"","","","",""
1623918088508,"2021-06-17T08:21:28.508Z","5.1.0",5,"info",1069.183,1089.249,"","","","",""
1623918275252,"2021-06-17T08:24:35.252Z","5.1.0",5,"tarball",13336.903,13417.196,"","","","",""
1623918322049,"2021-06-17T08:25:22.049Z","4.12.1",4,"tarball",13261.275,13339.308,"","","","",""
1623918349577,"2021-06-17T08:25:49.577Z","3.13.1",3,"tarball",15477.127,15641.469,"","","","",""
1623946657886,"2021-06-17T16:17:37.886Z","3.13.1",3,"info",843.985,882.321,"","","","",""
1623946662886,"2021-06-17T16:17:42.886Z","5.1.0",5,"info",1139.863,1138.506,"","","","",""
1623946670371,"2021-06-17T16:17:50.371Z","4.12.1",4,"info",835.069,840.495,"","","","",""
1623946916820,"2021-06-17T16:21:56.820Z","5.1.0",5,"tarball",11785.069,11803.999,"","","","",""
1623946970300,"2021-06-17T16:22:50.300Z","4.12.1",4,"tarball",14537.999,14595.991,"","","","",""
1623946980728,"2021-06-17T16:23:00.728Z","3.13.1",3,"tarball",15345.299,15364.873,"","","","",""
1623975082148,"2021-06-18T00:11:22.148Z","5.1.0",5,"info",830.006,828.754,"","","","",""
1623975095217,"2021-06-18T00:11:35.217Z","4.12.1",4,"info",1011.048,1020.805,"","","","",""
1623975105371,"2021-06-18T00:11:45.371Z","3.13.1",3,"info",1142.482,1138.753,"","","","",""
1623975349760,"2021-06-18T00:15:49.760Z","4.12.1",4,"tarball",11104.439,11153.313,"","","","",""
1623975351089,"2021-06-18T00:15:51.089Z","5.1.0",5,"tarball",11273.099,11318.976,"","","","",""
1623975380614,"2021-06-18T00:16:20.614Z","3.13.1",3,"tarball",13302.445,13329.937,"","","","",""
1624003767193,"2021-06-18T08:09:27.193Z","5.1.0",5,"info",925.25,954.535,"","","","",""
1624003784582,"2021-06-18T08:09:44.582Z","4.12.1",4,"info",943.468,980.195,"","","","",""
1624003788096,"2021-06-18T08:09:48.096Z","3.13.1",3,"info",1171.17,1215.607,"","","","",""
1624004024376,"2021-06-18T08:13:44.376Z","4.12.1",4,"tarball",10403.284,10459.877,"","","","",""
1624004046130,"2021-06-18T08:14:06.130Z","3.13.1",3,"tarball",12028.199,12077.111,"","","","",""
1624004079732,"2021-06-18T08:14:39.732Z","5.1.0",5,"tarball",13758.304,13799.091,"","","","",""
1624061459024,"2021-06-19T00:10:59.024Z","4.12.1",4,"info",1099.845,1097.721,"","","","",""
1624061478507,"2021-06-19T00:11:18.507Z","5.1.0",5,"info",1033.849,1025.789,"","","","",""
1624061497776,"2021-06-19T00:11:37.776Z","3.13.1",3,"info",1241.796,1307.541,"","","","",""
1624061717129,"2021-06-19T00:15:17.129Z","3.13.1",3,"tarball",11256.699,11345.719,"","","","",""
1624061750207,"2021-06-19T00:15:50.207Z","5.1.0",5,"tarball",11941.916,11998.803,"","","","",""
1624061781414,"2021-06-19T00:16:21.414Z","4.12.1",4,"tarball",15034.08,15093.339,"","","","",""
1624090148498,"2021-06-19T08:09:08.498Z","5.1.0",5,"info",897.582,907.782,"","","","",""
1624090157154,"2021-06-19T08:09:17.154Z","3.13.1",3,"info",902.249,936.392,"","","","",""
1624090161375,"2021-06-19T08:09:21.375Z","4.12.1",4,"info",951.593,962.731,"","","","",""
1624090410507,"2021-06-19T08:13:30.507Z","3.13.1",3,"tarball",10829.398,11014.38,"","","","",""
1624090468029,"2021-06-19T08:14:28.029Z","4.12.1",4,"tarball",14342.287,14475.367,"","","","",""
1624090503879,"2021-06-19T08:15:03.879Z","5.1.0",5,"tarball",16403.941,16559.653,"","","","",""
1624118920606,"2021-06-19T16:08:40.606Z","3.13.1",3,"info",835.026,837.775,"","","","",""
1624118928091,"2021-06-19T16:08:48.091Z","5.1.0",5,"info",862.181,1280.494,"","","","",""
1624118939720,"2021-06-19T16:08:59.720Z","4.12.1",4,"info",1079.96,1089.166,"","","","",""
1624119183297,"2021-06-19T16:13:03.297Z","4.12.1",4,"tarball",11165.875,11507.084,"","","","",""
1624119187343,"2021-06-19T16:13:07.343Z","5.1.0",5,"tarball",11249.3,11723.86,"","","","",""
1624119250910,"2021-06-19T16:14:10.910Z","3.13.1",3,"tarball",14551.442,15115.506,"","","","",""
1624152897856,"2021-06-20T01:34:57.856Z","5.1.0",5,"info",1069.879,1060.824,"","","","",""
1624152901900,"2021-06-20T01:35:01.900Z","4.12.1",4,"info",843.252,881.55,"","","","",""
1624152911898,"2021-06-20T01:35:11.898Z","3.13.1",3,"info",1164.826,1164.008,"","","","",""
1624153167741,"2021-06-20T01:39:27.741Z","5.1.0",5,"tarball",12242.82,12343.418,"","","","",""
1624153185032,"2021-06-20T01:39:45.032Z","3.13.1",3,"tarball",12950.931,12957.651,"","","","",""
1624153207200,"2021-06-20T01:40:07.200Z","4.12.1",4,"tarball",13791.842,13996.468,"","","","",""
1624239278053,"2021-06-21T01:34:38.053Z","3.13.1",3,"info",987.94,975.688,"","","","",""
1624239288867,"2021-06-21T01:34:48.867Z","4.12.1",4,"info",1068.484,1076.868,"","","","",""
1624239289987,"2021-06-21T01:34:49.987Z","5.1.0",5,"info",1207.525,1227.425,"","","","",""
1624239626478,"2021-06-21T01:40:26.478Z","3.13.1",3,"tarball",13196.198,13412.081,"","","","",""
1624239631026,"2021-06-21T01:40:31.026Z","5.1.0",5,"tarball",13561.617,13722.838,"","","","",""
1624239661437,"2021-06-21T01:41:01.437Z","4.12.1",4,"tarball",15502.081,16174.59,"","","","",""
1624325520882,"2021-06-22T01:32:00.882Z","5.1.0",5,"info",837.167,835.54,"","","","",""
1624325529837,"2021-06-22T01:32:09.837Z","3.13.1",3,"info",855.119,881.587,"","","","",""
1624325535525,"2021-06-22T01:32:15.525Z","4.12.1",4,"info",1081.654,1087.617,"","","","",""
1624325835274,"2021-06-22T01:37:15.274Z","4.12.1",4,"tarball",12944.076,13000.806,"","","","",""
1624325851465,"2021-06-22T01:37:31.465Z","3.13.1",3,"tarball",14029.599,14137.487,"","","","",""
1624325870414,"2021-06-22T01:37:50.414Z","5.1.0",5,"tarball",15702.573,15688.797,"","","","",""
1624411720657,"2021-06-23T01:28:40.657Z","5.1.0",5,"info",793.166,791.493,"","","","",""
1624411727036,"2021-06-23T01:28:47.036Z","3.13.1",3,"info",836.922,840.071,"","","","",""
1624411727212,"2021-06-23T01:28:47.212Z","4.12.1",4,"info",837.595,847.353,"","","","",""
1624412004704,"2021-06-23T01:33:24.704Z","3.13.1",3,"tarball",11136.617,11256.162,"","","","",""
1624412051638,"2021-06-23T01:34:11.638Z","5.1.0",5,"tarball",14793.065,14865.415,"","","","",""
1624412084413,"2021-06-23T01:34:44.413Z","4.12.1",4,"tarball",16649.99,17406.082,"","","","",""
1624498136036,"2021-06-24T01:28:56.036Z","5.1.0",5,"info",843.631,838.521,"","","","",""
1624498143421,"2021-06-24T01:29:03.421Z","4.12.2",4,"info",910.789,905.095,"","","","",""
1624498144353,"2021-06-24T01:29:04.353Z","3.13.1",3,"info",922.403,945.509,"","","","",""
1624498431981,"2021-06-24T01:33:51.981Z","5.1.0",5,"tarball",12655.954,13287.527,"","","","",""
1624498449530,"2021-06-24T01:34:09.530Z","4.12.2",4,"tarball",13358.437,13929.455,"","","","",""
1624498455237,"2021-06-24T01:34:15.237Z","3.13.1",3,"tarball",15024.332,15074.717,"","","","",""
1624584769078,"2021-06-25T01:32:49.078Z","4.12.2",4,"info",949.553,958.48,"","","","",""
1624584776349,"2021-06-25T01:32:56.349Z","3.13.1",3,"info",1072.97,1083.833,"","","","",""
1624584790956,"2021-06-25T01:33:10.956Z","5.1.0",5,"info",1159.14,1172.123,"","","","",""
1624585033508,"2021-06-25T01:37:13.508Z","5.1.0",5,"tarball",11683.619,11854.3,"","","","",""
1624585055655,"2021-06-25T01:37:35.655Z","3.13.1",3,"tarball",13375.599,13511.425,"","","","",""
1624585068217,"2021-06-25T01:37:48.217Z","4.12.2",4,"tarball",13708.637,13756.745,"","","","",""
1624670998958,"2021-06-26T01:29:58.958Z","4.12.2",4,"info",833.485,833.125,"","","","",""
1624671014213,"2021-06-26T01:30:14.213Z","3.13.1",3,"info",929.965,943.644,"","","","",""
1624671020913,"2021-06-26T01:30:20.913Z","5.1.0",5,"info",1010.303,1056.094,"","","","",""
1624671274837,"2021-06-26T01:34:34.837Z","4.12.2",4,"tarball",11599.304,11669.781,"","","","",""
1624671278832,"2021-06-26T01:34:38.832Z","5.1.0",5,"tarball",11870.323,11934.939,"","","","",""
1624671279601,"2021-06-26T01:34:39.601Z","3.13.1",3,"tarball",11603.038,12095.263,"","","","",""
1624757630489,"2021-06-27T01:33:50.489Z","5.1.0",5,"info",1223.767,1220.974,"","","","",""
1624757634485,"2021-06-27T01:33:54.485Z","4.12.2",4,"info",1160.086,1154.183,"","","","",""
1624757634505,"2021-06-27T01:33:54.505Z","3.13.1",3,"info",985.004,981.61,"","","","",""
1624757913648,"2021-06-27T01:38:33.648Z","3.13.1",3,"tarball",13093.094,13162.826,"","","","",""
1624757942692,"2021-06-27T01:39:02.692Z","4.12.2",4,"tarball",14927.855,15077.394,"","","","",""
1624843956630,"2021-06-28T01:32:36.630Z","5.1.0",5,"info",979.893,1003.1,"","","","",""
1624843964674,"2021-06-28T01:32:44.674Z","3.13.1",3,"info",1011.889,1028.554,"","","","",""
1624843971264,"2021-06-28T01:32:51.264Z","4.12.2",4,"info",1225.712,1253.03,"","","","",""
1624844270977,"2021-06-28T01:37:50.977Z","5.1.0",5,"tarball",14336.454,14593.18,"","","","",""
1624844280413,"2021-06-28T01:38:00.413Z","3.13.1",3,"tarball",15510.2,15630.682,"","","","",""
1624844323819,"2021-06-28T01:38:43.819Z","4.12.2",4,"tarball",16462.998,17982.915,"","","","",""
1624930223812,"2021-06-29T01:30:23.812Z","4.12.2",4,"info",883.83,883.489,"","","","",""
1624930232137,"2021-06-29T01:30:32.137Z","3.13.1",3,"info",941.804,941.53,"","","","",""
1624930235227,"2021-06-29T01:30:35.227Z","5.1.0",5,"info",967.265,975.665,"","","","",""
1624930516391,"2021-06-29T01:35:16.391Z","4.12.2",4,"tarball",13474.769,13603.25,"","","","",""
1624930518961,"2021-06-29T01:35:18.961Z","5.1.0",5,"tarball",13657.245,13731.366,"","","","",""
1624930564585,"2021-06-29T01:36:04.585Z","3.13.1",3,"tarball",16140.044,16173.805,"","","","",""
1625016764625,"2021-06-30T01:32:44.625Z","5.1.0",5,"info",851.691,898.932,"","","","",""
1625016767217,"2021-06-30T01:32:47.217Z","3.13.1",3,"info",971.478,1037.127,"","","","",""
1625016788672,"2021-06-30T01:33:08.672Z","4.12.2",4,"info",1240.605,1267.83,"","","","",""
1625017074004,"2021-06-30T01:37:54.004Z","5.1.0",5,"tarball",13746.751,13758.818,"","","","",""
1625017106119,"2021-06-30T01:38:26.119Z","4.12.2",4,"tarball",16451.103,16586.127,"","","","",""
1625017165591,"2021-06-30T01:39:25.591Z","3.13.1",3,"tarball",18134.034,18272.465,"","","","",""
1625103149747,"2021-07-01T01:32:29.747Z","3.13.1",3,"info",843.145,847.82,"","","","",""
1625103166303,"2021-07-01T01:32:46.303Z","4.12.2",4,"info",1122.864,1138.667,"","","","",""
1625103171540,"2021-07-01T01:32:51.540Z","5.1.0",5,"info",1086.095,1163.181,"","","","",""
1625103438144,"2021-07-01T01:37:18.144Z","5.1.0",5,"tarball",13301.888,13418.16,"","","","",""
1625103494104,"2021-07-01T01:38:14.104Z","4.12.2",4,"tarball",15797.776,15858.023,"","","","",""
1625103530376,"2021-07-01T01:38:50.376Z","3.13.1",3,"tarball",16337.928,16600.484,"","","","",""
1625189552836,"2021-07-02T01:32:32.836Z","3.13.1",3,"info",920.335,943.392,"","","","",""
1625189563923,"2021-07-02T01:32:43.923Z","4.12.2",4,"info",1164.626,1164.527,"","","","",""
1625189568107,"2021-07-02T01:32:48.107Z","5.1.0",5,"info",971.953,972.061,"","","","",""
1625189901230,"2021-07-02T01:38:21.230Z","4.12.2",4,"tarball",16253.918,16378.738,"","","","",""
1625189927489,"2021-07-02T01:38:47.489Z","5.1.0",5,"tarball",17112.291,18016.037,"","","","",""
1625189945202,"2021-07-02T01:39:05.202Z","3.13.1",3,"tarball",16552.98,16791.186,"","","","",""
1625275808414,"2021-07-03T01:30:08.414Z","3.13.1",3,"info",957.791,997.135,"","","","",""
1625275812552,"2021-07-03T01:30:12.552Z","5.1.0",5,"info",1076.326,1094.783,"","","","",""
1625275817883,"2021-07-03T01:30:17.883Z","4.12.2",4,"info",1082.236,1099.058,"","","","",""
1625276044615,"2021-07-03T01:34:04.615Z","3.13.1",3,"tarball",11931.474,12459.256,"","","","",""
1625276104263,"2021-07-03T01:35:04.263Z","4.12.2",4,"tarball",13380.363,13489.499,"","","","",""
1625276122702,"2021-07-03T01:35:22.702Z","5.1.0",5,"tarball",14310.882,14396.579,"","","","",""
1625362265210,"2021-07-04T01:31:05.210Z","3.13.1",3,"info",803.361,818.165,"","","","",""
1625362290873,"2021-07-04T01:31:30.873Z","5.1.0",5,"info",1132.108,1149.395,"","","","",""
1625362312781,"2021-07-04T01:31:52.781Z","4.12.2",4,"info",937.502,1027.285,"","","","",""
1625362550642,"2021-07-04T01:35:50.642Z","4.12.2",4,"tarball",11862.777,11871.742,"","","","",""
1625362575394,"2021-07-04T01:36:15.394Z","5.1.0",5,"tarball",13702.381,13783.144,"","","","",""
1625362607653,"2021-07-04T01:36:47.653Z","3.13.1",3,"tarball",16241.732,16319.879,"","","","",""
1625448711940,"2021-07-05T01:31:51.940Z","4.12.2",4,"info",928.363,957.433,"","","","",""
1625448713405,"2021-07-05T01:31:53.405Z","5.1.0",5,"info",882.264,968.222,"","","","",""
1625448729695,"2021-07-05T01:32:09.695Z","3.13.1",3,"info",1087.813,1089.817,"","","","",""
1625448950988,"2021-07-05T01:35:50.988Z","3.13.1",3,"tarball",11706.797,12154.147,"","","","",""
1625449008486,"2021-07-05T01:36:48.486Z","4.12.2",4,"tarball",13689.687,13793.873,"","","","",""
1625449021658,"2021-07-05T01:37:01.658Z","5.1.0",5,"tarball",14095.229,14216.997,"","","","",""
1625535174444,"2021-07-06T01:32:54.444Z","5.1.0",5,"info",1079.096,1087.75,"","","","",""
1625535179321,"2021-07-06T01:32:59.321Z","4.12.2",4,"info",1134.501,1120.698,"","","","",""
1625535199670,"2021-07-06T01:33:19.670Z","3.13.1",3,"info",1222.511,1290.688,"","","","",""
1625535412467,"2021-07-06T01:36:52.467Z","3.13.1",3,"tarball",11489.364,11546.435,"","","","",""
1625535489653,"2021-07-06T01:38:09.653Z","5.1.0",5,"tarball",15739.39,17073.484,"","","","",""
1625535504389,"2021-07-06T01:38:24.389Z","4.12.2",4,"tarball",13597.607,13706.778,"","","","",""
1625621531048,"2021-07-07T01:32:11.048Z","4.12.2",4,"info",889.496,930.666,"","","","",""
1625621533266,"2021-07-07T01:32:13.266Z","5.1.0",5,"info",978.56,983.322,"","","","",""
1625621549219,"2021-07-07T01:32:29.219Z","3.13.1",3,"info",893.621,915.267,"","","","",""
1625621787296,"2021-07-07T01:36:27.296Z","3.13.1",3,"tarball",12366.041,12399.583,"","","","",""
1625621844597,"2021-07-07T01:37:24.597Z","4.12.2",4,"tarball",13951.387,14091.492,"","","","",""
1625622022077,"2021-07-07T01:40:22.077Z","5.1.0",5,"tarball",16271.692,16471.236,"","","","",""
1625707900814,"2021-07-08T01:31:40.814Z","4.12.2",4,"info",858.019,870.36,"","","","",""
1625707904084,"2021-07-08T01:31:44.084Z","3.13.1",3,"info",853.558,852.289,"","","","",""
1625707923441,"2021-07-08T01:32:03.441Z","5.1.0",5,"info",1109.297,1105.382,"","","","",""
1625708147115,"2021-07-08T01:35:47.115Z","3.13.1",3,"tarball",11513.082,11559.015,"","","","",""
1625708228138,"2021-07-08T01:37:08.138Z","4.12.2",4,"tarball",14364.696,15133.374,"","","","",""
1625708266801,"2021-07-08T01:37:46.801Z","5.1.0",5,"tarball",15587.915,15690.463,"","","","",""
1625794286543,"2021-07-09T01:31:26.543Z","3.13.1",3,"info",852.578,873.276,"","","","",""
1625794308503,"2021-07-09T01:31:48.503Z","5.1.0",5,"info",1202.393,1211.163,"","","","",""
1625794308596,"2021-07-09T01:31:48.596Z","4.12.2",4,"info",1181.249,1242.042,"","","","",""
1625794565829,"2021-07-09T01:36:05.829Z","5.1.0",5,"tarball",11667.183,11753.604,"","","","",""
1625794567403,"2021-07-09T01:36:07.403Z","4.12.2",4,"tarball",11735.904,11798.337,"","","","",""
1625794594803,"2021-07-09T01:36:34.803Z","3.13.1",3,"tarball",12817.388,12740.537,"","","","",""
1625880669832,"2021-07-10T01:31:09.832Z","3.13.1",3,"info",837.884,858.566,"","","","",""
1625880690965,"2021-07-10T01:31:30.965Z","5.1.0",5,"info",1135.49,1171.86,"","","","",""
1625880701537,"2021-07-10T01:31:41.537Z","4.12.2",4,"info",1182.467,1211.918,"","","","",""
1625880908953,"2021-07-10T01:35:08.953Z","5.1.0",5,"tarball",11487.313,11567.666,"","","","",""
1625880997491,"2021-07-10T01:36:37.491Z","3.13.1",3,"tarball",16285.024,16476.676,"","","","",""
1625881060522,"2021-07-10T01:37:40.522Z","4.12.2",4,"tarball",16741.48,17525.557,"","","","",""
1625967161360,"2021-07-11T01:32:41.360Z","3.13.1",3,"info",1053.752,1074.988,"","","","",""
1625967166503,"2021-07-11T01:32:46.503Z","5.1.0",5,"info",1054.014,1078.117,"","","","",""
1625967170532,"2021-07-11T01:32:50.532Z","4.12.2",4,"info",1243.948,1278.595,"","","","",""
1625967430483,"2021-07-11T01:37:10.483Z","3.13.1",3,"tarball",13188.283,13251.644,"","","","",""
1625967430490,"2021-07-11T01:37:10.490Z","4.12.2",4,"tarball",13215.977,13318.198,"","","","",""
1625967498239,"2021-07-11T01:38:18.239Z","5.1.0",5,"tarball",16215.545,16407.646,"","","","",""
1626053545050,"2021-07-12T01:32:25.050Z","4.12.2",4,"info",841.642,869.006,"","","","",""
1626053547935,"2021-07-12T01:32:27.935Z","3.13.1",3,"info",1227.567,1281.903,"","","","",""
1626053565583,"2021-07-12T01:32:45.583Z","5.1.0",5,"info",1237.144,1253.179,"","","","",""
1626053798998,"2021-07-12T01:36:38.998Z","3.13.1",3,"tarball",12145.492,12219.405,"","","","",""
1626053897288,"2021-07-12T01:38:17.288Z","4.12.2",4,"tarball",17238.803,17422.59,"","","","",""
1626053899723,"2021-07-12T01:38:19.723Z","5.1.0",5,"tarball",15744.277,15980.565,"","","","",""
1626140007694,"2021-07-13T01:33:27.694Z","3.13.1",3,"info",1052.195,1070.328,"","","","",""
1626140014801,"2021-07-13T01:33:34.801Z","4.12.2",4,"info",1293.401,1317.164,"","","","",""
1626140015427,"2021-07-13T01:33:35.427Z","5.1.0",5,"info",1070.485,1170.213,"","","","",""
1626140251662,"2021-07-13T01:37:31.662Z","3.13.1",3,"tarball",11800.074,11851.829,"","","","",""
1626140257732,"2021-07-13T01:37:37.732Z","5.1.0",5,"tarball",11620.387,12107.424,"","","","",""
1626140276609,"2021-07-13T01:37:56.609Z","4.12.2",4,"tarball",13275.268,13341.842,"","","","",""
1626226287485,"2021-07-14T01:31:27.485Z","5.1.0",5,"info",965.189,977.619,"","","","",""
1626226295264,"2021-07-14T01:31:35.264Z","4.12.2",4,"info",941.637,954.37,"","","","",""
1626226295480,"2021-07-14T01:31:35.480Z","3.13.1",3,"info",940.27,948.271,"","","","",""
1626226563364,"2021-07-14T01:36:03.364Z","3.13.1",3,"tarball",12760.61,12800.985,"","","","",""
1626226590656,"2021-07-14T01:36:30.656Z","4.12.2",4,"tarball",15328.142,15620.894,"","","","",""
1626226649574,"2021-07-14T01:37:29.574Z","5.1.0",5,"tarball",15911.494,16062.501,"","","","",""
1626312748408,"2021-07-15T01:32:28.408Z","5.1.2",5,"info",870.826,941.651,"","","","",""
1626312759323,"2021-07-15T01:32:39.323Z","4.12.2",4,"info",1041.913,1029.173,"","","","",""
1626312763109,"2021-07-15T01:32:43.109Z","3.13.1",3,"info",964.594,994.259,"","","","",""
1626312995633,"2021-07-15T01:36:35.633Z","3.13.1",3,"tarball",11365.935,11549.692,"","","","",""
1626313012451,"2021-07-15T01:36:52.451Z","5.1.2",5,"tarball",12132.397,12340.297,"","","","",""
1626313136547,"2021-07-15T01:38:56.547Z","4.12.2",4,"tarball",16621.644,16708.203,"","","","",""
1626399167760,"2021-07-16T01:32:47.760Z","4.12.2",4,"info",834.197,849.279,"","","","",""
1626399197232,"2021-07-16T01:33:17.232Z","5.1.2",5,"info",1253.61,1271.237,"","","","",""
1626399201347,"2021-07-16T01:33:21.347Z","3.13.1",3,"info",965.138,1004.797,"","","","",""
1626399455796,"2021-07-16T01:37:35.796Z","3.13.1",3,"tarball",13237.328,13302.914,"","","","",""
1626399455830,"2021-07-16T01:37:35.830Z","5.1.2",5,"tarball",12539.254,12604.443,"","","","",""
1626399493431,"2021-07-16T01:38:13.431Z","4.12.2",4,"tarball",14152.297,14348.608,"","","","",""
1626485429130,"2021-07-17T01:30:29.130Z","4.12.2",4,"info",840.107,1274.109,"","","","",""
1626485437196,"2021-07-17T01:30:37.196Z","3.13.1",3,"info",991.981,1007.746,"","","","",""
1626485453534,"2021-07-17T01:30:53.534Z","5.1.2",5,"info",1213.197,1249.137,"","","","",""
1626485699924,"2021-07-17T01:34:59.924Z","5.1.2",5,"tarball",12993.507,13018.313,"","","","",""
1626485704821,"2021-07-17T01:35:04.821Z","3.13.1",3,"tarball",13270.06,13409.377,"","","","",""
1626485736890,"2021-07-17T01:35:36.890Z","4.12.2",4,"tarball",13282.827,13483.856,"","","","",""
1626571980958,"2021-07-18T01:33:00.958Z","3.13.1",3,"info",838.326,849.474,"","","","",""
1626571994327,"2021-07-18T01:33:14.327Z","5.1.2",5,"info",890.454,904.207,"","","","",""
1626572009100,"2021-07-18T01:33:29.100Z","4.12.2",4,"info",872.384,906.239,"","","","",""
1626572209590,"2021-07-18T01:36:49.590Z","5.1.2",5,"tarball",11012.678,11059.734,"","","","",""
1626572251574,"2021-07-18T01:37:31.574Z","4.12.2",4,"tarball",12694.516,13202.783,"","","","",""
1626572324360,"2021-07-18T01:38:44.360Z","3.13.1",3,"tarball",14705.205,14880.776,"","","","",""
1626658300627,"2021-07-19T01:31:40.627Z","3.13.1",3,"info",930.506,957.053,"","","","",""
1626658304758,"2021-07-19T01:31:44.758Z","4.12.2",4,"info",900.543,948.026,"","","","",""
1626658312798,"2021-07-19T01:31:52.798Z","5.1.2",5,"info",1193.991,1237.002,"","","","",""
1626658586468,"2021-07-19T01:36:26.468Z","5.1.2",5,"tarball",13540.248,13634.51,"","","","",""
1626658610700,"2021-07-19T01:36:50.700Z","4.12.2",4,"tarball",13506.575,13523.735,"","","","",""
1626658629657,"2021-07-19T01:37:09.657Z","3.13.1",3,"tarball",14484.646,14563.668,"","","","",""
1626744795577,"2021-07-20T01:33:15.577Z","3.13.1",3,"info",861.365,884.027,"","","","",""
1626744810703,"2021-07-20T01:33:30.703Z","5.1.2",5,"info",1150.483,1220.091,"","","","",""
1626744833379,"2021-07-20T01:33:53.379Z","4.12.2",4,"info",1043.349,1041.828,"","","","",""
1626745031467,"2021-07-20T01:37:11.467Z","3.13.1",3,"tarball",10560.38,10886.442,"","","","",""
1626745107873,"2021-07-20T01:38:27.873Z","5.1.2",5,"tarball",13283.991,14214.534,"","","","",""
1626745118798,"2021-07-20T01:38:38.798Z","4.12.2",4,"tarball",13897.172,14161.959,"","","","",""
1626831220994,"2021-07-21T01:33:40.994Z","4.12.2",4,"info",948.488,948.538,"","","","",""
1626831230474,"2021-07-21T01:33:50.474Z","3.13.1",3,"info",1213.535,1215.418,"","","","",""
1626831238260,"2021-07-21T01:33:58.260Z","5.1.2",5,"info",1224.997,1263.223,"","","","",""
1626831467566,"2021-07-21T01:37:47.566Z","5.1.2",5,"tarball",11467.691,11322.76,"","","","",""
1626831477947,"2021-07-21T01:37:57.947Z","3.13.1",3,"tarball",10776.946,11121.336,"","","","",""
1626831553067,"2021-07-21T01:39:13.067Z","4.12.2",4,"tarball",14902.207,15180.113,"","","","",""
1626917567373,"2021-07-22T01:32:47.373Z","5.1.2",5,"info",875.532,936.663,"","","","",""
1626917582033,"2021-07-22T01:33:02.033Z","4.12.2",4,"info",1077.81,1107.773,"","","","",""
1626917592976,"2021-07-22T01:33:12.976Z","3.13.1",3,"info",1270.417,1279.13,"","","","",""
1626917837452,"2021-07-22T01:37:17.452Z","5.1.2",5,"tarball",11889.339,12370.434,"","","","",""
1626917901855,"2021-07-22T01:38:21.855Z","3.13.1",3,"tarball",12998.144,13147.187,"","","","",""
1626917914477,"2021-07-22T01:38:34.477Z","4.12.2",4,"tarball",14418.496,15722.568,"","","","",""
1627004049508,"2021-07-23T01:34:09.508Z","5.1.2",5,"info",949.788,952.589,"","","","",""
1627004051259,"2021-07-23T01:34:11.259Z","3.13.1",3,"info",1031.459,1033.632,"","","","",""
1627004062203,"2021-07-23T01:34:22.203Z","4.12.2",4,"info",1293.88,1330.192,"","","","",""
1627004283954,"2021-07-23T01:38:03.954Z","3.13.1",3,"tarball",11535.696,11810.322,"","","","",""
1627004398609,"2021-07-23T01:39:58.609Z","4.12.2",4,"tarball",14623.536,14727.66,"","","","",""
1627004411058,"2021-07-23T01:40:11.058Z","5.1.2",5,"tarball",15109.331,16181.879,"","","","",""
1627090309089,"2021-07-24T01:31:49.089Z","4.12.2",4,"info",832.003,892.854,"","","","",""
1627090309766,"2021-07-24T01:31:49.766Z","3.13.1",3,"info",885.772,1013.495,"","","","",""
1627090333494,"2021-07-24T01:32:13.494Z","5.1.2",5,"info",1265.603,1307.17,"","","","",""
1627090547957,"2021-07-24T01:35:47.957Z","3.13.1",3,"tarball",10132.553,10595.287,"","","","",""
1627090567961,"2021-07-24T01:36:07.961Z","4.12.2",4,"tarball",11045.539,11518.091,"","","","",""
1627090597986,"2021-07-24T01:36:37.986Z","5.1.2",5,"tarball",12359.638,13815.459,"","","","",""
1627176723429,"2021-07-25T01:32:03.429Z","5.1.2",5,"info",876.203,910.206,"","","","",""
1627176726542,"2021-07-25T01:32:06.542Z","4.12.2",4,"info",1015.653,1033.699,"","","","",""
1627176747675,"2021-07-25T01:32:27.675Z","3.13.1",3,"info",1045.063,1107.191,"","","","",""
1627176993925,"2021-07-25T01:36:33.925Z","4.12.2",4,"tarball",12476.701,12518.24,"","","","",""
1627177001811,"2021-07-25T01:36:41.811Z","5.1.2",5,"tarball",11537.76,11997.938,"","","","",""
1627177070620,"2021-07-25T01:37:50.620Z","3.13.1",3,"tarball",16035.489,16148.846,"","","","",""
1627263262198,"2021-07-26T01:34:22.198Z","5.1.2",5,"info",859.24,877.57,"","","","",""
1627263268087,"2021-07-26T01:34:28.087Z","4.12.2",4,"info",864.119,877.074,"","","","",""
1627263332295,"2021-07-26T01:35:32.295Z","3.13.1",3,"info",1248.481,1252.51,"","","","",""
1627263523032,"2021-07-26T01:38:43.032Z","3.13.1",3,"tarball",12275.257,12756.799,"","","","",""
1627263585044,"2021-07-26T01:39:45.044Z","5.1.2",5,"tarball",12955.635,13370.152,"","","","",""
1627263663545,"2021-07-26T01:41:03.545Z","4.12.2",4,"tarball",16050.808,16960.707,"","","","",""
1627349693220,"2021-07-27T01:34:53.220Z","3.13.1",3,"info",1018.019,1019.386,"","","","",""
1627349697780,"2021-07-27T01:34:57.780Z","4.12.2",4,"info",1185.094,1203.743,"","","","",""
1627349700979,"2021-07-27T01:35:00.979Z","5.1.2",5,"info",981,986.808,"","","","",""
1627349918514,"2021-07-27T01:38:38.514Z","5.1.2",5,"tarball",10787.8,10801.982,"","","","",""
1627350007599,"2021-07-27T01:40:07.599Z","4.12.2",4,"tarball",12747.3,13091.195,"","","","",""
1627350033554,"2021-07-27T01:40:33.554Z","3.13.1",3,"tarball",12457.298,12872.459,"","","","",""
1627436005056,"2021-07-28T01:33:25.056Z","4.12.2",4,"info",845.996,866.499,"","","","",""
1627436035410,"2021-07-28T01:33:55.410Z","3.13.1",3,"info",1345.066,1398.727,"","","","",""
1627436040275,"2021-07-28T01:34:00.275Z","5.1.2",5,"info",1268.029,1330.919,"","","","",""
1627436261029,"2021-07-28T01:37:41.029Z","3.13.1",3,"tarball",10355.828,10736.186,"","","","",""
1627436291666,"2021-07-28T01:38:11.666Z","4.12.2",4,"tarball",11908.138,12306.452,"","","","",""
1627436299807,"2021-07-28T01:38:19.807Z","5.1.2",5,"tarball",12237.58,13154.724,"","","","",""
1627522340993,"2021-07-29T01:32:20.993Z","5.1.2",5,"info",993.74,1142.256,"","","","",""
1627522350162,"2021-07-29T01:32:30.162Z","3.13.1",3,"info",1033.725,1192.334,"","","","",""
1627522352381,"2021-07-29T01:32:32.381Z","4.12.2",4,"info",943.704,1019.975,"","","","",""
1627522593301,"2021-07-29T01:36:33.301Z","4.12.2",4,"tarball",11394.755,11356.561,"","","","",""
1627522593833,"2021-07-29T01:36:33.833Z","3.13.1",3,"tarball",11663.014,11749.879,"","","","",""
1627522696484,"2021-07-29T01:38:16.484Z","5.1.2",5,"tarball",15963.83,16165.523,"","","","",""
1627608829034,"2021-07-30T01:33:49.034Z","4.12.2",4,"info",938.497,962.313,"","","","",""
1627608832965,"2021-07-30T01:33:52.965Z","3.13.1",3,"info",1074.994,1080.444,"","","","",""
1627608852387,"2021-07-30T01:34:12.387Z","5.1.2",5,"info",1109.05,1182.155,"","","","",""
1627609059954,"2021-07-30T01:37:39.954Z","5.1.2",5,"tarball",11168.019,11005.727,"","","","",""
1627609107142,"2021-07-30T01:38:27.142Z","4.12.2",4,"tarball",12222.518,12300.355,"","","","",""
1627609196759,"2021-07-30T01:39:56.759Z","3.13.1",3,"tarball",15538.237,15591.587,"","","","",""
1627695082044,"2021-07-31T01:31:22.044Z","4.12.2",4,"info",958.247,983.066,"","","","",""
1627695085552,"2021-07-31T01:31:25.552Z","3.13.1",3,"info",1045.285,1102.746,"","","","",""
1627695091926,"2021-07-31T01:31:31.926Z","5.1.2",5,"info",951.336,978.151,"","","","",""
1627695344514,"2021-07-31T01:35:44.514Z","3.13.1",3,"tarball",11895.392,11890.575,"","","","",""
1627695372347,"2021-07-31T01:36:12.347Z","5.1.2",5,"tarball",13714.694,13849.316,"","","","",""
1627695421555,"2021-07-31T01:37:01.555Z","4.12.2",4,"tarball",15577.148,15660.281,"","","","",""
1627781634754,"2021-08-01T01:33:54.754Z","3.13.1",3,"info",850.865,910.156,"","","","",""
1627781638098,"2021-08-01T01:33:58.098Z","5.1.2",5,"info",843.068,896.335,"","","","",""
1627781655354,"2021-08-01T01:34:15.354Z","4.12.2",4,"info",1000.424,1049.449,"","","","",""
1627781913106,"2021-08-01T01:38:33.106Z","4.12.2",4,"tarball",11391.516,11454.897,"","","","",""
1627781967269,"2021-08-01T01:39:27.269Z","3.13.1",3,"tarball",13878.901,13973.655,"","","","",""
1627782040131,"2021-08-01T01:40:40.131Z","5.1.2",5,"tarball",15989.505,16825.649,"","","","",""
1627867953082,"2021-08-02T01:32:33.082Z","4.12.2",4,"info",919.391,971.515,"","","","",""
1627867954029,"2021-08-02T01:32:34.029Z","5.1.2",5,"info",1211.35,1250.396,"","","","",""
1627867955558,"2021-08-02T01:32:35.558Z","3.13.1",3,"info",909.796,931.509,"","","","",""
1627868222160,"2021-08-02T01:37:02.160Z","5.1.2",5,"tarball",12985.855,13048.111,"","","","",""
1627868294677,"2021-08-02T01:38:14.677Z","3.13.1",3,"tarball",16017.357,16144.936,"","","","",""
1627868298595,"2021-08-02T01:38:18.595Z","4.12.2",4,"tarball",16596.743,16846.089,"","","","",""
1627954366098,"2021-08-03T01:32:46.098Z","4.12.2",4,"info",937.11,961.186,"","","","",""
1627954371599,"2021-08-03T01:32:51.599Z","5.1.2",5,"info",1130.992,1143.837,"","","","",""
1627954381552,"2021-08-03T01:33:01.552Z","3.13.1",3,"info",1141.029,1157.052,"","","","",""
1627954656394,"2021-08-03T01:37:36.394Z","4.12.2",4,"tarball",13710.566,13720.855,"","","","",""
1627954659559,"2021-08-03T01:37:39.559Z","5.1.2",5,"tarball",13945.855,14057.35,"","","","",""
1627954721733,"2021-08-03T01:38:41.733Z","3.13.1",3,"tarball",16692.23,16815.266,"","","","",""
1628040716434,"2021-08-04T01:31:56.434Z","3.13.1",3,"info",995.964,1054.07,"","","","",""
1628040722818,"2021-08-04T01:32:02.818Z","5.1.2",5,"info",1086.492,1130.983,"","","","",""
1628040741647,"2021-08-04T01:32:21.647Z","4.12.2",4,"info",1395.579,1468.947,"","","","",""
1628040996642,"2021-08-04T01:36:36.642Z","4.12.2",4,"tarball",11798.123,12693.923,"","","","",""
1628041042467,"2021-08-04T01:37:22.467Z","3.13.1",3,"tarball",14315.865,14419.569,"","","","",""
1628041068026,"2021-08-04T01:37:48.026Z","5.1.2",5,"tarball",15136.798,15245.106,"","","","",""
1628127049919,"2021-08-05T01:30:49.919Z","5.1.2",5,"info",1047.948,1052.102,"","","","",""
1628127056209,"2021-08-05T01:30:56.209Z","3.13.1",3,"info",907.084,939.79,"","","","",""
1628127058060,"2021-08-05T01:30:58.060Z","4.12.2",4,"info",1258.255,1259.448,"","","","",""
1628127314843,"2021-08-05T01:35:14.843Z","3.13.1",3,"tarball",11603.743,11689.61,"","","","",""
1628127393204,"2021-08-05T01:36:33.204Z","5.1.2",5,"tarball",15507.091,15513.281,"","","","",""
1628127442072,"2021-08-05T01:37:22.072Z","4.12.2",4,"tarball",16471.305,16697.384,"","","","",""
1628213496237,"2021-08-06T01:31:36.237Z","3.13.1",3,"info",914.815,938.944,"","","","",""
1628213508508,"2021-08-06T01:31:48.508Z","4.12.2",4,"info",1091.24,1136.03,"","","","",""
1628213514120,"2021-08-06T01:31:54.120Z","5.1.2",5,"info",1281.798,1291.974,"","","","",""
1628213792093,"2021-08-06T01:36:32.093Z","4.12.2",4,"tarball",12812.895,13463.309,"","","","",""
1628213852764,"2021-08-06T01:37:32.764Z","3.13.1",3,"tarball",16681.271,18793.518,"","","","",""
1628299672391,"2021-08-07T01:27:52.391Z","4.12.2",4,"info",860.981,861.094,"","","","",""
1628299696116,"2021-08-07T01:28:16.116Z","5.1.2",5,"info",1144.948,1152.229,"","","","",""
1628299699018,"2021-08-07T01:28:19.018Z","3.13.1",3,"info",1349.384,1352.248,"","","","",""
1628299968592,"2021-08-07T01:32:48.592Z","5.1.2",5,"tarball",11724.349,12369.245,"","","","",""
1628299968834,"2021-08-07T01:32:48.834Z","4.12.2",4,"tarball",11747.56,12335.044,"","","","",""
1628300001717,"2021-08-07T01:33:21.717Z","3.13.1",3,"tarball",13981.982,14998.468,"","","","",""
1628386249582,"2021-08-08T01:30:49.582Z","5.1.2",5,"info",820.656,868.173,"","","","",""
1628386253294,"2021-08-08T01:30:53.294Z","3.13.1",3,"info",905.987,938.068,"","","","",""
1628386260195,"2021-08-08T01:31:00.195Z","4.12.2",4,"info",1035.3,1044.449,"","","","",""
1628386529093,"2021-08-08T01:35:29.093Z","5.1.2",5,"tarball",11649.441,12281.15,"","","","",""
1628386619385,"2021-08-08T01:36:59.385Z","3.13.1",3,"tarball",15626.855,15864.085,"","","","",""
1628386652549,"2021-08-08T01:37:32.549Z","4.12.2",4,"tarball",16886.148,18285.132,"","","","",""
1628472652516,"2021-08-09T01:30:52.516Z","3.13.1",3,"info",915.711,945.633,"","","","",""
1628472653903,"2021-08-09T01:30:53.903Z","5.1.2",5,"info",1056.315,1073.08,"","","","",""
1628472663688,"2021-08-09T01:31:03.688Z","4.12.2",4,"info",947.915,971.533,"","","","",""
1628472928294,"2021-08-09T01:35:28.294Z","4.12.2",4,"tarball",11522.148,11687.784,"","","","",""
1628472968868,"2021-08-09T01:36:08.868Z","3.13.1",3,"tarball",14478.791,14923.811,"","","","",""
1628473009196,"2021-08-09T01:36:49.196Z","5.1.2",5,"tarball",16950.163,17023.743,"","","","",""
1628559139099,"2021-08-10T01:32:19.099Z","5.1.2",5,"info",956.056,982.25,"","","","",""
1628559147112,"2021-08-10T01:32:27.112Z","3.13.1",3,"info",1271.516,1386.909,"","","","",""
1628559150960,"2021-08-10T01:32:30.960Z","4.12.2",4,"info",1277.903,1392.218,"","","","",""
1628559448109,"2021-08-10T01:37:28.109Z","5.1.2",5,"tarball",15256.99,15827.016,"","","","",""
1628559497797,"2021-08-10T01:38:17.797Z","3.13.1",3,"tarball",16143.367,17470.417,"","","","",""
1628559524943,"2021-08-10T01:38:44.943Z","4.12.2",4,"tarball",15298.444,17570.685,"","","","",""
1628645415575,"2021-08-11T01:30:15.575Z","4.12.2",4,"info",837.497,962.078,"","","","",""
1628645422138,"2021-08-11T01:30:22.138Z","3.13.1",3,"info",839.282,877.352,"","","","",""
1628645437098,"2021-08-11T01:30:37.098Z","5.1.2",5,"info",1240.753,1271.245,"","","","",""
1628645704636,"2021-08-11T01:35:04.636Z","4.12.2",4,"tarball",12255.449,12343.592,"","","","",""
1628645756427,"2021-08-11T01:35:56.427Z","3.13.1",3,"tarball",13874.456,14475.225,"","","","",""
1628645765582,"2021-08-11T01:36:05.582Z","5.1.2",5,"tarball",15646.664,16331.22,"","","","",""
1628731897099,"2021-08-12T01:31:37.099Z","3.13.1",3,"info",935.352,934.538,"","","","",""
1628731901212,"2021-08-12T01:31:41.212Z","4.12.2",4,"info",952.841,969.278,"","","","",""
1628731910563,"2021-08-12T01:31:50.563Z","5.1.2",5,"info",1013.815,1022.077,"","","","",""
1628732166676,"2021-08-12T01:36:06.676Z","4.12.2",4,"tarball",11807.459,12259.468,"","","","",""
1628732181144,"2021-08-12T01:36:21.144Z","5.1.2",5,"tarball",13057.339,13081.444,"","","","",""
1628732218918,"2021-08-12T01:36:58.918Z","3.13.1",3,"tarball",13391.612,13491.003,"","","","",""
1628818261976,"2021-08-13T01:31:01.976Z","4.12.2",4,"info",856.003,863.441,"","","","",""
1628818277797,"2021-08-13T01:31:17.797Z","3.13.1",3,"info",1118.046,1123.581,"","","","",""
1628818291128,"2021-08-13T01:31:31.128Z","5.1.2",5,"info",801.291,830.215,"","","","",""
1628818538110,"2021-08-13T01:35:38.110Z","3.13.1",3,"tarball",11684.277,12202.698,"","","","",""
1628818586248,"2021-08-13T01:36:26.248Z","5.1.2",5,"tarball",15458.097,15438.202,"","","","",""
1628818636305,"2021-08-13T01:37:16.305Z","4.12.2",4,"tarball",16809.366,16933.876,"","","","",""
1628904589658,"2021-08-14T01:29:49.658Z","5.1.2",5,"info",838.448,869.745,"","","","",""
1628904605051,"2021-08-14T01:30:05.051Z","4.12.2",4,"info",920.513,1030.579,"","","","",""
1628904613562,"2021-08-14T01:30:13.562Z","3.13.1",3,"info",1025.974,1033,"","","","",""
1628904867582,"2021-08-14T01:34:27.582Z","4.12.2",4,"tarball",11708.527,12197.387,"","","","",""
1628904898018,"2021-08-14T01:34:58.018Z","5.1.2",5,"tarball",13076.219,13765.976,"","","","",""
1628904903080,"2021-08-14T01:35:03.080Z","3.13.1",3,"tarball",11794.755,12415.292,"","","","",""
1628991071209,"2021-08-15T01:31:11.209Z","3.13.1",3,"info",842.515,861.548,"","","","",""
1628991092854,"2021-08-15T01:31:32.854Z","4.12.2",4,"info",975.787,1013.541,"","","","",""
1628991100488,"2021-08-15T01:31:40.488Z","5.1.2",5,"info",1293.804,1334.242,"","","","",""
1628991358751,"2021-08-15T01:35:58.751Z","5.1.2",5,"tarball",11589.119,12196.596,"","","","",""
1628991414567,"2021-08-15T01:36:54.567Z","3.13.1",3,"tarball",14507.108,14659.453,"","","","",""
1628991447270,"2021-08-15T01:37:27.270Z","4.12.2",4,"tarball",16856.774,17053.555,"","","","",""
1629077471931,"2021-08-16T01:31:11.931Z","5.1.2",5,"info",937.539,1014.774,"","","","",""
1629077486264,"2021-08-16T01:31:26.264Z","4.12.2",4,"info",1147.806,1156.435,"","","","",""
1629077493526,"2021-08-16T01:31:33.526Z","3.13.1",3,"info",997.039,1102.695,"","","","",""
1629077762239,"2021-08-16T01:36:02.239Z","3.13.1",3,"tarball",13895.885,13983.765,"","","","",""
1629077782710,"2021-08-16T01:36:22.710Z","4.12.2",4,"tarball",14148.536,14189.133,"","","","",""
1629077821966,"2021-08-16T01:37:01.966Z","5.1.2",5,"tarball",17129.689,18086.379,"","","","",""
1629163797237,"2021-08-17T01:29:57.237Z","4.12.2",4,"info",822.792,868.251,"","","","",""
1629163823720,"2021-08-17T01:30:23.720Z","5.1.2",5,"info",1138.737,1261.403,"","","","",""
1629163825776,"2021-08-17T01:30:25.776Z","3.13.1",3,"info",1053.268,1115.868,"","","","",""
1629164109281,"2021-08-17T01:35:09.281Z","5.1.2",5,"tarball",14109.817,14140.995,"","","","",""
1629164146983,"2021-08-17T01:35:46.983Z","4.12.2",4,"tarball",13753.298,14505.508,"","","","",""
1629164208111,"2021-08-17T01:36:48.111Z","3.13.1",3,"tarball",18310.689,18672.794,"","","","",""
1629250190978,"2021-08-18T01:29:50.978Z","5.1.2",5,"info",835.898,856.365,"","","","",""
1629250209683,"2021-08-18T01:30:09.683Z","4.12.2",4,"info",1089.956,1200.53,"","","","",""
1629250212397,"2021-08-18T01:30:12.397Z","3.13.1",3,"info",869.369,929.972,"","","","",""
1629250501087,"2021-08-18T01:35:01.087Z","5.1.2",5,"tarball",13777.731,13898.645,"","","","",""
1629250559601,"2021-08-18T01:35:59.601Z","4.12.2",4,"tarball",15947.437,16639.078,"","","","",""
1629250577593,"2021-08-18T01:36:17.593Z","3.13.1",3,"tarball",16142.293,17047.132,"","","","",""
1629336458268,"2021-08-19T01:27:38.268Z","3.13.1",3,"info",947.172,974.522,"","","","",""
1629336465974,"2021-08-19T01:27:45.974Z","5.1.2",5,"info",1100.448,1144.81,"","","","",""
1629336467428,"2021-08-19T01:27:47.428Z","4.12.2",4,"info",1076.807,1105.506,"","","","",""
1629336716814,"2021-08-19T01:31:56.814Z","4.12.2",4,"tarball",11728.298,12283.303,"","","","",""
1629336836375,"2021-08-19T01:33:56.375Z","5.1.2",5,"tarball",16597.105,17485.416,"","","","",""
1629336860537,"2021-08-19T01:34:20.537Z","3.13.1",3,"tarball",16154.756,16891.66,"","","","",""
1629423042392,"2021-08-20T01:30:42.392Z","3.13.1",3,"info",897.655,920.493,"","","","",""
1629423069538,"2021-08-20T01:31:09.538Z","5.1.2",5,"info",934.674,1035.507,"","","","",""
1629423079746,"2021-08-20T01:31:19.746Z","4.12.2",4,"info",1066.783,1197.274,"","","","",""
1629423375758,"2021-08-20T01:36:15.758Z","4.12.2",4,"tarball",15668.241,16267.172,"","","","",""
1629423428295,"2021-08-20T01:37:08.295Z","5.1.2",5,"tarball",15852.326,17841.85,"","","","",""
1629423449715,"2021-08-20T01:37:29.715Z","3.13.1",3,"tarball",16514.885,16850.286,"","","","",""
1629509380615,"2021-08-21T01:29:40.615Z","4.12.2",4,"info",1081.492,1081.951,"","","","",""
1629509382949,"2021-08-21T01:29:42.949Z","5.1.2",5,"info",1016.266,1035.738,"","","","",""
1629509385239,"2021-08-21T01:29:45.239Z","3.13.1",3,"info",1108.63,1116.589,"","","","",""
1629509697789,"2021-08-21T01:34:57.789Z","5.1.2",5,"tarball",13439.249,13571.145,"","","","",""
1629509727616,"2021-08-21T01:35:27.616Z","4.12.2",4,"tarball",16444.869,16569.48,"","","","",""
1629509736116,"2021-08-21T01:35:36.116Z","3.13.1",3,"tarball",15770.005,16845.459,"","","","",""
1629595868476,"2021-08-22T01:31:08.476Z","4.12.2",4,"info",852.246,867.371,"","","","",""
1629595872950,"2021-08-22T01:31:12.950Z","5.1.2",5,"info",882.834,897.804,"","","","",""
1629595888952,"2021-08-22T01:31:28.952Z","3.13.1",3,"info",943.341,1123.232,"","","","",""
1629596206650,"2021-08-22T01:36:46.650Z","4.12.2",4,"tarball",13414.023,14105.442,"","","","",""
1629596218887,"2021-08-22T01:36:58.887Z","3.13.1",3,"tarball",15430.53,16526.941,"","","","",""
1629596247023,"2021-08-22T01:37:27.023Z","5.1.2",5,"tarball",17134.335,18127.136,"","","","",""
1629682136398,"2021-08-23T01:28:56.398Z","3.13.1",3,"info",1095.614,1149.851,"","","","",""
1629682140470,"2021-08-23T01:29:00.470Z","5.1.2",5,"info",1254.266,1375.167,"","","","",""
1629682155332,"2021-08-23T01:29:15.332Z","4.12.2",4,"info",1227.767,1270.331,"","","","",""
1629682396845,"2021-08-23T01:33:16.845Z","4.12.2",4,"tarball",11660.127,11764.355,"","","","",""
1629682421231,"2021-08-23T01:33:41.231Z","5.1.2",5,"tarball",13183.4,13739.148,"","","","",""
1629682449661,"2021-08-23T01:34:09.661Z","3.13.1",3,"tarball",15157.649,15909.937,"","","","",""
1629768603195,"2021-08-24T01:30:03.195Z","5.1.2",5,"info",1051.592,1063.778,"","","","",""
1629768609053,"2021-08-24T01:30:09.053Z","3.13.1",3,"info",1034.541,1526.56,"","","","",""
1629768611734,"2021-08-24T01:30:11.734Z","4.12.2",4,"info",1208.386,1256.085,"","","","",""
1629768890383,"2021-08-24T01:34:50.383Z","4.12.2",4,"tarball",12639.888,13680.244,"","","","",""
1629768937244,"2021-08-24T01:35:37.244Z","5.1.2",5,"tarball",16480.659,16648.797,"","","","",""
1629768957490,"2021-08-24T01:35:57.490Z","3.13.1",3,"tarball",16021.88,16244.886,"","","","",""
1629855020556,"2021-08-25T01:30:20.556Z","5.1.2",5,"info",922.447,930.273,"","","","",""
1629855023271,"2021-08-25T01:30:23.271Z","4.12.2",4,"info",875.836,885.471,"","","","",""
1629855023866,"2021-08-25T01:30:23.866Z","3.13.1",3,"info",941.539,949.741,"","","","",""
1629855348323,"2021-08-25T01:35:48.323Z","5.1.2",5,"tarball",13151.761,13192.732,"","","","",""
1629855356168,"2021-08-25T01:35:56.168Z","3.13.1",3,"tarball",13618.026,13684.398,"","","","",""
1629855462573,"2021-08-25T01:37:42.573Z","4.12.2",4,"tarball",16628.658,18751.863,"","","","",""
1629941398565,"2021-08-26T01:29:58.565Z","3.13.1",3,"info",963.01,998.046,"","","","",""
1629941400617,"2021-08-26T01:30:00.617Z","5.1.2",5,"info",990.821,1072.825,"","","","",""
1629941417697,"2021-08-26T01:30:17.697Z","4.12.2",4,"info",1237.259,1275.383,"","","","",""
1629941719917,"2021-08-26T01:35:19.917Z","4.12.2",4,"tarball",12034.243,12175.857,"","","","",""
1629941740529,"2021-08-26T01:35:40.529Z","5.1.2",5,"tarball",12896.103,13908.837,"","","","",""
1629941770857,"2021-08-26T01:36:10.857Z","3.13.1",3,"tarball",15359.017,16156.693,"","","","",""
1630027880663,"2021-08-27T01:31:20.663Z","3.13.1",3,"info",843.495,870.417,"","","","",""
1630027897641,"2021-08-27T01:31:37.641Z","5.1.2",5,"info",950.68,959.746,"","","","",""
1630027902139,"2021-08-27T01:31:42.139Z","4.12.2",4,"info",1235.441,1329.819,"","","","",""
1630028221236,"2021-08-27T01:37:01.236Z","4.12.2",4,"tarball",11526.364,11575.033,"","","","",""
1630028227092,"2021-08-27T01:37:07.092Z","3.13.1",3,"tarball",11456.675,12115.716,"","","","",""
1630028298546,"2021-08-27T01:38:18.546Z","5.1.2",5,"tarball",17082.146,17841.318,"","","","",""
1630114063193,"2021-08-28T01:27:43.193Z","5.1.2",5,"info",852.53,872.108,"","","","",""
1630114068268,"2021-08-28T01:27:48.268Z","4.12.2",4,"info",971.38,993.3,"","","","",""
1630114092430,"2021-08-28T01:28:12.430Z","3.13.1",3,"info",1228.992,1235.774,"","","","",""
1630114460546,"2021-08-28T01:34:20.546Z","3.13.1",3,"tarball",13362.894,15594.317,"","","","",""
1630114479151,"2021-08-28T01:34:39.151Z","5.1.2",5,"tarball",16162.942,16261.401,"","","","",""
1630114493322,"2021-08-28T01:34:53.322Z","4.12.2",4,"tarball",17020.371,17305.012,"","","","",""
1630200689342,"2021-08-29T01:31:29.342Z","3.13.1",3,"info",907.232,937.313,"","","","",""
1630200704579,"2021-08-29T01:31:44.579Z","5.1.2",5,"info",1065.978,1129.909,"","","","",""
1630200708558,"2021-08-29T01:31:48.558Z","4.12.2",4,"info",1212.613,1227.54,"","","","",""
1630200999525,"2021-08-29T01:36:39.525Z","4.12.2",4,"tarball",11714.642,12232.328,"","","","",""
1630201041099,"2021-08-29T01:37:21.099Z","3.13.1",3,"tarball",15142.681,15256.012,"","","","",""
1630201055265,"2021-08-29T01:37:35.265Z","5.1.2",5,"tarball",16473.008,16551.427,"","","","",""
1630286992502,"2021-08-30T01:29:52.502Z","3.13.1",3,"info",842.338,856.982,"","","","",""
1630287009386,"2021-08-30T01:30:09.386Z","5.1.2",5,"info",1073.995,1096.677,"","","","",""
1630287011319,"2021-08-30T01:30:11.319Z","4.12.2",4,"info",1123.743,1146.344,"","","","",""
1630287338481,"2021-08-30T01:35:38.481Z","4.12.2",4,"tarball",16693.618,16765.312,"","","","",""
1630287352312,"2021-08-30T01:35:52.312Z","5.1.2",5,"tarball",15658.258,15896.094,"","","","",""
1630287419140,"2021-08-30T01:36:59.140Z","3.13.1",3,"tarball",17009.269,18369.74,"","","","",""
1630742630099,"2021-09-04T08:03:50.099Z","5.1.3",5,"info",975.029,1000.866,"","","","",""
1630742645694,"2021-09-04T08:04:05.694Z","3.13.1",3,"info",1130.343,1174.365,"","","","",""
1630742646491,"2021-09-04T08:04:06.491Z","4.12.2",4,"info",1054.261,1053.624,"","","","",""
1630742658477,"2021-09-04T08:04:18.477Z","6-next",6,"info",1085.44,1094.984,"","","","",""
1630742990099,"2021-09-04T08:09:50.099Z","6-next",6,"tarball",11694.124,12356.691,"","","","",""
1630742995304,"2021-09-04T08:09:55.304Z","3.13.1",3,"tarball",12409.001,12609.83,"","","","",""
1630743009673,"2021-09-04T08:10:09.673Z","4.12.2",4,"tarball",11872.29,14131.631,"","","","",""
1630743075597,"2021-09-04T08:11:15.597Z","5.1.3",5,"tarball",17505.578,18437.282,"","","","",""
1630805584282,"2021-09-05T01:33:04.282Z","5.1.3",5,"info",805.449,841.651,"","","","",""
1630805590108,"2021-09-05T01:33:10.108Z","3.13.1",3,"info",1024.388,1052.974,"","","","",""
1630805596752,"2021-09-05T01:33:16.752Z","4.12.2",4,"info",914.569,1335.68,"","","","",""
1630805604324,"2021-09-05T01:33:24.324Z","6-next",6,"info",804.886,820.703,"","","","",""
1630805997200,"2021-09-05T01:39:57.200Z","4.12.2",4,"tarball",11481.459,11533.688,"","","","",""
1630806043948,"2021-09-05T01:40:43.948Z","3.13.1",3,"tarball",14499.427,15105.183,"","","","",""
1630806062660,"2021-09-05T01:41:02.660Z","5.1.3",5,"tarball",16145.371,17030.457,"","","","",""
1630806065364,"2021-09-05T01:41:05.364Z","6-next",6,"tarball",17137.651,16993.495,"","","","",""
1630891967014,"2021-09-06T01:32:47.014Z","4.12.2",4,"info",871.634,872.734,"","","","",""
1630891976003,"2021-09-06T01:32:56.003Z","5.1.3",5,"info",1022.721,1027.026,"","","","",""
1630891980721,"2021-09-06T01:33:00.721Z","3.13.1",3,"info",1148.158,1140.885,"","","","",""
1630891990385,"2021-09-06T01:33:10.385Z","6-next",6,"info",934.972,986.519,"","","","",""
1630892331445,"2021-09-06T01:38:51.445Z","6-next",6,"tarball",10730.096,10815.627,"","","","",""
1630892356190,"2021-09-06T01:39:16.190Z","4.12.2",4,"tarball",12475.223,12489.001,"","","","",""
1630892376521,"2021-09-06T01:39:36.521Z","5.1.3",5,"tarball",14097.076,14214.694,"","","","",""
1630892404101,"2021-09-06T01:40:04.101Z","3.13.1",3,"tarball",15655.907,16264.627,"","","","",""
1630978178958,"2021-09-07T01:29:38.958Z","3.13.1",3,"info",949.373,985.103,"","","","",""
1630978180267,"2021-09-07T01:29:40.267Z","4.12.2",4,"info",897.857,920.434,"","","","",""
1630978189063,"2021-09-07T01:29:49.063Z","5.1.3",5,"info",1164.152,1168.454,"","","","",""
1630978189149,"2021-09-07T01:29:49.149Z","6-next",6,"info",928.646,955.46,"","","","",""
1630978536154,"2021-09-07T01:35:36.154Z","3.13.1",3,"tarball",11298.662,12567.283,"","","","",""
1630978549623,"2021-09-07T01:35:49.623Z","6-next",6,"tarball",13286.161,13376.649,"","","","",""
1630978580610,"2021-09-07T01:36:20.610Z","4.12.2",4,"tarball",15384.74,15597.913,"","","","",""
1630978583654,"2021-09-07T01:36:23.654Z","5.1.3",5,"tarball",15332.998,15966.562,"","","","",""
1631064676364,"2021-09-08T01:31:16.364Z","5.1.3",5,"info",833.26,855.319,"","","","",""
1631064683808,"2021-09-08T01:31:23.808Z","4.12.2",4,"info",932.49,971.958,"","","","",""
1631064688572,"2021-09-08T01:31:28.572Z","3.13.1",3,"info",939.796,947.743,"","","","",""
1631064714772,"2021-09-08T01:31:54.772Z","6-next",6,"info",1180.704,1160.086,"","","","",""
1631065030647,"2021-09-08T01:37:10.647Z","3.13.1",3,"tarball",10868.226,10970.561,"","","","",""
1631065072870,"2021-09-08T01:37:52.870Z","6-next",6,"tarball",13711.93,14226.431,"","","","",""
1631065084535,"2021-09-08T01:38:04.535Z","4.12.2",4,"tarball",14615.919,14862.328,"","","","",""
1631065102779,"2021-09-08T01:38:22.779Z","5.1.3",5,"tarball",15324.618,16121.24,"","","","",""
1631151091751,"2021-09-09T01:31:31.751Z","3.13.1",3,"info",943.568,979.873,"","","","",""
1631151101637,"2021-09-09T01:31:41.637Z","4.12.2",4,"info",1079.984,1097.986,"","","","",""
1631151110249,"2021-09-09T01:31:50.249Z","5.1.3",5,"info",1003.176,1044.277,"","","","",""
1631151125588,"2021-09-09T01:32:05.588Z","6-next",6,"info",1240.437,1364.333,"","","","",""
1631151479060,"2021-09-09T01:37:59.060Z","5.1.3",5,"tarball",11291.255,11462.272,"","","","",""
1631151492586,"2021-09-09T01:38:12.586Z","3.13.1",3,"tarball",11524.008,12825.879,"","","","",""
1631151551078,"2021-09-09T01:39:11.078Z","4.12.2",4,"tarball",16572.291,16683.104,"","","","",""
1631151562497,"2021-09-09T01:39:22.497Z","6-next",6,"tarball",16728.686,17607.285,"","","","",""
1631237557368,"2021-09-10T01:32:37.368Z","4.12.2",4,"info",973.288,965.835,"","","","",""
1631237588356,"2021-09-10T01:33:08.356Z","3.13.1",3,"info",1114.587,1138.977,"","","","",""
1631237602072,"2021-09-10T01:33:22.072Z","6-next",6,"info",951.331,1011.08,"","","","",""
1631237614082,"2021-09-10T01:33:34.082Z","5.1.3",5,"info",998.287,1001.424,"","","","",""
1631237922110,"2021-09-10T01:38:42.110Z","6-next",6,"tarball",11058.771,12142.147,"","","","",""
1631237941447,"2021-09-10T01:39:01.447Z","3.13.1",3,"tarball",12577.353,13111.696,"","","","",""
1631237959743,"2021-09-10T01:39:19.743Z","4.12.2",4,"tarball",13865.527,14438.616,"","","","",""
1631237962129,"2021-09-10T01:39:22.129Z","5.1.3",5,"tarball",11752.962,15449.022,"","","","",""
1631323842028,"2021-09-11T01:30:42.028Z","4.12.2",4,"info",951.583,978.894,"","","","",""
1631323848586,"2021-09-11T01:30:48.586Z","3.13.1",3,"info",1050.521,1076.758,"","","","",""
1631323854743,"2021-09-11T01:30:54.743Z","6-next",6,"info",855.347,888.451,"","","","",""
1631323861832,"2021-09-11T01:31:01.832Z","5.1.3",5,"info",1266.856,1315.713,"","","","",""
1631324223098,"2021-09-11T01:37:03.098Z","5.1.3",5,"tarball",13222.731,13278.643,"","","","",""
1631324236320,"2021-09-11T01:37:16.320Z","3.13.1",3,"tarball",14070.348,14092.377,"","","","",""
1631324267515,"2021-09-11T01:37:47.515Z","6-next",6,"tarball",15667.432,16291.12,"","","","",""
1631324276111,"2021-09-11T01:37:56.111Z","4.12.2",4,"tarball",16556.756,17281.943,"","","","",""
1631410374216,"2021-09-12T01:32:54.216Z","5.1.3",5,"info",1246.287,1278.477,"","","","",""
1631410386928,"2021-09-12T01:33:06.928Z","6-next",6,"info",1083.203,1084.37,"","","","",""
1631410392805,"2021-09-12T01:33:12.805Z","4.12.2",4,"info",1253.174,1285.78,"","","","",""
1631410393064,"2021-09-12T01:33:13.064Z","3.13.1",3,"info",1101.826,1113.667,"","","","",""
1631410744529,"2021-09-12T01:39:04.529Z","4.12.2",4,"tarball",12413.351,12998.076,"","","","",""
1631410747992,"2021-09-12T01:39:07.992Z","3.13.1",3,"tarball",12598.702,13153.188,"","","","",""
1631410752777,"2021-09-12T01:39:12.777Z","6-next",6,"tarball",13114.161,13823.584,"","","","",""
1631410809916,"2021-09-12T01:40:09.916Z","5.1.3",5,"tarball",16282.197,18236.237,"","","","",""
1631496771868,"2021-09-13T01:32:51.868Z","4.12.2",4,"info",929.761,954.165,"","","","",""
1631496782830,"2021-09-13T01:33:02.830Z","5.1.3",5,"info",1082.081,1134.485,"","","","",""
1631496783819,"2021-09-13T01:33:03.819Z","6-next",6,"info",1001.463,1035.826,"","","","",""
1631496787511,"2021-09-13T01:33:07.511Z","3.13.1",3,"info",1086.173,1115.109,"","","","",""
1631497136537,"2021-09-13T01:38:56.537Z","3.13.1",3,"tarball",11031.61,11484.349,"","","","",""
1631497154499,"2021-09-13T01:39:14.499Z","6-next",6,"tarball",12275.918,12629.487,"","","","",""
1631497178739,"2021-09-13T01:39:38.739Z","4.12.2",4,"tarball",12911.612,14698.872,"","","","",""
1631497191257,"2021-09-13T01:39:51.257Z","5.1.3",5,"tarball",15250.634,15390.107,"","","","",""
1631583183343,"2021-09-14T01:33:03.343Z","5.1.3",5,"info",910.79,931.359,"","","","",""
1631583203334,"2021-09-14T01:33:23.334Z","4.12.2",4,"info",1208.246,1226.652,"","","","",""
1631583206910,"2021-09-14T01:33:26.910Z","3.13.1",3,"info",1012.8,1108.577,"","","","",""
1631583215572,"2021-09-14T01:33:35.572Z","6-next",6,"info",1025.516,1044.066,"","","","",""
1631583533642,"2021-09-14T01:38:53.642Z","5.1.3",5,"tarball",10806.745,11670.4,"","","","",""
1631583562441,"2021-09-14T01:39:22.441Z","6-next",6,"tarball",12819.55,13413.665,"","","","",""
1631583592248,"2021-09-14T01:39:52.248Z","4.12.2",4,"tarball",15037.706,15863.814,"","","","",""
1631583606285,"2021-09-14T01:40:06.285Z","3.13.1",3,"tarball",15870.812,16475.988,"","","","",""
1631669489036,"2021-09-15T01:31:29.036Z","3.13.1",3,"info",839.91,840.065,"","","","",""
1631669491989,"2021-09-15T01:31:31.989Z","4.12.2",4,"info",849.486,891.013,"","","","",""
1631669500218,"2021-09-15T01:31:40.218Z","5.1.3",5,"info",938.064,969.478,"","","","",""
1631669515737,"2021-09-15T01:31:55.737Z","6-next",6,"info",847.107,883.957,"","","","",""
1631669828658,"2021-09-15T01:37:08.658Z","6-next",6,"tarball",10736.951,10827.491,"","","","",""
1631669862023,"2021-09-15T01:37:42.023Z","5.1.3",5,"tarball",12912.185,13046.788,"","","","",""
1631669888427,"2021-09-15T01:38:08.427Z","4.12.2",4,"tarball",14874.236,14999.791,"","","","",""
1631669902524,"2021-09-15T01:38:22.524Z","3.13.1",3,"tarball",15408.919,16488.021,"","","","",""
1631756054376,"2021-09-16T01:34:14.376Z","5.1.3",5,"info",1111.925,1133.991,"","","","",""
1631756058729,"2021-09-16T01:34:18.729Z","3.13.1",3,"info",949.778,971.653,"","","","",""
1631756062108,"2021-09-16T01:34:22.108Z","6-next",6,"info",918.236,921.057,"","","","",""
1631756075889,"2021-09-16T01:34:35.889Z","4.12.2",4,"info",1168.516,1205.693,"","","","",""
1631756371692,"2021-09-16T01:39:31.692Z","4.12.2",4,"tarball",9628.376,10105.588,"","","","",""
1631756374594,"2021-09-16T01:39:34.594Z","6-next",6,"tarball",9933.51,10024.095,"","","","",""
1631756417517,"2021-09-16T01:40:17.517Z","3.13.1",3,"tarball",13423.592,13416.918,"","","","",""
1631756427096,"2021-09-16T01:40:27.096Z","5.1.3",5,"tarball",13708.863,14187.681,"","","","",""
1631842490374,"2021-09-17T01:34:50.374Z","3.13.1",3,"info",849.236,875.095,"","","","",""
1631842496452,"2021-09-17T01:34:56.452Z","5.1.3",5,"info",937.663,942.024,"","","","",""
1631842512178,"2021-09-17T01:35:12.178Z","4.12.2",4,"info",1124.203,1151.33,"","","","",""
1631842517553,"2021-09-17T01:35:17.553Z","6-next",6,"info",881.225,922.627,"","","","",""
1631842903990,"2021-09-17T01:41:43.990Z","6-next",6,"tarball",10985.366,11877.908,"","","","",""
1631842910089,"2021-09-17T01:41:50.089Z","5.1.3",5,"tarball",11595.169,12375.59,"","","","",""
1631842951011,"2021-09-17T01:42:31.011Z","4.12.2",4,"tarball",14617.998,15212.284,"","","","",""
1631842966357,"2021-09-17T01:42:46.357Z","3.13.1",3,"tarball",15233.29,16644.778,"","","","",""
1631928764114,"2021-09-18T01:32:44.114Z","4.12.2",4,"info",956.381,994.234,"","","","",""
1631928784675,"2021-09-18T01:33:04.675Z","3.13.1",3,"info",937.461,941.906,"","","","",""
1631928785307,"2021-09-18T01:33:05.307Z","6-next",6,"info",1002.144,1045.024,"","","","",""
1631928804860,"2021-09-18T01:33:24.860Z","5.1.3",5,"info",1061.14,1143.748,"","","","",""
1631929090654,"2021-09-18T01:38:10.654Z","4.12.2",4,"tarball",9845.429,10420.28,"","","","",""
1631929110446,"2021-09-18T01:38:30.446Z","3.13.1",3,"tarball",11161.188,11780.132,"","","","",""
1631929155114,"2021-09-18T01:39:15.114Z","5.1.3",5,"tarball",14879.043,14978.858,"","","","",""
1631929157314,"2021-09-18T01:39:17.314Z","6-next",6,"tarball",14669.662,15262.842,"","","","",""
1632015175334,"2021-09-19T01:32:55.334Z","3.13.1",3,"info",842.433,875.06,"","","","",""
1632015201055,"2021-09-19T01:33:21.055Z","4.12.2",4,"info",890.88,925.211,"","","","",""
1632015201891,"2021-09-19T01:33:21.891Z","5.1.3",5,"info",943.816,968.746,"","","","",""
1632015235295,"2021-09-19T01:33:55.295Z","6-next",6,"info",1122.163,1139.418,"","","","",""
1632015627867,"2021-09-19T01:40:27.867Z","5.1.3",5,"tarball",14761.963,14950.413,"","","","",""
1632015631430,"2021-09-19T01:40:31.430Z","3.13.1",3,"tarball",15161.145,15240.209,"","","","",""
1632015651302,"2021-09-19T01:40:51.302Z","4.12.2",4,"tarball",16496.698,16726.047,"","","","",""
1632015652985,"2021-09-19T01:40:52.985Z","6-next",6,"tarball",15793.294,17084.171,"","","","",""
1632101590350,"2021-09-20T01:33:10.350Z","5.1.3",5,"info",1087.509,1121.574,"","","","",""
1632101606644,"2021-09-20T01:33:26.644Z","3.13.1",3,"info",1284.987,1322.063,"","","","",""
1632101608452,"2021-09-20T01:33:28.452Z","6-next",6,"info",1083.778,1091.271,"","","","",""
1632101612214,"2021-09-20T01:33:32.214Z","4.12.2",4,"info",1264.075,1311.913,"","","","",""
1632102057696,"2021-09-20T01:40:57.696Z","3.13.1",3,"tarball",12059.235,13060.389,"","","","",""
1632102093546,"2021-09-20T01:41:33.546Z","5.1.3",5,"tarball",14976.857,15879.546,"","","","",""
1632102107120,"2021-09-20T01:41:47.120Z","6-next",6,"tarball",15680.271,16850.354,"","","","",""
1632102123195,"2021-09-20T01:42:03.195Z","4.12.2",4,"tarball",16426.253,16970.529,"","","","",""
1632188017514,"2021-09-21T01:33:37.514Z","3.13.1",3,"info",831.247,830.023,"","","","",""
1632188018517,"2021-09-21T01:33:38.517Z","4.12.2",4,"info",856.159,898.682,"","","","",""
1632188031878,"2021-09-21T01:33:51.878Z","5.1.3",5,"info",987.117,1016.565,"","","","",""
1632188052478,"2021-09-21T01:34:12.478Z","6-next",6,"info",1038.895,1030.015,"","","","",""
1632188402812,"2021-09-21T01:40:02.812Z","6-next",6,"tarball",10376.348,11199.61,"","","","",""
1632188455237,"2021-09-21T01:40:55.237Z","3.13.1",3,"tarball",14431.463,15141.274,"","","","",""
1632188462510,"2021-09-21T01:41:02.510Z","5.1.3",5,"tarball",14915.393,15574.963,"","","","",""
1632188467772,"2021-09-21T01:41:07.772Z","4.12.2",4,"tarball",15095.071,15845.038,"","","","",""
1632274400230,"2021-09-22T01:33:20.230Z","3.13.1",3,"info",960.349,980.198,"","","","",""
1632274411711,"2021-09-22T01:33:31.711Z","6-next",6,"info",967.603,992.549,"","","","",""
1632274413760,"2021-09-22T01:33:33.760Z","4.12.2",4,"info",1018.981,1034.393,"","","","",""
1632274427541,"2021-09-22T01:33:47.541Z","5.1.3",5,"info",1224.792,1245.072,"","","","",""
1632274791583,"2021-09-22T01:39:51.583Z","6-next",6,"tarball",12918.925,13046.379,"","","","",""
1632274801196,"2021-09-22T01:40:01.196Z","4.12.2",4,"tarball",12927.688,13879.542,"","","","",""
1632274805996,"2021-09-22T01:40:05.996Z","3.13.1",3,"tarball",13331.234,13960.785,"","","","",""
1632274840930,"2021-09-22T01:40:40.930Z","5.1.3",5,"tarball",15875.335,16959.659,"","","","",""
1632360889807,"2021-09-23T01:34:49.807Z","3.13.1",3,"info",1033.584,1050.343,"","","","",""
1632360891293,"2021-09-23T01:34:51.293Z","5.1.3",5,"info",943.828,991.077,"","","","",""
1632360896320,"2021-09-23T01:34:56.320Z","4.12.2",4,"info",904.781,933.583,"","","","",""
1632360916637,"2021-09-23T01:35:16.637Z","6-next",6,"info",935.343,1039.803,"","","","",""
1632361269270,"2021-09-23T01:41:09.270Z","4.12.2",4,"tarball",10870.039,11009.73,"","","","",""
1632361326022,"2021-09-23T01:42:06.022Z","3.13.1",3,"tarball",14683.022,15261.086,"","","","",""
1632361335849,"2021-09-23T01:42:15.849Z","5.1.3",5,"tarball",14864.732,16470.584,"","","","",""
1632361342729,"2021-09-23T01:42:22.729Z","6-next",6,"tarball",16255.903,16410.975,"","","","",""
1632476336112,"2021-09-24T09:38:56.112Z","5.1.3",5,"info",935.938,985.973,"","","","",""
1632476339033,"2021-09-24T09:38:59.033Z","4.12.2",4,"info",883.445,899.794,"","","","",""
1632476360318,"2021-09-24T09:39:20.318Z","6-next",6,"info",978.805,1003.763,"","","","",""
1632476361097,"2021-09-24T09:39:21.097Z","3.13.1",3,"info",1354.125,1401.886,"","","","",""
1632476640946,"2021-09-24T09:44:00.946Z","4.12.2",4,"tarball",10301.784,10417.437,"","","","",""
1632476672416,"2021-09-24T09:44:32.416Z","5.1.3",5,"tarball",12571.311,12700.79,"","","","",""
1632476739130,"2021-09-24T09:45:39.130Z","6-next",6,"tarball",16125.937,16716.406,"","","","",""
1632476757690,"2021-09-24T09:45:57.690Z","3.13.1",3,"tarball",14605.443,15324.354,"","","","",""
1632533497950,"2021-09-25T01:31:37.950Z","4.12.2",4,"info",997.635,1009.908,"","","","",""
1632533512478,"2021-09-25T01:31:52.478Z","5.1.3",5,"info",1180.681,1215.891,"","","","",""
1632533514593,"2021-09-25T01:31:54.593Z","3.13.1",3,"info",1316.482,1334.462,"","","","",""
1632533515621,"2021-09-25T01:31:55.621Z","6-next",6,"info",942.224,1003.208,"","","","",""
1632533883992,"2021-09-25T01:38:03.992Z","3.13.1",3,"tarball",13143.562,14233.382,"","","","",""
1632533913482,"2021-09-25T01:38:33.482Z","5.1.3",5,"tarball",15862.793,16472.482,"","","","",""
1632533921935,"2021-09-25T01:38:41.935Z","4.12.2",4,"tarball",15820.273,17285.011,"","","","",""
1632533941641,"2021-09-25T01:39:01.641Z","6-next",6,"tarball",15640.893,15828.862,"","","","",""
1632619994501,"2021-09-26T01:33:14.501Z","3.13.1",3,"info",943.823,986.273,"","","","",""
1632620001646,"2021-09-26T01:33:21.646Z","4.12.2",4,"info",1000.007,1039.926,"","","","",""
1632620005400,"2021-09-26T01:33:25.400Z","5.1.3",5,"info",1013.401,1021.791,"","","","",""
1632620011918,"2021-09-26T01:33:31.918Z","6-next",6,"info",967.165,1007.652,"","","","",""
1632620423252,"2021-09-26T01:40:23.252Z","5.1.3",5,"tarball",12514.573,12578.942,"","","","",""
1632620436259,"2021-09-26T01:40:36.259Z","4.12.2",4,"tarball",12822.929,13861.155,"","","","",""
1632620446724,"2021-09-26T01:40:46.724Z","6-next",6,"tarball",14480.202,14511.221,"","","","",""
1632620478929,"2021-09-26T01:41:18.929Z","3.13.1",3,"tarball",15695.588,17332.133,"","","","",""
1632706343828,"2021-09-27T01:32:23.828Z","3.13.1",3,"info",1182.293,1161.812,"","","","",""
1632706360689,"2021-09-27T01:32:40.689Z","5.1.3",5,"info",1116.254,1128.52,"","","","",""
1632706378116,"2021-09-27T01:32:58.116Z","6-next",6,"info",1147.264,1194.679,"","","","",""
1632706381010,"2021-09-27T01:33:01.010Z","4.12.2",4,"info",1457.807,1474.98,"","","","",""
1632706729012,"2021-09-27T01:38:49.012Z","5.1.3",5,"tarball",13970.792,13958.643,"","","","",""
1632706736667,"2021-09-27T01:38:56.667Z","6-next",6,"tarball",14229.352,14714.778,"","","","",""
1632706747694,"2021-09-27T01:39:07.694Z","4.12.2",4,"tarball",15135.76,15252.293,"","","","",""
1632706749810,"2021-09-27T01:39:09.810Z","3.13.1",3,"tarball",15501.738,15573.335,"","","","",""
1632792803711,"2021-09-28T01:33:23.711Z","3.13.1",3,"info",852.826,867.468,"","","","",""
1632792823957,"2021-09-28T01:33:43.957Z","4.12.2",4,"info",1236.797,1248.415,"","","","",""
1632792826088,"2021-09-28T01:33:46.088Z","5.1.3",5,"info",1185.589,1198.587,"","","","",""
1632792837830,"2021-09-28T01:33:57.830Z","6-next",6,"info",1213.65,1265.954,"","","","",""
1632793173209,"2021-09-28T01:39:33.209Z","6-next",6,"tarball",10181.896,10242.473,"","","","",""
1632793202169,"2021-09-28T01:40:02.169Z","5.1.3",5,"tarball",12128.83,12172.839,"","","","",""
1632793215591,"2021-09-28T01:40:15.591Z","3.13.1",3,"tarball",12762.509,13297.016,"","","","",""
1632793252868,"2021-09-28T01:40:52.868Z","4.12.2",4,"tarball",15374.625,16348.95,"","","","",""
1632879098756,"2021-09-29T01:31:38.756Z","5.1.3",5,"info",1173.098,1195.613,"","","","",""
1632879101406,"2021-09-29T01:31:41.406Z","3.13.1",3,"info",1325.747,1346.702,"","","","",""
1632879105179,"2021-09-29T01:31:45.179Z","4.12.2",4,"info",1148.479,1163.127,"","","","",""
1632879108760,"2021-09-29T01:31:48.760Z","6-next",6,"info",985.637,1026.942,"","","","",""
1632879434681,"2021-09-29T01:37:14.681Z","3.13.1",3,"tarball",12634.67,12854.296,"","","","",""
1632879456744,"2021-09-29T01:37:36.744Z","6-next",6,"tarball",13269.095,14186.235,"","","","",""
1632879474596,"2021-09-29T01:37:54.596Z","4.12.2",4,"tarball",15430.047,15523.382,"","","","",""
1632879479451,"2021-09-29T01:37:59.451Z","5.1.3",5,"tarball",15360.869,16014.405,"","","","",""
1632965692537,"2021-09-30T01:34:52.537Z","5.1.3",5,"info",953.195,969.105,"","","","",""
1632965702704,"2021-09-30T01:35:02.704Z","4.12.2",4,"info",1008.981,1011.742,"","","","",""
1632965715825,"2021-09-30T01:35:15.825Z","6-next",6,"info",994.931,1023.3,"","","","",""
1632965737258,"2021-09-30T01:35:37.258Z","3.13.1",3,"info",1028.923,1049.064,"","","","",""
1632966101708,"2021-09-30T01:41:41.708Z","6-next",6,"tarball",11245.568,12431.807,"","","","",""
1632966147369,"2021-09-30T01:42:27.369Z","3.13.1",3,"tarball",15405.935,15432.687,"","","","",""
1632966150692,"2021-09-30T01:42:30.692Z","5.1.3",5,"tarball",15762.208,15805.496,"","","","",""
1632966169761,"2021-09-30T01:42:49.761Z","4.12.2",4,"tarball",16474.309,17314.981,"","","","",""
1633052071138,"2021-10-01T01:34:31.138Z","3.13.1",3,"info",1082.907,1105.208,"","","","",""
1633052082800,"2021-10-01T01:34:42.800Z","4.12.2",4,"info",1177.003,1185.036,"","","","",""
1633052083837,"2021-10-01T01:34:43.837Z","6-next",6,"info",1270.979,1297.629,"","","","",""
1633052099073,"2021-10-01T01:34:59.073Z","5.1.3",5,"info",1279.969,1293.367,"","","","",""
1633052444742,"2021-10-01T01:40:44.742Z","4.12.2",4,"tarball",11552.898,12083.954,"","","","",""
1633052460146,"2021-10-01T01:41:00.146Z","6-next",6,"tarball",13015.161,13068.918,"","","","",""
1633052481870,"2021-10-01T01:41:21.870Z","5.1.3",5,"tarball",14637.752,14729.929,"","","","",""
1633052498251,"2021-10-01T01:41:38.251Z","3.13.1",3,"tarball",15545.013,16209.726,"","","","",""
1633138391817,"2021-10-02T01:33:11.817Z","4.12.2",4,"info",860.084,906.8,"","","","",""
1633138409847,"2021-10-02T01:33:29.847Z","3.13.1",3,"info",1143.711,1153.412,"","","","",""
1633138425694,"2021-10-02T01:33:45.694Z","5.1.3",5,"info",1231.104,1215.406,"","","","",""
1633138433960,"2021-10-02T01:33:53.960Z","6-next",6,"info",1011.293,1055.763,"","","","",""
1633138744975,"2021-10-02T01:39:04.975Z","3.13.1",3,"tarball",11102.58,11172.516,"","","","",""
1633138773984,"2021-10-02T01:39:33.984Z","4.12.2",4,"tarball",12722.49,13171.557,"","","","",""
1633138804713,"2021-10-02T01:40:04.713Z","6-next",6,"tarball",15486.506,15563.528,"","","","",""
1633138809502,"2021-10-02T01:40:09.502Z","5.1.3",5,"tarball",15939.871,15945.726,"","","","",""
1633224968451,"2021-10-03T01:36:08.451Z","3.13.1",3,"info",1270.053,1330.752,"","","","",""
1633224981342,"2021-10-03T01:36:21.342Z","4.12.2",4,"info",1191.33,1225.29,"","","","",""
1633224986577,"2021-10-03T01:36:26.577Z","6-next",6,"info",1311.133,1310.153,"","","","",""
1633225004608,"2021-10-03T01:36:44.608Z","5.1.3",5,"info",1069.853,1115.132,"","","","",""
1633225353472,"2021-10-03T01:42:33.472Z","5.1.3",5,"tarball",11236.56,11658.561,"","","","",""
1633225375046,"2021-10-03T01:42:55.046Z","3.13.1",3,"tarball",12755.785,13296.034,"","","","",""
1633225376541,"2021-10-03T01:42:56.541Z","4.12.2",4,"tarball",13463.706,13455.554,"","","","",""
1633225384711,"2021-10-03T01:43:04.711Z","6-next",6,"tarball",13796.359,13859.803,"","","","",""
1633311343553,"2021-10-04T01:35:43.553Z","5.1.3",5,"info",1247.847,1265.685,"","","","",""
1633311345389,"2021-10-04T01:35:45.389Z","4.12.2",4,"info",1241.701,1268.618,"","","","",""
1633311361132,"2021-10-04T01:36:01.132Z","3.13.1",3,"info",1159.31,1164.808,"","","","",""
1633311361575,"2021-10-04T01:36:01.575Z","6-next",6,"info",1260.747,1318.825,"","","","",""
1633311746700,"2021-10-04T01:42:26.700Z","5.1.3",5,"tarball",12485.535,12605.739,"","","","",""
1633311749902,"2021-10-04T01:42:29.902Z","6-next",6,"tarball",12863.266,12924.204,"","","","",""
1633311794107,"2021-10-04T01:43:14.107Z","4.12.2",4,"tarball",16119.425,16162.692,"","","","",""
1633311796137,"2021-10-04T01:43:16.137Z","3.13.1",3,"tarball",16261.863,16428.246,"","","","",""
1633397564544,"2021-10-05T01:32:44.544Z","3.13.1",3,"info",875.415,917.633,"","","","",""
1633397571520,"2021-10-05T01:32:51.520Z","5.1.3",5,"info",1057.338,1071.014,"","","","",""
1633397573252,"2021-10-05T01:32:53.252Z","4.12.2",4,"info",914.967,932.815,"","","","",""
1633397601424,"2021-10-05T01:33:21.424Z","6-next",6,"info",953.591,982.804,"","","","",""
1633397929986,"2021-10-05T01:38:49.986Z","5.1.3",5,"tarball",11083.974,11080.874,"","","","",""
1633397950824,"2021-10-05T01:39:10.824Z","3.13.1",3,"tarball",12392.186,12526.988,"","","","",""
1633397963623,"2021-10-05T01:39:23.623Z","4.12.2",4,"tarball",13308.083,13327.459,"","","","",""
1633397989008,"2021-10-05T01:39:49.008Z","6-next",6,"tarball",15252.953,15367.045,"","","","",""
1633483963197,"2021-10-06T01:32:43.197Z","3.13.1",3,"info",874.326,928.121,"","","","",""
1633483986518,"2021-10-06T01:33:06.518Z","4.12.2",4,"info",1159.453,1171.377,"","","","",""
1633483988009,"2021-10-06T01:33:08.009Z","5.1.3",5,"info",1186.24,1215.145,"","","","",""
1633484012597,"2021-10-06T01:33:32.597Z","6-next",6,"info",847.254,848.25,"","","","",""
1633484396088,"2021-10-06T01:39:56.088Z","3.13.1",3,"tarball",13125.998,13168.238,"","","","",""
1633484399029,"2021-10-06T01:39:59.029Z","6-next",6,"tarball",13629.977,13736.158,"","","","",""
1633484413405,"2021-10-06T01:40:13.405Z","4.12.2",4,"tarball",13625.62,14743.761,"","","","",""
1633484415351,"2021-10-06T01:40:15.351Z","5.1.3",5,"tarball",14697.555,14925.897,"","","","",""
1633570334859,"2021-10-07T01:32:14.859Z","3.13.1",3,"info",867.049,923.908,"","","","",""
1633570348826,"2021-10-07T01:32:28.826Z","5.1.3",5,"info",1002.996,1032.811,"","","","",""
1633570352155,"2021-10-07T01:32:32.155Z","4.12.2",4,"info",1204.495,1225.648,"","","","",""
1633570371170,"2021-10-07T01:32:51.170Z","6-next",6,"info",897.848,943.519,"","","","",""
1633570674245,"2021-10-07T01:37:54.245Z","3.13.1",3,"tarball",11837.892,11960.89,"","","","",""
1633570702176,"2021-10-07T01:38:22.176Z","4.12.2",4,"tarball",14332.152,14333.619,"","","","",""
1633570729421,"2021-10-07T01:38:49.421Z","6-next",6,"tarball",15839.02,16114.883,"","","","",""
1633570773932,"2021-10-07T01:39:33.932Z","5.1.3",5,"tarball",16006.909,16671.071,"","","","",""
1633656869399,"2021-10-08T01:34:29.399Z","4.12.2",4,"info",991.96,1058.442,"","","","",""
1633656875782,"2021-10-08T01:34:35.782Z","5.1.3",5,"info",1136.34,1149.779,"","","","",""
1633656881263,"2021-10-08T01:34:41.263Z","3.13.1",3,"info",1082.371,1132.174,"","","","",""
1633656896977,"2021-10-08T01:34:56.977Z","6-next",6,"info",1106.646,1131.117,"","","","",""
1633657245750,"2021-10-08T01:40:45.750Z","5.1.3",5,"tarball",10690.198,10974.786,"","","","",""
1633657258224,"2021-10-08T01:40:58.224Z","4.12.2",4,"tarball",10935.225,12040.092,"","","","",""
1633657292164,"2021-10-08T01:41:32.164Z","3.13.1",3,"tarball",14358.5,14572.85,"","","","",""
1633657298164,"2021-10-08T01:41:38.164Z","6-next",6,"tarball",14262.557,14837.154,"","","","",""
1633743203157,"2021-10-09T01:33:23.157Z","4.12.2",4,"info",847.934,893.422,"","","","",""
1633743215070,"2021-10-09T01:33:35.070Z","5.1.3",5,"info",1315.608,1308.814,"","","","",""
1633743234616,"2021-10-09T01:33:54.616Z","6-next",6,"info",887.939,935.976,"","","","",""
1633743236021,"2021-10-09T01:33:56.021Z","3.13.1",3,"info",1285.495,1321.778,"","","","",""
1633743578582,"2021-10-09T01:39:38.582Z","4.12.2",4,"tarball",11235.849,11288.855,"","","","",""
1633743605641,"2021-10-09T01:40:05.641Z","5.1.3",5,"tarball",12566.283,13145.206,"","","","",""
1633743630521,"2021-10-09T01:40:30.521Z","6-next",6,"tarball",14918.521,15051.662,"","","","",""
1633743663706,"2021-10-09T01:41:03.706Z","3.13.1",3,"tarball",17455.977,17373.745,"","","","",""
1633829614627,"2021-10-10T01:33:34.627Z","5.1.3",5,"info",873.879,883.581,"","","","",""
1633829634251,"2021-10-10T01:33:54.251Z","3.13.1",3,"info",1000.378,1024.807,"","","","",""
1633829649005,"2021-10-10T01:34:09.005Z","4.12.2",4,"info",1303.815,1311.191,"","","","",""
1633829658877,"2021-10-10T01:34:18.877Z","6-next",6,"info",1037.26,1066.121,"","","","",""
1633830004242,"2021-10-10T01:40:04.242Z","5.1.3",5,"tarball",10827.544,10860.283,"","","","",""
1633830008122,"2021-10-10T01:40:08.122Z","4.12.2",4,"tarball",11064.812,11215.989,"","","","",""
1633830024523,"2021-10-10T01:40:24.523Z","6-next",6,"tarball",12065.649,12489.986,"","","","",""
1633830069689,"2021-10-10T01:41:09.689Z","3.13.1",3,"tarball",15711.181,15858.243,"","","","",""
1633915995503,"2021-10-11T01:33:15.503Z","5.1.3",5,"info",862.163,886.571,"","","","",""
1633915996169,"2021-10-11T01:33:16.169Z","3.13.1",3,"info",855.935,919.415,"","","","",""
1633916001727,"2021-10-11T01:33:21.727Z","4.12.2",4,"info",1268.863,1272.673,"","","","",""
1633916009716,"2021-10-11T01:33:29.716Z","6-next",6,"info",1078.703,1103.882,"","","","",""
1633916340223,"2021-10-11T01:39:00.223Z","3.13.1",3,"tarball",11043.467,11136.288,"","","","",""
1633916349711,"2021-10-11T01:39:09.711Z","6-next",6,"tarball",11758.396,11826.478,"","","","",""
1633916361706,"2021-10-11T01:39:21.706Z","4.12.2",4,"tarball",12564.786,12736.749,"","","","",""
1633916398038,"2021-10-11T01:39:58.038Z","5.1.3",5,"tarball",15235.426,15492.321,"","","","",""
1634002484868,"2021-10-12T01:34:44.868Z","5.1.3",5,"info",1018.914,1057.26,"","","","",""
1634002488220,"2021-10-12T01:34:48.220Z","4.12.2",4,"info",1157.464,1149.462,"","","","",""
1634002495041,"2021-10-12T01:34:55.041Z","3.13.1",3,"info",1012.576,1035.078,"","","","",""
1634002498898,"2021-10-12T01:34:58.898Z","6-next",6,"info",1083.198,1111.254,"","","","",""
1634002925020,"2021-10-12T01:42:05.020Z","4.12.2",4,"tarball",13496.006,13998.84,"","","","",""
1634002932627,"2021-10-12T01:42:12.627Z","6-next",6,"tarball",14587.24,14715.415,"","","","",""
1634002939969,"2021-10-12T01:42:19.969Z","5.1.3",5,"tarball",15219.575,15259.356,"","","","",""
1634002944176,"2021-10-12T01:42:24.176Z","3.13.1",3,"tarball",15498.695,15503.139,"","","","",""
1634088861454,"2021-10-13T01:34:21.454Z","3.13.1",3,"info",941.956,983.715,"","","","",""
1634088865079,"2021-10-13T01:34:25.079Z","5.1.3",5,"info",1026.276,1086.834,"","","","",""
1634088881532,"2021-10-13T01:34:41.532Z","4.12.2",4,"info",1045.422,1082.298,"","","","",""
1634088907208,"2021-10-13T01:35:07.208Z","6-next",6,"info",1126.005,1141.523,"","","","",""
1634089254482,"2021-10-13T01:40:54.482Z","4.12.2",4,"tarball",12601.126,12719.456,"","","","",""
1634089260818,"2021-10-13T01:41:00.818Z","3.13.1",3,"tarball",13061.6,13180.586,"","","","",""
1634089288128,"2021-10-13T01:41:28.128Z","5.1.3",5,"tarball",14768.616,15395.736,"","","","",""
1634089336402,"2021-10-13T01:42:16.402Z","6-next",6,"tarball",18549.483,18744.902,"","","","",""
1634175178745,"2021-10-14T01:32:58.745Z","3.13.1",3,"info",1068.353,1110.565,"","","","",""
1634175190174,"2021-10-14T01:33:10.174Z","5.1.3",5,"info",1178.951,1194.953,"","","","",""
1634175197995,"2021-10-14T01:33:17.995Z","4.12.2",4,"info",1035.541,1048.688,"","","","",""
1634175209725,"2021-10-14T01:33:29.725Z","6-next",6,"info",1027.041,1036.141,"","","","",""
1634175563029,"2021-10-14T01:39:23.029Z","5.1.3",5,"tarball",12460.013,12965.419,"","","","",""
1634175573984,"2021-10-14T01:39:33.984Z","6-next",6,"tarball",13793.381,13997.757,"","","","",""
1634175605967,"2021-10-14T01:40:05.967Z","4.12.2",4,"tarball",15908.938,15976.432,"","","","",""
1634175609467,"2021-10-14T01:40:09.467Z","3.13.1",3,"tarball",15984.942,16668.527,"","","","",""
1634261586256,"2021-10-15T01:33:06.256Z","3.13.1",3,"info",948.374,959.531,"","","","",""
1634261588543,"2021-10-15T01:33:08.543Z","5.1.3",5,"info",992.856,1014.13,"","","","",""
1634261610419,"2021-10-15T01:33:30.419Z","4.12.2",4,"info",1428.139,1370.928,"","","","",""
1634261613868,"2021-10-15T01:33:33.868Z","6-next",6,"info",1396.745,1485.265,"","","","",""
1634261938168,"2021-10-15T01:38:58.168Z","5.1.3",5,"tarball",12327.114,12457.413,"","","","",""
1634261953117,"2021-10-15T01:39:13.117Z","4.12.2",4,"tarball",13853.844,13946.848,"","","","",""
1634261981290,"2021-10-15T01:39:41.290Z","6-next",6,"tarball",15677.453,15789.206,"","","","",""
1634262016203,"2021-10-15T01:40:16.203Z","3.13.1",3,"tarball",16946.137,17117.161,"","","","",""
1634348049131,"2021-10-16T01:34:09.131Z","3.13.1",3,"info",1179.211,1218.96,"","","","",""
1634348053744,"2021-10-16T01:34:13.744Z","5.1.3",5,"info",1029.567,1044.098,"","","","",""
1634348062400,"2021-10-16T01:34:22.400Z","4.12.2",4,"info",1002.388,1030.858,"","","","",""
1634348065269,"2021-10-16T01:34:25.269Z","6-next",6,"info",911.014,975.699,"","","","",""
1634348324096,"2021-10-16T01:38:44.096Z","3.13.1",3,"tarball",11348.118,11431.46,"","","","",""
1634348381083,"2021-10-16T01:39:41.083Z","6-next",6,"tarball",13792.779,13940.715,"","","","",""
1634348401790,"2021-10-16T01:40:01.790Z","5.1.3",5,"tarball",15883.204,15881.964,"","","","",""
1634348422118,"2021-10-16T01:40:22.118Z","4.12.2",4,"tarball",16042.772,16165.019,"","","","",""
1634434438987,"2021-10-17T01:33:58.987Z","3.13.1",3,"info",964.754,987.551,"","","","",""
1634434441960,"2021-10-17T01:34:01.960Z","4.12.2",4,"info",1237.603,1256.223,"","","","",""
1634434459434,"2021-10-17T01:34:19.434Z","6-next",6,"info",1022.228,1055.841,"","","","",""
1634434468577,"2021-10-17T01:34:28.577Z","5.1.3",5,"info",1169.941,1233.06,"","","","",""
1634434691361,"2021-10-17T01:38:11.361Z","5.1.3",5,"tarball",10075.489,10038.703,"","","","",""
1634434744899,"2021-10-17T01:39:04.899Z","3.13.1",3,"tarball",11471.437,11863.793,"","","","",""
1634434765095,"2021-10-17T01:39:25.095Z","4.12.2",4,"tarball",13436.245,13468.514,"","","","",""
1634434766681,"2021-10-17T01:39:26.681Z","6-next",6,"tarball",13757.132,14015.922,"","","","",""
1634520836493,"2021-10-18T01:33:56.493Z","4.12.2",4,"info",945.297,981.084,"","","","",""
1634520843407,"2021-10-18T01:34:03.407Z","3.13.1",3,"info",1022.893,1043.863,"","","","",""
1634520862288,"2021-10-18T01:34:22.288Z","6-next",6,"info",1094.701,1095.625,"","","","",""
1634520887214,"2021-10-18T01:34:47.214Z","5.1.3",5,"info",1319.322,1377.51,"","","","",""
1634521139557,"2021-10-18T01:38:59.557Z","6-next",6,"tarball",9877.226,9968.984,"","","","",""
1634521152227,"2021-10-18T01:39:12.227Z","3.13.1",3,"tarball",13186.991,13277.584,"","","","",""
1634521222159,"2021-10-18T01:40:22.159Z","4.12.2",4,"tarball",14505.957,14997.026,"","","","",""
1634521250390,"2021-10-18T01:40:50.390Z","5.1.3",5,"tarball",13890.754,13959.895,"","","","",""
1634607163647,"2021-10-19T01:32:43.647Z","3.13.1",3,"info",1011.346,1520.576,"","","","",""
1634607178646,"2021-10-19T01:32:58.646Z","6-next",6,"info",897.387,965.587,"","","","",""
1634607180487,"2021-10-19T01:33:00.487Z","5.1.3",5,"info",1059.883,1165.543,"","","","",""
1634607180678,"2021-10-19T01:33:00.678Z","4.12.2",4,"info",1339.588,1388.536,"","","","",""
1634607436749,"2021-10-19T01:37:16.749Z","3.13.1",3,"tarball",9757.947,9931.207,"","","","",""
1634607504488,"2021-10-19T01:38:24.488Z","6-next",6,"tarball",13607.543,13716.753,"","","","",""
1634607507508,"2021-10-19T01:38:27.508Z","4.12.2",4,"tarball",14085.53,14615.482,"","","","",""
1634607539987,"2021-10-19T01:38:59.987Z","5.1.3",5,"tarball",13466.111,13946.164,"","","","",""
1634693602642,"2021-10-20T01:33:22.642Z","3.13.1",3,"info",959.609,1001.816,"","","","",""
1634693611852,"2021-10-20T01:33:31.852Z","4.12.2",4,"info",1002.602,1034.006,"","","","",""
1634693613960,"2021-10-20T01:33:33.960Z","5.1.3",5,"info",996.287,1044.46,"","","","",""
1634693618655,"2021-10-20T01:33:38.655Z","6-next",6,"info",882.542,961.266,"","","","",""
1634693909697,"2021-10-20T01:38:29.697Z","5.1.3",5,"tarball",11388.746,11453.672,"","","","",""
1634693942251,"2021-10-20T01:39:02.251Z","4.12.2",4,"tarball",13075.249,13107.633,"","","","",""
1634693945879,"2021-10-20T01:39:05.879Z","3.13.1",3,"tarball",11706.395,11756.908,"","","","",""
1634693987944,"2021-10-20T01:39:47.944Z","6-next",6,"tarball",13728.13,13882.846,"","","","",""
1634780166790,"2021-10-21T01:36:06.790Z","5.1.3",5,"info",897.93,929.89,"","","","",""
1634780171742,"2021-10-21T01:36:11.742Z","3.13.1",3,"info",954.005,1038.417,"","","","",""
1634780182903,"2021-10-21T01:36:22.903Z","6-next",6,"info",1026.598,1063.336,"","","","",""
1634780188912,"2021-10-21T01:36:28.912Z","4.12.2",4,"info",1355.055,1410.869,"","","","",""
1634780448532,"2021-10-21T01:40:48.532Z","3.13.1",3,"tarball",11432.368,11429.767,"","","","",""
1634780452891,"2021-10-21T01:40:52.891Z","4.12.2",4,"tarball",11456.941,11520.524,"","","","",""
1634780468701,"2021-10-21T01:41:08.701Z","6-next",6,"tarball",11009.182,11273.956,"","","","",""
1634780506865,"2021-10-21T01:41:46.865Z","5.1.3",5,"tarball",13295.11,13411.512,"","","","",""
1634866540129,"2021-10-22T01:35:40.129Z","5.1.3",5,"info",837.583,953.228,"","","","",""
1634866549248,"2021-10-22T01:35:49.248Z","3.13.1",3,"info",980.191,994.794,"","","","",""
1634866552981,"2021-10-22T01:35:52.981Z","4.12.2",4,"info",1092.208,1123.267,"","","","",""
1634866572507,"2021-10-22T01:36:12.507Z","6-next",6,"info",1376.491,1368.612,"","","","",""
1634866821395,"2021-10-22T01:40:21.395Z","4.12.2",4,"tarball",9873.411,10078.529,"","","","",""
1634866830375,"2021-10-22T01:40:30.375Z","6-next",6,"tarball",9953.073,10295.713,"","","","",""
1634866848362,"2021-10-22T01:40:48.362Z","5.1.3",5,"tarball",12370.563,12636.945,"","","","",""
1634866858928,"2021-10-22T01:40:58.928Z","3.13.1",3,"tarball",12114.949,12382.634,"","","","",""
1634952888869,"2021-10-23T01:34:48.869Z","5.1.3",5,"info",1017.87,1018.061,"","","","",""
1634952895210,"2021-10-23T01:34:55.210Z","6-next",6,"info",976.856,1012.519,"","","","",""
1634952904980,"2021-10-23T01:35:04.980Z","3.13.1",3,"info",1161.298,1144.257,"","","","",""
1634952913926,"2021-10-23T01:35:13.926Z","4.12.2",4,"info",1180.874,1348.595,"","","","",""
1634953146251,"2021-10-23T01:39:06.251Z","5.1.3",5,"tarball",10216.097,10646.75,"","","","",""
1634953167754,"2021-10-23T01:39:27.754Z","4.12.2",4,"tarball",8816.795,9176.927,"","","","",""
1634953206990,"2021-10-23T01:40:06.990Z","3.13.1",3,"tarball",12300.041,12905.126,"","","","",""
1634953262392,"2021-10-23T01:41:02.392Z","6-next",6,"tarball",12884.44,13080.758,"","","","",""
1635039160496,"2021-10-24T01:32:40.496Z","4.12.2",4,"info",1166.107,1170.026,"","","","",""
1635039177326,"2021-10-24T01:32:57.326Z","3.13.1",3,"info",891.118,931.808,"","","","",""
1635039183251,"2021-10-24T01:33:03.251Z","5.1.3",5,"info",941.441,997.411,"","","","",""
1635039192633,"2021-10-24T01:33:12.633Z","6-next",6,"info",909.02,1024.863,"","","","",""
1635039396078,"2021-10-24T01:36:36.078Z","4.12.2",4,"tarball",8228.419,8743.367,"","","","",""
1635039420967,"2021-10-24T01:37:00.967Z","5.1.3",5,"tarball",9070.995,9522.12,"","","","",""
1635039473056,"2021-10-24T01:37:53.056Z","6-next",6,"tarball",11664.363,11907.589,"","","","",""
1635039491604,"2021-10-24T01:38:11.604Z","3.13.1",3,"tarball",11806.514,11909.932,"","","","",""
1635125702997,"2021-10-25T01:35:02.997Z","5.1.3",5,"info",986.522,1032.689,"","","","",""
1635125705093,"2021-10-25T01:35:05.093Z","3.13.1",3,"info",1079.755,1090.054,"","","","",""
1635125706628,"2021-10-25T01:35:06.628Z","4.12.2",4,"info",1001.1,1046.427,"","","","",""
1635125718635,"2021-10-25T01:35:18.635Z","6-next",6,"info",1109.225,1134.752,"","","","",""
1635125914271,"2021-10-25T01:38:34.271Z","5.1.3",5,"tarball",9046.63,9101.275,"","","","",""
1635125966234,"2021-10-25T01:39:26.234Z","3.13.1",3,"tarball",10105.565,10592.849,"","","","",""
1635125967116,"2021-10-25T01:39:27.116Z","4.12.2",4,"tarball",9692.495,9989.783,"","","","",""
1635126003832,"2021-10-25T01:40:03.832Z","6-next",6,"tarball",10689.351,10799.564,"","","","",""
1635211834618,"2021-10-26T01:30:34.618Z","4.12.2",4,"info",844.361,888,"","","","",""
1635211840722,"2021-10-26T01:30:40.722Z","3.13.1",3,"info",1040.917,1171.758,"","","","",""
1635211849519,"2021-10-26T01:30:49.519Z","5.1.3",5,"info",1286.053,1366.547,"","","","",""
1635211861278,"2021-10-26T01:31:01.278Z","6-next",6,"info",921.675,944.121,"","","","",""
1635212126791,"2021-10-26T01:35:26.791Z","5.1.3",5,"tarball",10637.288,10718.242,"","","","",""
1635212175865,"2021-10-26T01:36:15.865Z","6-next",6,"tarball",9606.789,9660.416,"","","","",""
1635212191286,"2021-10-26T01:36:31.286Z","3.13.1",3,"tarball",12309.47,12426.239,"","","","",""
1635212223877,"2021-10-26T01:37:03.877Z","4.12.2",4,"tarball",13191.878,13284.03,"","","","",""
1635298261001,"2021-10-27T01:31:01.001Z","3.13.1",3,"info",1073.459,1118.798,"","","","",""
1635298261225,"2021-10-27T01:31:01.225Z","5.1.3",5,"info",1149.597,1127.584,"","","","",""
1635298265297,"2021-10-27T01:31:05.297Z","4.12.2",4,"info",1145.034,1289.873,"","","","",""
1635298276484,"2021-10-27T01:31:16.484Z","6-next",6,"info",1329.678,1345.311,"","","","",""
1635298548489,"2021-10-27T01:35:48.489Z","5.1.3",5,"tarball",10390.83,10514.722,"","","","",""
1635298553362,"2021-10-27T01:35:53.362Z","4.12.2",4,"tarball",8880.511,9034.021,"","","","",""
1635298572383,"2021-10-27T01:36:12.383Z","3.13.1",3,"tarball",10771.67,10893.272,"","","","",""
1635298600863,"2021-10-27T01:36:40.863Z","6-next",6,"tarball",12341.166,12768.467,"","","","",""
1635384652052,"2021-10-28T01:30:52.052Z","5.1.3",5,"info",866.386,882.852,"","","","",""
1635384671468,"2021-10-28T01:31:11.468Z","3.13.1",3,"info",1402.702,1437.963,"","","","",""
1635384684471,"2021-10-28T01:31:24.471Z","6-next",6,"info",1290.789,1320.751,"","","","",""
1635384693631,"2021-10-28T01:31:33.631Z","4.12.2",4,"info",1327.253,1430.56,"","","","",""
1635384936220,"2021-10-28T01:35:36.220Z","4.12.2",4,"tarball",8706.18,8873.68,"","","","",""
1635384939520,"2021-10-28T01:35:39.520Z","6-next",6,"tarball",8704.88,8857.182,"","","","",""
1635384957263,"2021-10-28T01:35:57.263Z","3.13.1",3,"tarball",10777.809,10801.604,"","","","",""
1635384989066,"2021-10-28T01:36:29.066Z","5.1.3",5,"tarball",12099.906,12226.159,"","","","",""
1635471243448,"2021-10-29T01:34:03.448Z","3.13.1",3,"info",1019.068,1056.331,"","","","",""
1635471245681,"2021-10-29T01:34:05.681Z","4.12.2",4,"info",1188.012,1207.937,"","","","",""
1635471264440,"2021-10-29T01:34:24.440Z","6-next",6,"info",1146.068,1193.103,"","","","",""
1635471317822,"2021-10-29T01:35:17.822Z","5.1.3",5,"info",1273.316,1327.203,"","","","",""
1635471487399,"2021-10-29T01:38:07.399Z","3.13.1",3,"tarball",11274.103,11310.238,"","","","",""
1635471489280,"2021-10-29T01:38:09.280Z","5.1.3",5,"tarball",8766.722,8873.757,"","","","",""
1635471514146,"2021-10-29T01:38:34.146Z","4.12.2",4,"tarball",13284.612,13202.705,"","","","",""
1635471522469,"2021-10-29T01:38:42.469Z","6-next",6,"tarball",11135.006,11250.584,"","","","",""
1635557452925,"2021-10-30T01:30:52.925Z","3.13.1",3,"info",1119.324,1135.553,"","","","",""
1635557463004,"2021-10-30T01:31:03.004Z","6-next",6,"info",1345.418,1405.651,"","","","",""
1635557467486,"2021-10-30T01:31:07.486Z","5.1.3",5,"info",1016.66,1086.72,"","","","",""
1635557472977,"2021-10-30T01:31:12.977Z","4.12.2",4,"info",1145.747,1151.725,"","","","",""
1635557708539,"2021-10-30T01:35:08.539Z","3.13.1",3,"tarball",9036.162,9665.534,"","","","",""
1635557734660,"2021-10-30T01:35:34.660Z","6-next",6,"tarball",9829.46,10238.438,"","","","",""
1635557766670,"2021-10-30T01:36:06.670Z","5.1.3",5,"tarball",11311.083,11525.112,"","","","",""
1635557769064,"2021-10-30T01:36:09.064Z","4.12.2",4,"tarball",11325.119,11703.873,"","","","",""
1635643977905,"2021-10-31T01:32:57.905Z","4.12.2",4,"info",1025.5,1054.131,"","","","",""
1635643983569,"2021-10-31T01:33:03.569Z","5.1.3",5,"info",952.58,998.289,"","","","",""
1635643985349,"2021-10-31T01:33:05.349Z","3.13.1",3,"info",1071.502,1081.375,"","","","",""
1635643999260,"2021-10-31T01:33:19.260Z","6-next",6,"info",1020.738,1125.827,"","","","",""
1635644251235,"2021-10-31T01:37:31.235Z","4.12.2",4,"tarball",8536.663,8812.984,"","","","",""
1635644270141,"2021-10-31T01:37:50.141Z","5.1.3",5,"tarball",9888.919,10080.409,"","","","",""
1635644274655,"2021-10-31T01:37:54.655Z","6-next",6,"tarball",8956.07,9058.835,"","","","",""
1635644331247,"2021-10-31T01:38:51.247Z","3.13.1",3,"tarball",14047.108,14092.705,"","","","",""
1635730323772,"2021-11-01T01:32:03.772Z","3.13.1",3,"info",1021.007,1072.729,"","","","",""
1635730343854,"2021-11-01T01:32:23.854Z","5.1.3",5,"info",1078.733,1077.598,"","","","",""
1635730348745,"2021-11-01T01:32:28.745Z","6-next",6,"info",1288.201,1313.754,"","","","",""
1635730357389,"2021-11-01T01:32:37.389Z","4.12.2",4,"info",1474.862,1502.35,"","","","",""
1635730606115,"2021-11-01T01:36:46.115Z","3.13.1",3,"tarball",8885.078,9132.837,"","","","",""
1635730647016,"2021-11-01T01:37:27.016Z","4.12.2",4,"tarball",12054.854,12242.153,"","","","",""
1635730698572,"2021-11-01T01:38:18.572Z","5.1.3",5,"tarball",12196.129,12240.684,"","","","",""
1635730734646,"2021-11-01T01:38:54.646Z","6-next",6,"tarball",14000.833,13907.107,"","","","",""
1635816807932,"2021-11-02T01:33:27.932Z","5.1.3",5,"info",883.166,882.822,"","","","",""
1635816829078,"2021-11-02T01:33:49.078Z","4.12.2",4,"info",1152.664,1195.454,"","","","",""
1635816968888,"2021-11-02T01:36:08.888Z","6-next",6,"info",999.567,1023.383,"","","","",""
1635817076478,"2021-11-02T01:37:56.478Z","4.12.2",4,"tarball",11141.519,11461.531,"","","","",""
1635817097132,"2021-11-02T01:38:17.132Z","5.1.3",5,"tarball",12275.302,12642.409,"","","","",""
1635817192734,"2021-11-02T01:39:52.734Z","3.13.1",3,"tarball",9195.418,9522.047,"","","","",""
1635817264255,"2021-11-02T01:41:04.255Z","6-next",6,"tarball",11867.149,12666.686,"","","","",""
1635903093798,"2021-11-03T01:31:33.798Z","3.13.1",3,"info",921.738,940.228,"","","","",""
1635903126641,"2021-11-03T01:32:06.641Z","6-next",6,"info",934.497,974.624,"","","","",""
1635903129391,"2021-11-03T01:32:09.391Z","5.1.3",5,"info",1277.962,1267.576,"","","","",""
1635903137654,"2021-11-03T01:32:17.654Z","4.12.2",4,"info",1305.654,1337.813,"","","","",""
1635903394924,"2021-11-03T01:36:34.924Z","4.12.2",4,"tarball",10439.045,10533.111,"","","","",""
1635903412681,"2021-11-03T01:36:52.681Z","5.1.3",5,"tarball",11937.756,11743.447,"","","","",""
1635903462209,"2021-11-03T01:37:42.209Z","3.13.1",3,"tarball",13304.773,13146.271,"","","","",""
1635903474605,"2021-11-03T01:37:54.605Z","6-next",6,"tarball",12709.915,13228.923,"","","","",""
1635989504098,"2021-11-04T01:31:44.098Z","3.13.1",3,"info",1000.08,1038.519,"","","","",""
1635989514602,"2021-11-04T01:31:54.602Z","4.12.2",4,"info",1069.412,1081.041,"","","","",""
1635989526284,"2021-11-04T01:32:06.284Z","6-next",6,"info",1155.931,1178.386,"","","","",""
1635989545541,"2021-11-04T01:32:25.541Z","5.1.3",5,"info",1013.988,1125.45,"","","","",""
1635989822393,"2021-11-04T01:37:02.393Z","4.12.2",4,"tarball",9502.426,9616.173,"","","","",""
1635989825032,"2021-11-04T01:37:05.032Z","3.13.1",3,"tarball",9569.977,9632.026,"","","","",""
1635989849975,"2021-11-04T01:37:29.975Z","6-next",6,"tarball",11377.403,11472.504,"","","","",""
1635989878404,"2021-11-04T01:37:58.404Z","5.1.3",5,"tarball",13090.108,13566.659,"","","","",""
1636075932592,"2021-11-05T01:32:12.592Z","3.13.1",3,"info",873.624,905.872,"","","","",""
1636075948256,"2021-11-05T01:32:28.256Z","5.1.3",5,"info",1025.781,1048.285,"","","","",""
1636075960392,"2021-11-05T01:32:40.392Z","6-next",6,"info",920.037,938.125,"","","","",""
1636075961517,"2021-11-05T01:32:41.517Z","4.12.2",4,"info",1140.747,1149.978,"","","","",""
1636076280669,"2021-11-05T01:38:00.669Z","6-next",6,"tarball",11704.489,11815.989,"","","","",""
1636076285908,"2021-11-05T01:38:05.908Z","5.1.3",5,"tarball",12247.315,12208.67,"","","","",""
1636076301915,"2021-11-05T01:38:21.915Z","3.13.1",3,"tarball",12478.576,12709.571,"","","","",""
1636076304497,"2021-11-05T01:38:24.497Z","4.12.2",4,"tarball",12657.609,13788.214,"","","","",""
1636162198530,"2021-11-06T01:29:58.530Z","3.13.1",3,"info",868.104,883.684,"","","","",""
1636162208302,"2021-11-06T01:30:08.302Z","5.1.3",5,"info",1221.742,1251.237,"","","","",""
1636162225193,"2021-11-06T01:30:25.193Z","4.12.2",4,"info",997.303,1017.492,"","","","",""
1636162272905,"2021-11-06T01:31:12.905Z","6-next",6,"info",1008.723,1216.475,"","","","",""
1636162545078,"2021-11-06T01:35:45.078Z","5.1.3",5,"tarball",9064.168,9443.804,"","","","",""
1636162551912,"2021-11-06T01:35:51.912Z","4.12.2",4,"tarball",9598.625,10071.239,"","","","",""
1636162576553,"2021-11-06T01:36:16.553Z","3.13.1",3,"tarball",11469.142,11570.866,"","","","",""
1636162595119,"2021-11-06T01:36:35.119Z","6-next",6,"tarball",12642.661,12752.297,"","","","",""
1636248755337,"2021-11-07T01:32:35.337Z","5.1.3",5,"info",1001.76,1066.398,"","","","",""
1636248764745,"2021-11-07T01:32:44.745Z","3.13.1",3,"info",1114.229,1108.317,"","","","",""
1636248769515,"2021-11-07T01:32:49.515Z","4.12.2",4,"info",1043.049,1038.523,"","","","",""
1636248781642,"2021-11-07T01:33:01.642Z","6-next",6,"info",1149.416,1165.244,"","","","",""
1636249103325,"2021-11-07T01:38:23.325Z","4.12.2",4,"tarball",11306.466,11405.79,"","","","",""
1636249106545,"2021-11-07T01:38:26.545Z","6-next",6,"tarball",11539.067,11660.653,"","","","",""
1636249118551,"2021-11-07T01:38:38.551Z","3.13.1",3,"tarball",12275.598,12337.747,"","","","",""
1636249143078,"2021-11-07T01:39:03.078Z","5.1.3",5,"tarball",13967.253,13721.757,"","","","",""
1636335113705,"2021-11-08T01:31:53.705Z","3.13.1",3,"info",870.863,897.183,"","","","",""
1636335134775,"2021-11-08T01:32:14.775Z","4.12.2",4,"info",951.878,987.727,"","","","",""
1636335147532,"2021-11-08T01:32:27.532Z","5.1.3",5,"info",1045.979,1109.21,"","","","",""
1636335155840,"2021-11-08T01:32:35.840Z","6-next",6,"info",1149.405,1207.136,"","","","",""
1636335420498,"2021-11-08T01:37:00.498Z","3.13.1",3,"tarball",8987.605,9084.06,"","","","",""
1636335424174,"2021-11-08T01:37:04.174Z","4.12.2",4,"tarball",9062.316,9563.767,"","","","",""
1636335485469,"2021-11-08T01:38:05.469Z","5.1.3",5,"tarball",13392.804,13493.19,"","","","",""
1636335504528,"2021-11-08T01:38:24.528Z","6-next",6,"tarball",13700.973,13771.059,"","","","",""
1636421463596,"2021-11-09T01:31:03.596Z","5.1.3",5,"info",1133.256,1185.121,"","","","",""
1636421469363,"2021-11-09T01:31:09.363Z","4.12.2",4,"info",1272.345,1380.938,"","","","",""
1636421499751,"2021-11-09T01:31:39.751Z","3.13.1",3,"info",1166.436,1185.86,"","","","",""
1636421506186,"2021-11-09T01:31:46.186Z","6-next",6,"info",1188.356,1218.946,"","","","",""
1636421792739,"2021-11-09T01:36:32.739Z","5.1.3",5,"tarball",10436.183,10489.788,"","","","",""
1636421793410,"2021-11-09T01:36:33.410Z","4.12.2",4,"tarball",10189.091,10682.922,"","","","",""
1636421806140,"2021-11-09T01:36:46.140Z","3.13.1",3,"tarball",11583.133,11617.651,"","","","",""
1636421816892,"2021-11-09T01:36:56.892Z","6-next",6,"tarball",11841.389,11992.688,"","","","",""
1636507909890,"2021-11-10T01:31:49.890Z","3.13.1",3,"info",1093.474,1074.414,"","","","",""
1636507914759,"2021-11-10T01:31:54.759Z","4.12.2",4,"info",1132.746,1173.565,"","","","",""
1636507924235,"2021-11-10T01:32:04.235Z","6-next",6,"info",934.257,949.132,"","","","",""
1636507941871,"2021-11-10T01:32:21.871Z","5.2.2",5,"info",1128.285,1118.542,"","","","",""
1636508226493,"2021-11-10T01:37:06.493Z","6-next",6,"tarball",9159.759,9323.81,"","","","",""
1636508265163,"2021-11-10T01:37:45.163Z","5.2.2",5,"tarball",11912.94,12308.777,"","","","",""
1636508272787,"2021-11-10T01:37:52.787Z","4.12.2",4,"tarball",12427.379,12537.571,"","","","",""
1636508281181,"2021-11-10T01:38:01.181Z","3.13.1",3,"tarball",13174.184,13253.046,"","","","",""
1636594334887,"2021-11-11T01:32:14.887Z","3.13.1",3,"info",1081.61,1084.841,"","","","",""
1636594336309,"2021-11-11T01:32:16.309Z","5.2.2",5,"info",1031.735,1063.208,"","","","",""
1636594343141,"2021-11-11T01:32:23.141Z","4.12.2",4,"info",1306.943,1316.976,"","","","",""
1636594355878,"2021-11-11T01:32:35.878Z","6-next",6,"info",1040.84,1065.775,"","","","",""
1636594672751,"2021-11-11T01:37:52.751Z","4.12.2",4,"tarball",11189.88,11252.211,"","","","",""
1636594687342,"2021-11-11T01:38:07.342Z","5.2.2",5,"tarball",12476.307,12536.474,"","","","",""
1636594696262,"2021-11-11T01:38:16.262Z","6-next",6,"tarball",12473.088,12587.11,"","","","",""
1636594711481,"2021-11-11T01:38:31.481Z","3.13.1",3,"tarball",12133.081,12280.274,"","","","",""
1636680785631,"2021-11-12T01:33:05.631Z","3.13.1",3,"info",1250.54,1276.748,"","","","",""
1636680786540,"2021-11-12T01:33:06.540Z","5.2.2",5,"info",1216.807,1264.093,"","","","",""
1636680803019,"2021-11-12T01:33:23.019Z","6-next",6,"info",1130.24,1155.103,"","","","",""
1636680803900,"2021-11-12T01:33:23.900Z","4.12.2",4,"info",1299.768,1363.031,"","","","",""
1636681103861,"2021-11-12T01:38:23.861Z","3.13.1",3,"tarball",9246.437,9371.136,"","","","",""
1636681104560,"2021-11-12T01:38:24.560Z","4.12.2",4,"tarball",9318.202,9420.661,"","","","",""
1636681115710,"2021-11-12T01:38:35.710Z","6-next",6,"tarball",9792.601,9947.478,"","","","",""
1636681137743,"2021-11-12T01:38:57.743Z","5.2.2",5,"tarball",11525.367,11830.254,"","","","",""
1636767019366,"2021-11-13T01:30:19.366Z","4.12.2",4,"info",920.117,930.382,"","","","",""
1636767024066,"2021-11-13T01:30:24.066Z","3.13.1",3,"info",921.92,968.994,"","","","",""
1636767024590,"2021-11-13T01:30:24.590Z","6-next",6,"info",1044.92,1072.238,"","","","",""
1636767065928,"2021-11-13T01:31:05.928Z","5.2.2",5,"info",1282.84,1313.902,"","","","",""
1636767346262,"2021-11-13T01:35:46.262Z","4.12.2",4,"tarball",8863.597,8977.993,"","","","",""
1636767385596,"2021-11-13T01:36:25.596Z","3.13.1",3,"tarball",11575.025,11978.378,"","","","",""
1636767388043,"2021-11-13T01:36:28.043Z","5.2.2",5,"tarball",11839.286,11802.633,"","","","",""
1636767397379,"2021-11-13T01:36:37.379Z","6-next",6,"tarball",12188.904,12398.113,"","","","",""
1636853557700,"2021-11-14T01:32:37.700Z","3.13.1",3,"info",1029.56,1055.728,"","","","",""
1636853558053,"2021-11-14T01:32:38.053Z","5.2.2",5,"info",1268.803,1300.406,"","","","",""
1636853562093,"2021-11-14T01:32:42.093Z","4.12.2",4,"info",910.064,963.985,"","","","",""
1636853562802,"2021-11-14T01:32:42.802Z","6-next",6,"info",888.761,940.521,"","","","",""
1636853890208,"2021-11-14T01:38:10.208Z","4.12.2",4,"tarball",9890.87,9977.318,"","","","",""
1636853890667,"2021-11-14T01:38:10.667Z","5.2.2",5,"tarball",9981.77,10041.649,"","","","",""
1636853893865,"2021-11-14T01:38:13.865Z","3.13.1",3,"tarball",10174.785,10304.449,"","","","",""
1636853897840,"2021-11-14T01:38:17.840Z","6-next",6,"tarball",10265.051,10658.668,"","","","",""
1636939912592,"2021-11-15T01:31:52.592Z","6-next",6,"info",953.072,1015.23,"","","","",""
1636939924221,"2021-11-15T01:32:04.221Z","5.2.2",5,"info",1035.159,1077.008,"","","","",""
1636939926347,"2021-11-15T01:32:06.347Z","4.12.2",4,"info",1006.609,1050.96,"","","","",""
1636939927051,"2021-11-15T01:32:07.051Z","3.13.1",3,"info",992.011,1062.751,"","","","",""
1636940274773,"2021-11-15T01:37:54.773Z","6-next",6,"tarball",10164.993,10317.63,"","","","",""
1636940277875,"2021-11-15T01:37:57.875Z","4.12.2",4,"tarball",10263.938,10730.349,"","","","",""
1636940280884,"2021-11-15T01:38:00.884Z","5.2.2",5,"tarball",10520.658,10678.534,"","","","",""
1636940294469,"2021-11-15T01:38:14.469Z","3.13.1",3,"tarball",11469.377,11691.673,"","","","",""
1637026299185,"2021-11-16T01:31:39.185Z","3.13.1",3,"info",956.61,991.328,"","","","",""
1637026306714,"2021-11-16T01:31:46.714Z","4.12.2",4,"info",1201.094,1222.158,"","","","",""
1637026308224,"2021-11-16T01:31:48.224Z","5.2.2",5,"info",1005.18,1003.151,"","","","",""
1637026309182,"2021-11-16T01:31:49.182Z","6-next",6,"info",978.913,1018.918,"","","","",""
1637026625553,"2021-11-16T01:37:05.553Z","6-next",6,"tarball",10264.504,10316.903,"","","","",""
1637026625582,"2021-11-16T01:37:05.582Z","4.12.2",4,"tarball",10035.958,10091.148,"","","","",""
1637026687949,"2021-11-16T01:38:07.949Z","3.13.1",3,"tarball",11957.733,12120.25,"","","","",""
1637026695852,"2021-11-16T01:38:15.852Z","5.2.2",5,"tarball",12175.682,12334.882,"","","","",""
1637112655092,"2021-11-17T01:30:55.092Z","4.12.2",4,"info",934.448,949.276,"","","","",""
1637112656343,"2021-11-17T01:30:56.343Z","5.2.2",5,"info",1046.399,1076.511,"","","","",""
1637112670928,"2021-11-17T01:31:10.928Z","3.13.1",3,"info",1108.875,1157.335,"","","","",""
1637112719006,"2021-11-17T01:31:59.006Z","6-next",6,"info",1235.093,1326.379,"","","","",""
1637112953890,"2021-11-17T01:35:53.890Z","4.12.2",4,"tarball",9865.766,9910.316,"","","","",""
1637112971019,"2021-11-17T01:36:11.019Z","6-next",6,"tarball",10872.694,11357.629,"","","","",""
1637112977795,"2021-11-17T01:36:17.795Z","5.2.2",5,"tarball",11654.918,11818.73,"","","","",""
1637113028047,"2021-11-17T01:37:08.047Z","3.13.1",3,"tarball",14929.662,15035.383,"","","","",""
1637199135544,"2021-11-18T01:32:15.544Z","5.2.2",5,"info",919.021,976.514,"","","","",""
1637199145259,"2021-11-18T01:32:25.259Z","4.12.2",4,"info",1009.588,1101.726,"","","","",""
1637199171986,"2021-11-18T01:32:51.986Z","6-next",6,"info",1069.766,1090.062,"","","","",""
1637199209300,"2021-11-18T01:33:29.300Z","3.13.1",3,"info",1373.282,1403.44,"","","","",""
1637199495215,"2021-11-18T01:38:15.215Z","4.12.2",4,"tarball",11285.077,11352.72,"","","","",""
1637199497656,"2021-11-18T01:38:17.656Z","3.13.1",3,"tarball",11327.736,11337.313,"","","","",""
1637199503442,"2021-11-18T01:38:23.442Z","6-next",6,"tarball",11826.903,12022.716,"","","","",""
1637199508338,"2021-11-18T01:38:28.338Z","5.2.2",5,"tarball",12239.297,12340.115,"","","","",""
1637285470418,"2021-11-19T01:31:10.418Z","5.2.2",5,"info",993.103,1018.561,"","","","",""
1637285478833,"2021-11-19T01:31:18.833Z","3.13.1",3,"info",917.39,945.261,"","","","",""
1637285510431,"2021-11-19T01:31:50.431Z","4.12.2",4,"info",1296.565,1427.2,"","","","",""
1637285540984,"2021-11-19T01:32:20.984Z","6-next",6,"info",1048.73,1128.445,"","","","",""
1637285836328,"2021-11-19T01:37:16.328Z","6-next",6,"tarball",11583.517,11575.731,"","","","",""
1637285839458,"2021-11-19T01:37:19.458Z","3.13.1",3,"tarball",11634.294,11728.381,"","","","",""
1637285840468,"2021-11-19T01:37:20.468Z","4.12.2",4,"tarball",11754.631,11872.812,"","","","",""
1637285855610,"2021-11-19T01:37:35.610Z","5.2.2",5,"tarball",13117.443,13092.502,"","","","",""
1637371828726,"2021-11-20T01:30:28.726Z","3.13.1",3,"info",878.421,917.094,"","","","",""
1637371833423,"2021-11-20T01:30:33.423Z","4.12.2",4,"info",886.027,896.211,"","","","",""
1637371851599,"2021-11-20T01:30:51.599Z","5.2.2",5,"info",1116.643,1177.148,"","","","",""
1637371858398,"2021-11-20T01:30:58.398Z","6-next",6,"info",1019.383,1034.203,"","","","",""
1637372208403,"2021-11-20T01:36:48.403Z","6-next",6,"tarball",9801.96,9903.831,"","","","",""
1637372233805,"2021-11-20T01:37:13.805Z","3.13.1",3,"tarball",11327.764,11420.8,"","","","",""
1637372247133,"2021-11-20T01:37:27.133Z","5.2.2",5,"tarball",12491.959,12582.402,"","","","",""
1637372250947,"2021-11-20T01:37:30.947Z","4.12.2",4,"tarball",12490.878,12879.69,"","","","",""
1637458438683,"2021-11-21T01:33:58.683Z","3.13.1",3,"info",1006.897,1053.864,"","","","",""
1637458442608,"2021-11-21T01:34:02.608Z","6-next",6,"info",915.355,955.241,"","","","",""
1637458448248,"2021-11-21T01:34:08.248Z","4.12.2",4,"info",975.806,1005.6,"","","","",""
1637458451751,"2021-11-21T01:34:11.751Z","5.2.2",5,"info",1010.169,1019.313,"","","","",""
1637458808594,"2021-11-21T01:40:08.594Z","6-next",6,"tarball",9903.557,9962.18,"","","","",""
1637458808760,"2021-11-21T01:40:08.760Z","4.12.2",4,"tarball",9923.563,10086.62,"","","","",""
1637458811806,"2021-11-21T01:40:11.806Z","5.2.2",5,"tarball",9774.189,10419.201,"","","","",""
1637458841880,"2021-11-21T01:40:41.880Z","3.13.1",3,"tarball",11990.951,12129.413,"","","","",""
1637544726454,"2021-11-22T01:32:06.454Z","3.13.1",3,"info",1038.585,1043.996,"","","","",""
1637544733892,"2021-11-22T01:32:13.892Z","4.12.2",4,"info",1010.917,1032.88,"","","","",""
1637544748347,"2021-11-22T01:32:28.347Z","5.2.2",5,"info",962.367,986.635,"","","","",""
1637544751268,"2021-11-22T01:32:31.268Z","6-next",6,"info",996.242,992.548,"","","","",""
1637545035789,"2021-11-22T01:37:15.789Z","5.2.2",5,"tarball",9799.65,9839.347,"","","","",""
1637545041994,"2021-11-22T01:37:21.994Z","6-next",6,"tarball",10111.763,10217.224,"","","","",""
1637545056003,"2021-11-22T01:37:36.003Z","3.13.1",3,"tarball",11204.195,11331.681,"","","","",""
1637545066902,"2021-11-22T01:37:46.902Z","4.12.2",4,"tarball",11524.528,11932.466,"","","","",""
1637631061520,"2021-11-23T01:31:01.520Z","5.2.2",5,"info",863.232,861.948,"","","","",""
1637631075738,"2021-11-23T01:31:15.738Z","3.13.1",3,"info",968.632,997.641,"","","","",""
1637631095233,"2021-11-23T01:31:35.233Z","6-next",6,"info",858.341,865.571,"","","","",""
1637631108230,"2021-11-23T01:31:48.230Z","4.12.2",4,"info",1070.173,1081.563,"","","","",""
1637631401334,"2021-11-23T01:36:41.334Z","6-next",6,"tarball",10075.829,10090.671,"","","","",""
1637631405984,"2021-11-23T01:36:45.984Z","4.12.2",4,"tarball",10263.224,10466.879,"","","","",""
1637631423790,"2021-11-23T01:37:03.790Z","3.13.1",3,"tarball",11545.636,11868.826,"","","","",""
1637631444010,"2021-11-23T01:37:24.010Z","5.2.2",5,"tarball",12902.818,12981.899,"","","","",""
1637717501611,"2021-11-24T01:31:41.611Z","3.13.1",3,"info",923.856,941.041,"","","","",""
1637717511515,"2021-11-24T01:31:51.515Z","5.2.2",5,"info",870.498,870.041,"","","","",""
1637717511687,"2021-11-24T01:31:51.687Z","4.12.2",4,"info",856.228,880.441,"","","","",""
1637717524519,"2021-11-24T01:32:04.519Z","6-next",6,"info",992.371,1037.549,"","","","",""
1637717868303,"2021-11-24T01:37:48.303Z","5.2.2",5,"tarball",9517.081,9588.111,"","","","",""
1637717876161,"2021-11-24T01:37:56.161Z","3.13.1",3,"tarball",9813.446,9984.185,"","","","",""
1637717882969,"2021-11-24T01:38:02.969Z","6-next",6,"tarball",10464.387,10621.753,"","","","",""
1637717924086,"2021-11-24T01:38:44.086Z","4.12.2",4,"tarball",13275.563,13377.161,"","","","",""
1637803924522,"2021-11-25T01:32:04.522Z","5.2.2",5,"info",1024.942,1042.681,"","","","",""
1637803931816,"2021-11-25T01:32:11.816Z","6-next",6,"info",883.639,905.05,"","","","",""
1637803932014,"2021-11-25T01:32:12.014Z","3.13.1",3,"info",984.74,1034.58,"","","","",""
1637803939662,"2021-11-25T01:32:19.662Z","4.12.2",4,"info",985.067,1023.254,"","","","",""
1637804257771,"2021-11-25T01:37:37.771Z","6-next",6,"tarball",9721.471,9887.215,"","","","",""
1637804268353,"2021-11-25T01:37:48.353Z","3.13.1",3,"tarball",10319.783,10622.991,"","","","",""
1637804279826,"2021-11-25T01:37:59.826Z","5.2.2",5,"tarball",11450.548,11445.654,"","","","",""
1637804282412,"2021-11-25T01:38:02.412Z","4.12.2",4,"tarball",11315.095,11430.097,"","","","",""
1637890215717,"2021-11-26T01:30:15.717Z","3.13.1",3,"info",986.289,1022.423,"","","","",""
1637890232473,"2021-11-26T01:30:32.473Z","4.12.2",4,"info",999.124,1060.243,"","","","",""
1637890235394,"2021-11-26T01:30:35.394Z","5.2.2",5,"info",1259.389,1307.38,"","","","",""
1637890253233,"2021-11-26T01:30:53.233Z","6-next",6,"info",868.264,905.498,"","","","",""
1637890535762,"2021-11-26T01:35:35.762Z","5.2.2",5,"tarball",9557.801,9700.977,"","","","",""
1637890567585,"2021-11-26T01:36:07.585Z","4.12.2",4,"tarball",11835.416,11915.211,"","","","",""
1637890595531,"2021-11-26T01:36:35.531Z","6-next",6,"tarball",13905.714,13943.143,"","","","",""
1637890598718,"2021-11-26T01:36:38.718Z","3.13.1",3,"tarball",13974.501,14402.613,"","","","",""
1637976616822,"2021-11-27T01:30:16.822Z","5.2.2",5,"info",918.175,964.289,"","","","",""
1637976618010,"2021-11-27T01:30:18.010Z","4.12.2",4,"info",1049.576,1114.206,"","","","",""
1637976631987,"2021-11-27T01:30:31.987Z","3.13.1",3,"info",982.132,1000.231,"","","","",""
1637976638299,"2021-11-27T01:30:38.299Z","6-next",6,"info",1247.957,1264.781,"","","","",""
1637977000898,"2021-11-27T01:36:40.898Z","4.12.2",4,"tarball",10072.599,10150.324,"","","","",""
1637977018536,"2021-11-27T01:36:58.536Z","6-next",6,"tarball",11145.433,11460.57,"","","","",""
1637977035280,"2021-11-27T01:37:15.280Z","3.13.1",3,"tarball",12594.183,12763.35,"","","","",""
1637977053970,"2021-11-27T01:37:33.970Z","5.2.2",5,"tarball",13631.428,13751.046,"","","","",""
1638063092961,"2021-11-28T01:31:32.961Z","4.12.2",4,"info",933.591,940.548,"","","","",""
1638063096455,"2021-11-28T01:31:36.455Z","3.13.1",3,"info",979.82,1001.081,"","","","",""
1638063105157,"2021-11-28T01:31:45.157Z","5.2.2",5,"info",998.219,1035.174,"","","","",""
1638063119965,"2021-11-28T01:31:59.965Z","6-next",6,"info",1017.01,1072.506,"","","","",""
1638063434957,"2021-11-28T01:37:14.957Z","3.13.1",3,"tarball",9954.036,10056.208,"","","","",""
1638063435153,"2021-11-28T01:37:15.153Z","6-next",6,"tarball",10085.89,10130.457,"","","","",""
1638063493388,"2021-11-28T01:38:13.388Z","5.2.2",5,"tarball",14285.826,14252.069,"","","","",""
1638063501785,"2021-11-28T01:38:21.785Z","4.12.2",4,"tarball",14110.808,14318.728,"","","","",""
1638149526068,"2021-11-29T01:32:06.068Z","4.12.2",4,"info",942.286,955.728,"","","","",""
1638149526665,"2021-11-29T01:32:06.665Z","5.2.2",5,"info",961.308,990.052,"","","","",""
1638149558767,"2021-11-29T01:32:38.767Z","3.13.1",3,"info",1034.502,1043.808,"","","","",""
1638149569638,"2021-11-29T01:32:49.638Z","6-next",6,"info",1042.919,1119.341,"","","","",""
1638149846770,"2021-11-29T01:37:26.770Z","5.2.2",5,"tarball",9940.973,10066.822,"","","","",""
1638149891642,"2021-11-29T01:38:11.642Z","3.13.1",3,"tarball",13296.079,13359.771,"","","","",""
1638149903440,"2021-11-29T01:38:23.440Z","4.12.2",4,"tarball",13893.691,13882.888,"","","","",""
1638149935364,"2021-11-29T01:38:55.364Z","6-next",6,"tarball",13570.531,13680.697,"","","","",""
1638235853203,"2021-11-30T01:30:53.203Z","3.13.1",3,"info",913.057,916.395,"","","","",""
1638235865420,"2021-11-30T01:31:05.420Z","5.2.2",5,"info",1018.985,1063.708,"","","","",""
1638235888005,"2021-11-30T01:31:28.005Z","4.12.2",4,"info",923.744,949.647,"","","","",""
1638235891214,"2021-11-30T01:31:31.214Z","6-next",6,"info",975.085,997.328,"","","","",""
1638236192303,"2021-11-30T01:36:32.303Z","3.13.1",3,"tarball",10034.129,10229.647,"","","","",""
1638236202855,"2021-11-30T01:36:42.855Z","5.2.2",5,"tarball",10392.896,11092.252,"","","","",""
1638236215740,"2021-11-30T01:36:55.740Z","4.12.2",4,"tarball",11529.074,11630.543,"","","","",""
1638236221936,"2021-11-30T01:37:01.936Z","6-next",6,"tarball",12073.776,12409.362,"","","","",""
1638322373186,"2021-12-01T01:32:53.186Z","4.12.2",4,"info",1188.571,1189.373,"","","","",""
1638322377045,"2021-12-01T01:32:57.045Z","6-next",6,"info",1091.108,1089.615,"","","","",""
1638322379349,"2021-12-01T01:32:59.349Z","3.13.1",3,"info",1143.51,1190.653,"","","","",""
1638322383070,"2021-12-01T01:33:03.070Z","5.2.2",5,"info",981.68,1017.078,"","","","",""
1638322730089,"2021-12-01T01:38:50.089Z","4.12.2",4,"tarball",11570.115,11682.778,"","","","",""
1638322731372,"2021-12-01T01:38:51.372Z","6-next",6,"tarball",11620.608,11726.896,"","","","",""
1638322753895,"2021-12-01T01:39:13.895Z","3.13.1",3,"tarball",13365.011,13487.147,"","","","",""
1638322792850,"2021-12-01T01:39:52.850Z","5.2.2",5,"tarball",15916.426,15997.528,"","","","",""
1638408813065,"2021-12-02T01:33:33.065Z","5.2.2",5,"info",975.178,981.603,"","","","",""
1638408817565,"2021-12-02T01:33:37.565Z","3.13.1",3,"info",855.341,866.269,"","","","",""
1638408838898,"2021-12-02T01:33:58.898Z","4.12.2",4,"info",996.459,1056.66,"","","","",""
1638408858914,"2021-12-02T01:34:18.914Z","6-next",6,"info",1060.311,1068.451,"","","","",""
1638409161721,"2021-12-02T01:39:21.721Z","6-next",6,"tarball",9786.431,9986.61,"","","","",""
1638409171226,"2021-12-02T01:39:31.226Z","5.2.2",5,"tarball",10540.81,10730.446,"","","","",""
1638409195077,"2021-12-02T01:39:55.077Z","4.12.2",4,"tarball",12026.169,12194.093,"","","","",""
1638409213196,"2021-12-02T01:40:13.196Z","3.13.1",3,"tarball",13461.03,13639.006,"","","","",""
1638495088104,"2021-12-03T01:31:28.104Z","4.12.2",4,"info",822.083,839.514,"","","","",""
1638495109125,"2021-12-03T01:31:49.125Z","3.13.1",3,"info",1008.607,1034.977,"","","","",""
1638495115707,"2021-12-03T01:31:55.707Z","5.2.2",5,"info",1228.427,1231.991,"","","","",""
1638495122670,"2021-12-03T01:32:02.670Z","6-next",6,"info",1251.296,1276.296,"","","","",""
1638495423498,"2021-12-03T01:37:03.498Z","5.2.2",5,"tarball",10420.372,10622.288,"","","","",""
1638495424493,"2021-12-03T01:37:04.493Z","3.13.1",3,"tarball",10387.885,10512.109,"","","","",""
1638495484344,"2021-12-03T01:38:04.344Z","4.12.2",4,"tarball",14649.639,14729.35,"","","","",""
1638495509333,"2021-12-03T01:38:29.333Z","6-next",6,"tarball",15010.774,15495.32,"","","","",""
1638581498707,"2021-12-04T01:31:38.707Z","3.13.1",3,"info",996.916,1016.493,"","","","",""
1638581503172,"2021-12-04T01:31:43.172Z","5.2.2",5,"info",1029.746,1037.838,"","","","",""
1638581509285,"2021-12-04T01:31:49.285Z","4.12.2",4,"info",903.577,979.05,"","","","",""
1638581525976,"2021-12-04T01:32:05.976Z","6-next",6,"info",952.286,995.052,"","","","",""
1638581845134,"2021-12-04T01:37:25.134Z","5.2.2",5,"tarball",10500.789,10701.189,"","","","",""
1638581846741,"2021-12-04T01:37:26.741Z","4.12.2",4,"tarball",10447.25,10629.737,"","","","",""
1638581849452,"2021-12-04T01:37:29.452Z","6-next",6,"tarball",10578.388,10690.804,"","","","",""
1638581889150,"2021-12-04T01:38:09.150Z","3.13.1",3,"tarball",13693.881,13758.497,"","","","",""
1638668064483,"2021-12-05T01:34:24.483Z","3.13.1",3,"info",994.49,1005.966,"","","","",""
1638668079587,"2021-12-05T01:34:39.587Z","4.12.2",4,"info",968.382,1007.952,"","","","",""
1638668083269,"2021-12-05T01:34:43.269Z","5.2.2",5,"info",879.951,887.191,"","","","",""
1638668089544,"2021-12-05T01:34:49.544Z","6-next",6,"info",1027.753,1031.281,"","","","",""
1638668522546,"2021-12-05T01:42:02.546Z","3.13.1",3,"tarball",13275.389,13346.334,"","","","",""
1638668530967,"2021-12-05T01:42:10.967Z","4.12.2",4,"tarball",13866.263,13974.154,"","","","",""
1638668545380,"2021-12-05T01:42:25.380Z","5.2.2",5,"tarball",14789.374,14895.113,"","","","",""
1638668554648,"2021-12-05T01:42:34.648Z","6-next",6,"tarball",15511.362,15637.043,"","","","",""
1638754404235,"2021-12-06T01:33:24.235Z","3.13.1",3,"info",906.411,932.356,"","","","",""
1638754418139,"2021-12-06T01:33:38.139Z","5.2.2",5,"info",869.394,906.893,"","","","",""
1638754436386,"2021-12-06T01:33:56.386Z","4.12.2",4,"info",972.432,1032.802,"","","","",""
1638754437315,"2021-12-06T01:33:57.315Z","6-next",6,"info",856.703,908.756,"","","","",""
1638754744508,"2021-12-06T01:39:04.508Z","3.13.1",3,"tarball",10099.332,10077.981,"","","","",""
1638754775852,"2021-12-06T01:39:35.852Z","5.2.2",5,"tarball",11896.639,12359.567,"","","","",""
1638754777183,"2021-12-06T01:39:37.183Z","6-next",6,"tarball",12028.743,12135.866,"","","","",""
1638754792560,"2021-12-06T01:39:52.560Z","4.12.2",4,"tarball",13479.03,13528.128,"","","","",""
1638840862302,"2021-12-07T01:34:22.302Z","3.13.1",3,"info",1240.051,1261.038,"","","","",""
1638841185056,"2021-12-07T01:39:45.056Z","5.2.2",5,"tarball",9811.336,9942.392,"","","","",""
1638841192741,"2021-12-07T01:39:52.741Z","6-next",6,"tarball",10343.155,10473.866,"","","","",""
1638841197293,"2021-12-07T01:39:57.293Z","3.13.1",3,"tarball",10513.222,10642.882,"","","","",""
1638841206108,"2021-12-07T01:40:06.108Z","4.12.2",4,"tarball",10936.51,11539.511,"","","","",""
1638927188817,"2021-12-08T01:33:08.817Z","4.12.2",4,"info",974.454,998.787,"","","","",""
1639013563837,"2021-12-09T01:32:43.837Z","6-next",6,"info",836.761,856.788,"","","","",""
1639013593894,"2021-12-09T01:33:13.894Z","5.2.2",5,"info",1118.382,1097.144,"","","","",""
1639013919979,"2021-12-09T01:38:39.979Z","3.13.1",3,"tarball",12026.18,12551.848,"","","","",""
1639013941902,"2021-12-09T01:39:01.902Z","6-next",6,"tarball",13267.118,13436.843,"","","","",""
1639013958767,"2021-12-09T01:39:18.767Z","4.12.2",4,"tarball",14817.481,15285.698,"","","","",""
1639100485562,"2021-12-10T01:41:25.562Z","6-next",6,"tarball",11528.043,11523.32,"","","","",""
1639100516630,"2021-12-10T01:41:56.630Z","3.13.1",3,"tarball",13668.087,13751.601,"","","","",""
1639272876758,"2021-12-12T01:34:36.758Z","5.3.0",5,"info",845.078,890.685,"","","","",""
1639272943673,"2021-12-12T01:35:43.673Z","3.13.1",3,"info",993.267,996.177,"","","","",""
1639301265947,"2021-12-12T09:27:45.947Z","5.3.0",5,"info",1105.472,1119.706,"","","","",""
1639301286085,"2021-12-12T09:28:06.085Z","6-next",6,"info",1105.603,1145.286,"","","","",""
1639301587164,"2021-12-12T09:33:07.164Z","5.3.0",5,"tarball",10401.127,10534.273,"","","","",""
1639301660132,"2021-12-12T09:34:20.132Z","3.13.1",3,"tarball",15133.155,15343.26,"","","","",""
1639445638572,"2021-12-14T01:33:58.572Z","3.13.1",3,"info",1095.139,1083.543,"","","","",""
1639445640043,"2021-12-14T01:34:00.043Z","4.12.2",4,"info",918.857,963.21,"","","","",""
1639445645413,"2021-12-14T01:34:05.413Z","5.3.0",5,"info",950.276,1002.691,"","","","",""
1639445652681,"2021-12-14T01:34:12.681Z","6-next",6,"info",979.334,1070.559,"","","","",""
1639445974556,"2021-12-14T01:39:34.556Z","3.13.1",3,"tarball",10271.878,10396.771,"","","","",""
1639445988770,"2021-12-14T01:39:48.770Z","6-next",6,"tarball",11028.206,11496.201,"","","","",""
1639446020043,"2021-12-14T01:40:20.043Z","4.12.2",4,"tarball",13727.563,13784.907,"","","","",""
1639446024576,"2021-12-14T01:40:24.576Z","5.3.0",5,"tarball",13856.481,14073.376,"","","","",""
1639531925927,"2021-12-15T01:32:05.927Z","3.13.1",3,"info",872.22,881.798,"","","","",""
1639531935494,"2021-12-15T01:32:15.494Z","4.12.2",4,"info",1015.145,1024.301,"","","","",""
1639531945851,"2021-12-15T01:32:25.851Z","5.3.0",5,"info",917.053,925.733,"","","","",""
1639531952814,"2021-12-15T01:32:32.814Z","6-next",6,"info",1024.549,1070.699,"","","","",""
1639532236051,"2021-12-15T01:37:16.051Z","4.12.2",4,"tarball",10280.327,10452.768,"","","","",""
1639532238575,"2021-12-15T01:37:18.575Z","3.13.1",3,"tarball",10547.608,10690.681,"","","","",""
1639532279091,"2021-12-15T01:37:59.091Z","5.3.0",5,"tarball",12249.442,12383.616,"","","","",""
1639532329392,"2021-12-15T01:38:49.392Z","6-next",6,"tarball",15156.66,15160.057,"","","","",""
1639618302489,"2021-12-16T01:31:42.489Z","5.3.0",5,"info",985.146,999.443,"","","","",""
1639618314895,"2021-12-16T01:31:54.895Z","3.13.1",3,"info",883.467,935.044,"","","","",""
1639618324672,"2021-12-16T01:32:04.672Z","4.12.2",4,"info",1257.911,1297.94,"","","","",""
1639618335320,"2021-12-16T01:32:15.320Z","6-next",6,"info",1281.407,1290.693,"","","","",""
1639618682712,"2021-12-16T01:38:02.712Z","3.13.1",3,"tarball",10282.107,10377.139,"","","","",""
1639618698040,"2021-12-16T01:38:18.040Z","6-next",6,"tarball",11516.413,11555.091,"","","","",""
1639618722451,"2021-12-16T01:38:42.451Z","4.12.2",4,"tarball",13270.369,13395.984,"","","","",""
1639618746894,"2021-12-16T01:39:06.894Z","5.3.0",5,"tarball",14768.707,15045.948,"","","","",""
1639704862505,"2021-12-17T01:34:22.505Z","3.13.1",3,"info",1129.364,1125.436,"","","","",""
1639704887006,"2021-12-17T01:34:47.006Z","5.3.0",5,"info",1060.498,1086.209,"","","","",""
1639704890215,"2021-12-17T01:34:50.215Z","4.12.2",4,"info",1275.492,1283.376,"","","","",""
1639704891570,"2021-12-17T01:34:51.570Z","6-next",6,"info",1249.274,1278.399,"","","","",""
1639705188155,"2021-12-17T01:39:48.155Z","4.12.2",4,"tarball",10343.098,10579.306,"","","","",""
1639705213541,"2021-12-17T01:40:13.541Z","5.3.0",5,"tarball",12168.104,12288.113,"","","","",""
1639705240603,"2021-12-17T01:40:40.603Z","3.13.1",3,"tarball",14148.446,14176.997,"","","","",""
1639705246753,"2021-12-17T01:40:46.753Z","6-next",6,"tarball",14616.995,14772.286,"","","","",""
1639791245328,"2021-12-18T01:34:05.328Z","4.12.2",4,"info",865.898,879.125,"","","","",""
1639791254399,"2021-12-18T01:34:14.399Z","3.13.1",3,"info",850.863,891.162,"","","","",""
1639791257319,"2021-12-18T01:34:17.319Z","5.3.0",5,"info",1184.061,1199.623,"","","","",""
1639791274293,"2021-12-18T01:34:34.293Z","6-next",6,"info",953.112,955.118,"","","","",""
1639791579645,"2021-12-18T01:39:39.645Z","5.3.0",5,"tarball",10156.449,10199.382,"","","","",""
1639791612503,"2021-12-18T01:40:12.503Z","3.13.1",3,"tarball",12234.145,12360.166,"","","","",""
1639791616338,"2021-12-18T01:40:16.338Z","4.12.2",4,"tarball",12567.066,12572.21,"","","","",""
1639791640011,"2021-12-18T01:40:40.011Z","6-next",6,"tarball",14355.245,14469.803,"","","","",""
1639877714448,"2021-12-19T01:35:14.448Z","3.13.1",3,"info",980.591,979.482,"","","","",""
1639877718288,"2021-12-19T01:35:18.288Z","5.3.0",5,"info",892.072,919.706,"","","","",""
1639877727406,"2021-12-19T01:35:27.406Z","4.12.2",4,"info",1054.355,1053.924,"","","","",""
1639877742423,"2021-12-19T01:35:42.423Z","6-next",6,"info",1273.462,1298.358,"","","","",""
1639878107937,"2021-12-19T01:41:47.937Z","4.12.2",4,"tarball",10561.933,10589.608,"","","","",""
1639878157396,"2021-12-19T01:42:37.396Z","6-next",6,"tarball",13888.233,14021.398,"","","","",""
1639878164015,"2021-12-19T01:42:44.015Z","5.3.0",5,"tarball",14383.753,14359.63,"","","","",""
1639878177169,"2021-12-19T01:42:57.169Z","3.13.1",3,"tarball",15173.651,15295.188,"","","","",""
1639964049905,"2021-12-20T01:34:09.905Z","5.3.0",5,"info",1081.387,1102.999,"","","","",""
1639964054310,"2021-12-20T01:34:14.310Z","3.13.1",3,"info",952.378,956.043,"","","","",""
1639964061580,"2021-12-20T01:34:21.580Z","4.12.2",4,"info",949.968,975.785,"","","","",""
1639964065742,"2021-12-20T01:34:25.742Z","6-next",6,"info",910.785,977.142,"","","","",""
1639964381541,"2021-12-20T01:39:41.541Z","6-next",6,"tarball",10735.95,10913.175,"","","","",""
1639964403760,"2021-12-20T01:40:03.760Z","3.13.1",3,"tarball",12114.143,12250.56,"","","","",""
1639964410752,"2021-12-20T01:40:10.752Z","4.12.2",4,"tarball",12732.906,12756.199,"","","","",""
1639964429805,"2021-12-20T01:40:29.805Z","5.3.0",5,"tarball",14336.941,14485.132,"","","","",""
1640050422968,"2021-12-21T01:33:42.968Z","3.13.1",3,"info",974.715,1090.556,"","","","",""
1640050433214,"2021-12-21T01:33:53.214Z","4.12.2",4,"info",1283.953,1317.265,"","","","",""
1640050433841,"2021-12-21T01:33:53.841Z","6-next",6,"info",945.179,993.679,"","","","",""
1640050434507,"2021-12-21T01:33:54.507Z","5.3.0",5,"info",1253.494,1296.252,"","","","",""
1640050665215,"2021-12-21T01:37:45.215Z","3.13.1",3,"tarball",10416.404,10567.12,"","","","",""
1640050688349,"2021-12-21T01:38:08.349Z","5.3.0",5,"tarball",10103.544,10163.751,"","","","",""
1640050797605,"2021-12-21T01:39:57.605Z","4.12.2",4,"tarball",14228.111,14299.686,"","","","",""
1640050893104,"2021-12-21T01:41:33.104Z","6-next",6,"tarball",12693.972,12871.306,"","","","",""
1640136945425,"2021-12-22T01:35:45.425Z","5.3.0",5,"info",865.44,890.536,"","","","",""
1640136956537,"2021-12-22T01:35:56.537Z","3.13.1",3,"info",969.252,993.641,"","","","",""
1640136982743,"2021-12-22T01:36:22.743Z","6-next",6,"info",1135.095,1147.686,"","","","",""
1640137323467,"2021-12-22T01:42:03.467Z","3.13.1",3,"tarball",10764.92,10800.132,"","","","",""
1640223199399,"2021-12-23T01:33:19.399Z","5.3.0",5,"info",1108.826,1163.64,"","","","",""
1640223202102,"2021-12-23T01:33:22.102Z","4.12.2",4,"info",1217.152,1246.041,"","","","",""
1640223211360,"2021-12-23T01:33:31.360Z","3.13.1",3,"info",1434.199,1464.375,"","","","",""
1640223220604,"2021-12-23T01:33:40.604Z","6-next",6,"info",1266.088,1282.037,"","","","",""
1640223448685,"2021-12-23T01:37:28.685Z","4.12.2",4,"tarball",10727.177,10805.479,"","","","",""
1640223465988,"2021-12-23T01:37:45.988Z","6-next",6,"tarball",10118.748,10324.274,"","","","",""
1640223472590,"2021-12-23T01:37:52.590Z","5.3.0",5,"tarball",10625.18,10765.297,"","","","",""
1640223485085,"2021-12-23T01:38:05.085Z","3.13.1",3,"tarball",12464.337,12436.943,"","","","",""
1640309603275,"2021-12-24T01:33:23.275Z","4.12.2",4,"info",880.175,917.45,"","","","",""
1640309608785,"2021-12-24T01:33:28.785Z","5.3.0",5,"info",995.643,1044.601,"","","","",""
1640309612925,"2021-12-24T01:33:32.925Z","3.13.1",3,"info",999.588,987.436,"","","","",""
1640309617258,"2021-12-24T01:33:37.258Z","6-next",6,"info",1144.395,1163.889,"","","","",""
1640309857909,"2021-12-24T01:37:37.909Z","3.13.1",3,"tarball",10291.3,10465.974,"","","","",""
1640309952928,"2021-12-24T01:39:12.928Z","4.12.2",4,"tarball",14372.522,14449.398,"","","","",""
1640309956225,"2021-12-24T01:39:16.225Z","6-next",6,"tarball",14362.432,14488.949,"","","","",""
1640309984699,"2021-12-24T01:39:44.699Z","5.3.0",5,"tarball",14431.818,14965.621,"","","","",""
1640395963027,"2021-12-25T01:32:43.027Z","4.12.2",4,"info",1012.026,1014.744,"","","","",""
1640395972046,"2021-12-25T01:32:52.046Z","5.3.0",5,"info",936.32,1015.787,"","","","",""
1640395973438,"2021-12-25T01:32:53.438Z","3.13.1",3,"info",1347.43,1387.46,"","","","",""
1640395992662,"2021-12-25T01:33:12.662Z","6-next",6,"info",1331.285,1370.546,"","","","",""
1640396215424,"2021-12-25T01:36:55.424Z","4.12.2",4,"tarball",9991.01,10143.878,"","","","",""
1640396231683,"2021-12-25T01:37:11.683Z","3.13.1",3,"tarball",10192.162,10372.035,"","","","",""
1640396247284,"2021-12-25T01:37:27.284Z","5.3.0",5,"tarball",10559.226,10638.938,"","","","",""
1640396263895,"2021-12-25T01:37:43.895Z","6-next",6,"tarball",11895.02,12362.507,"","","","",""
1640482524387,"2021-12-26T01:35:24.387Z","4.12.2",4,"info",979.077,990.166,"","","","",""
1640482526638,"2021-12-26T01:35:26.638Z","3.13.1",3,"info",1259.733,1308.349,"","","","",""
1640482527468,"2021-12-26T01:35:27.468Z","5.3.0",5,"info",955.1,1031.223,"","","","",""
1640482547104,"2021-12-26T01:35:47.104Z","6-next",6,"info",977.475,1121.54,"","","","",""
1640482775311,"2021-12-26T01:39:35.311Z","5.3.0",5,"tarball",10034.574,10084.032,"","","","",""
1640482815917,"2021-12-26T01:40:15.917Z","4.12.2",4,"tarball",11565.213,11726.925,"","","","",""
1640482821096,"2021-12-26T01:40:21.096Z","3.13.1",3,"tarball",13330.721,13522.341,"","","","",""
1640482847233,"2021-12-26T01:40:47.233Z","6-next",6,"tarball",12064.055,12164.123,"","","","",""
1640568824546,"2021-12-27T01:33:44.546Z","3.13.1",3,"info",1347.498,1491.946,"","","","",""
1640568843217,"2021-12-27T01:34:03.217Z","6-next",6,"info",1060.592,1097.51,"","","","",""
1640568931703,"2021-12-27T01:35:31.703Z","5.3.0",5,"info",954.103,1015.21,"","","","",""
1640568975039,"2021-12-27T01:36:15.039Z","4.12.2",4,"info",1000.373,1055.979,"","","","",""
1640569103600,"2021-12-27T01:38:23.600Z","6-next",6,"tarball",10158.306,10230.436,"","","","",""
1640569105146,"2021-12-27T01:38:25.146Z","3.13.1",3,"tarball",10589.644,10739.789,"","","","",""
1640569171960,"2021-12-27T01:39:31.960Z","5.3.0",5,"tarball",10332.472,10298.348,"","","","",""
1640569546793,"2021-12-27T01:45:46.793Z","4.12.2",4,"tarball",11632.904,12178.042,"","","","",""
1640655212908,"2021-12-28T01:33:32.908Z","3.13.1",3,"info",971.308,995.262,"","","","",""
1640655251642,"2021-12-28T01:34:11.642Z","6-next",6,"info",881.296,908.098,"","","","",""
1640655514025,"2021-12-28T01:38:34.025Z","6-next",6,"tarball",11929.913,11997.513,"","","","",""
1640741677028,"2021-12-29T01:34:37.028Z","5.3.0",5,"info",812.929,834.712,"","","","",""
1640741683494,"2021-12-29T01:34:43.494Z","4.12.2",4,"info",979.953,991.919,"","","","",""
1640741774638,"2021-12-29T01:36:14.638Z","6-next",6,"info",1066.44,1090.291,"","","","",""
1640742050664,"2021-12-29T01:40:50.664Z","4.12.2",4,"tarball",9792.291,9877.18,"","","","",""
1640828103568,"2021-12-30T01:35:03.568Z","4.12.2",4,"info",864.668,877.807,"","","","",""
1640828108113,"2021-12-30T01:35:08.113Z","3.13.1",3,"info",1240.679,1237.837,"","","","",""
1640828128494,"2021-12-30T01:35:28.494Z","6-next",6,"info",1006.548,1043.202,"","","","",""
1640828444589,"2021-12-30T01:40:44.589Z","3.13.1",3,"tarball",10566.29,10631.048,"","","","",""
1640828506128,"2021-12-30T01:41:46.128Z","4.12.2",4,"tarball",14653.481,14857.567,"","","","",""
1640914473220,"2021-12-31T01:34:33.220Z","4.12.2",4,"info",994.152,1004.25,"","","","",""
1640914481476,"2021-12-31T01:34:41.476Z","5.3.0",5,"info",937.254,980.024,"","","","",""
1641087342004,"2022-01-02T01:35:42.004Z","6-next",6,"info",990.788,1020.68,"","","","",""
1641087719522,"2022-01-02T01:41:59.522Z","6-next",6,"tarball",14385.505,14488.857,"","","","",""
1641173693063,"2022-01-03T01:34:53.063Z","5.3.0",5,"info",986.269,1001.644,"","","","",""
1641173703353,"2022-01-03T01:35:03.353Z","4.12.2",4,"info",839.4,847.971,"","","","",""
1641173997955,"2022-01-03T01:39:57.955Z","3.13.1",3,"tarball",11040.245,11119.738,"","","","",""
1641174078213,"2022-01-03T01:41:18.213Z","4.12.2",4,"tarball",14441.186,15291.84,"","","","",""
1641260242089,"2022-01-04T01:37:22.089Z","4.12.2",4,"info",1229.372,1249.205,"","","","",""
1641260322043,"2022-01-04T01:38:42.043Z","3.13.1",3,"info",1275.999,1278.347,"","","","",""
1641260514944,"2022-01-04T01:41:54.944Z","5.3.0",5,"tarball",9925.287,10297.211,"","","","",""
1641260703050,"2022-01-04T01:45:03.050Z","6-next",6,"tarball",15121.974,15187.521,"","","","",""
1641346480500,"2022-01-05T01:34:40.500Z","3.13.1",3,"info",821.25,830.065,"","","","",""
1641346487746,"2022-01-05T01:34:47.746Z","5.3.0",5,"info",858.23,890.047,"","","","",""
1641346540213,"2022-01-05T01:35:40.213Z","4.12.2",4,"info",917.362,921.11,"","","","",""
1641433052719,"2022-01-06T01:37:32.719Z","4.12.2",4,"info",1083.008,1095.417,"","","","",""
1641433374202,"2022-01-06T01:42:54.202Z","5.3.0",5,"tarball",10240.278,10339.56,"","","","",""
1641519476507,"2022-01-07T01:37:56.507Z","6-next",6,"info",1241.78,1258.709,"","","","",""
1641519707938,"2022-01-07T01:41:47.938Z","6-next",6,"tarball",10281.811,10295.394,"","","","",""
1641605607537,"2022-01-08T01:33:27.537Z","3.13.1",3,"info",852.352,864.389,"","","","",""
1641605948880,"2022-01-08T01:39:08.880Z","6-next",6,"tarball",9877.175,10258.597,"","","","",""
1641606280634,"2022-01-08T01:44:40.634Z","4.12.2",4,"tarball",12886.445,13372.01,"","","","",""
1641692188858,"2022-01-09T01:36:28.858Z","3.13.1",3,"info",915.74,1047.12,"","","","",""
1641692571294,"2022-01-09T01:42:51.294Z","3.13.1",3,"tarball",12915.779,13012.593,"","","","",""
1641692741512,"2022-01-09T01:45:41.512Z","6-next",6,"tarball",11496.035,11650.681,"","","","",""
1641778513028,"2022-01-10T01:35:13.028Z","3.13.1",3,"info",1195.672,1285.993,"","","","",""
1641778552730,"2022-01-10T01:35:52.730Z","6-next",6,"info",994.533,1033.737,"","","","",""
1641778806356,"2022-01-10T01:40:06.356Z","6-next",6,"tarball",11425.01,11573.696,"","","","",""
1641864905407,"2022-01-11T01:35:05.407Z","6-next",6,"info",1072.297,1121.615,"","","","",""
1641865188880,"2022-01-11T01:39:48.880Z","4.12.2",4,"tarball",14043.362,14117.72,"","","","",""
1641951462224,"2022-01-12T01:37:42.224Z","4.12.2",4,"info",1178.143,1203.044,"","","","",""
1641951462975,"2022-01-12T01:37:42.975Z","3.13.1",3,"info",1144.875,1145.415,"","","","",""
1641951806666,"2022-01-12T01:43:26.666Z","3.13.1",3,"tarball",13533.583,13648.423,"","","","",""
1641951967382,"2022-01-12T01:46:07.382Z","4.12.2",4,"tarball",13365.844,13957.798,"","","","",""
1642038184583,"2022-01-13T01:43:04.583Z","5.3.0",5,"tarball",13360.977,13509.608,"","","","",""
1642038193750,"2022-01-13T01:43:13.750Z","3.13.1",3,"tarball",14031.604,14092.954,"","","","",""
1642124110268,"2022-01-14T01:35:10.268Z","5.3.0",5,"info",886.131,930.908,"","","","",""
1642124115720,"2022-01-14T01:35:15.720Z","6-next",6,"info",796.92,798.78,"","","","",""
1642124133188,"2022-01-14T01:35:33.188Z","4.12.2",4,"info",1256,1278.555,"","","","",""
1642124138470,"2022-01-14T01:35:38.470Z","3.13.1",3,"info",1301.698,1321.295,"","","","",""
1642124398273,"2022-01-14T01:39:58.273Z","6-next",6,"tarball",11312.636,11414.477,"","","","",""
1642124399189,"2022-01-14T01:39:59.189Z","4.12.2",4,"tarball",11599.454,11657.542,"","","","",""
1642124437837,"2022-01-14T01:40:37.837Z","5.3.0",5,"tarball",12683.816,12754.724,"","","","",""
1642124471690,"2022-01-14T01:41:11.690Z","3.13.1",3,"tarball",14086.734,14572.751,"","","","",""
1642210490048,"2022-01-15T01:34:50.048Z","5.3.0",5,"info",854.672,881.888,"","","","",""
1642210490391,"2022-01-15T01:34:50.391Z","3.13.1",3,"info",891.704,935.585,"","","","",""
1642210500150,"2022-01-15T01:35:00.150Z","4.12.2",4,"info",877.761,941.561,"","","","",""
1642210506284,"2022-01-15T01:35:06.284Z","6-next",6,"info",852.071,914.167,"","","","",""
1642210758592,"2022-01-15T01:39:18.592Z","3.13.1",3,"tarball",9816.978,9959.011,"","","","",""
1642210762793,"2022-01-15T01:39:22.793Z","6-next",6,"tarball",9961.131,10118.586,"","","","",""
1642210835783,"2022-01-15T01:40:35.783Z","5.3.0",5,"tarball",11715.134,11793.308,"","","","",""
1642210843622,"2022-01-15T01:40:43.622Z","4.12.2",4,"tarball",13504.271,13582.35,"","","","",""
1642296957296,"2022-01-16T01:35:57.296Z","6-next",6,"info",875.45,930.97,"","","","",""
1642296969782,"2022-01-16T01:36:09.782Z","5.3.0",5,"info",1247.5,1339.718,"","","","",""
1642296980210,"2022-01-16T01:36:20.210Z","3.13.1",3,"info",983.358,997.205,"","","","",""
1642296984956,"2022-01-16T01:36:24.956Z","4.12.2",4,"info",1027.102,1074.293,"","","","",""
1642297187905,"2022-01-16T01:39:47.905Z","4.12.2",4,"tarball",9222.554,9282.32,"","","","",""
1642297197802,"2022-01-16T01:39:57.802Z","5.3.0",5,"tarball",9978.822,10070.775,"","","","",""
1642297234120,"2022-01-16T01:40:34.120Z","3.13.1",3,"tarball",11109.705,11260.085,"","","","",""
1642297239591,"2022-01-16T01:40:39.591Z","6-next",6,"tarball",10050.569,10237.067,"","","","",""
1642383329196,"2022-01-17T01:35:29.196Z","3.13.1",3,"info",1078.998,1137.109,"","","","",""
1642383331358,"2022-01-17T01:35:31.358Z","4.12.2",4,"info",1248.952,1356.504,"","","","",""
1642383347764,"2022-01-17T01:35:47.764Z","5.3.0",5,"info",1374.812,1388.618,"","","","",""
1642383352598,"2022-01-17T01:35:52.598Z","6-next",6,"info",1258.89,1342.638,"","","","",""
1642383578731,"2022-01-17T01:39:38.731Z","3.13.1",3,"tarball",10150.904,10240.808,"","","","",""
1642383614885,"2022-01-17T01:40:14.885Z","5.3.0",5,"tarball",12429.028,12488.395,"","","","",""
1642383648972,"2022-01-17T01:40:48.972Z","4.12.2",4,"tarball",14023.578,13991.644,"","","","",""
1642383689553,"2022-01-17T01:41:29.553Z","6-next",6,"tarball",13166.188,13530.266,"","","","",""
1642469731400,"2022-01-18T01:35:31.400Z","4.12.2",4,"info",869.66,890.936,"","","","",""
1642469745635,"2022-01-18T01:35:45.635Z","3.13.1",3,"info",884.979,907.658,"","","","",""
1642469754425,"2022-01-18T01:35:54.425Z","6-next",6,"info",1068.928,1093.616,"","","","",""
1642469755150,"2022-01-18T01:35:55.150Z","5.3.0",5,"info",1040.077,1039.742,"","","","",""
1642470018943,"2022-01-18T01:40:18.943Z","6-next",6,"tarball",10927.319,10954.36,"","","","",""
1642470023698,"2022-01-18T01:40:23.698Z","3.13.1",3,"tarball",10457.539,10616.221,"","","","",""
1642470050440,"2022-01-18T01:40:50.440Z","5.3.0",5,"tarball",11851.709,11992.207,"","","","",""
1642470051323,"2022-01-18T01:40:51.323Z","4.12.2",4,"tarball",11698.942,11784.525,"","","","",""
1642556003296,"2022-01-19T01:33:23.296Z","6-next",6,"info",949.588,972.67,"","","","",""
1642556025750,"2022-01-19T01:33:45.750Z","5.3.0",5,"info",1002.852,1093.207,"","","","",""
1642556033411,"2022-01-19T01:33:53.411Z","4.12.2",4,"info",1406.778,1435.315,"","","","",""
1642556246946,"2022-01-19T01:37:26.946Z","4.12.2",4,"tarball",11172.081,11217.146,"","","","",""
1642556270205,"2022-01-19T01:37:50.205Z","6-next",6,"tarball",11841.075,11899.388,"","","","",""
1642728946884,"2022-01-21T01:35:46.884Z","3.13.1",3,"tarball",9631.801,9635.21,"","","","",""
1642729064971,"2022-01-21T01:37:44.971Z","4.12.2",4,"tarball",12154.963,12261.271,"","","","",""
1642901606183,"2022-01-23T01:33:26.183Z","4.12.2",4,"info",949.148,958.347,"","","","",""
1642988037526,"2022-01-24T01:33:57.526Z","6-next",6,"info",901.77,919.746,"","","","",""
1642988071760,"2022-01-24T01:34:31.760Z","4.12.2",4,"info",1251.297,1256.429,"","","","",""
1642988262038,"2022-01-24T01:37:42.038Z","6-next",6,"tarball",5387.091,5420.289,"","","","",""
1643074542689,"2022-01-25T01:35:42.689Z","5.5.0",5,"info",867.618,1015.118,"","","","",""
1643074546649,"2022-01-25T01:35:46.649Z","4.12.2",4,"info",1001.488,1118.878,"","","","",""
1643074553941,"2022-01-25T01:35:53.941Z","6-next",6,"info",947.488,972.937,"","","","",""
1643074569696,"2022-01-25T01:36:09.696Z","3.13.1",3,"info",1135.843,1143.717,"","","","",""
1643074849315,"2022-01-25T01:40:49.315Z","3.13.1",3,"tarball",11949.593,12053.062,"","","","",""
1643074919084,"2022-01-25T01:41:59.084Z","4.12.2",4,"tarball",12754.063,13030.267,"","","","",""
1643074933208,"2022-01-25T01:42:13.208Z","5.5.0",5,"tarball",13707.17,13879.091,"","","","",""
1643075037927,"2022-01-25T01:43:57.927Z","6-next",6,"tarball",11204.754,11452.892,"","","","",""
1643160975689,"2022-01-26T01:36:15.689Z","4.12.2",4,"info",1184.145,1337.301,"","","","",""
1643160977765,"2022-01-26T01:36:17.765Z","3.13.1",3,"info",1019.748,1181.834,"","","","",""
1643160983859,"2022-01-26T01:36:23.859Z","5.5.0",5,"info",1247.622,1337.796,"","","","",""
1643161004327,"2022-01-26T01:36:44.327Z","6-next",6,"info",1018.724,1088.524,"","","","",""
1643161264523,"2022-01-26T01:41:04.523Z","5.5.0",5,"tarball",10357.583,10493.47,"","","","",""
1643161280347,"2022-01-26T01:41:20.347Z","4.12.2",4,"tarball",11602.467,11604.5,"","","","",""
1643161288025,"2022-01-26T01:41:28.025Z","6-next",6,"tarball",9943.821,10047.788,"","","","",""
1643161309778,"2022-01-26T01:41:49.778Z","3.13.1",3,"tarball",11481.998,11547.193,"","","","",""
1643247278689,"2022-01-27T01:34:38.689Z","4.12.2",4,"info",890.641,910.979,"","","","",""
1643247556787,"2022-01-27T01:39:16.787Z","4.12.2",4,"tarball",9720.531,9736.425,"","","","",""
1643247601150,"2022-01-27T01:40:01.150Z","5.5.0",5,"tarball",11129.347,11222.773,"","","","",""
1643247690594,"2022-01-27T01:41:30.594Z","6-next",6,"tarball",13678.98,13811.823,"","","","",""
1643333555172,"2022-01-28T01:32:35.172Z","4.12.2",4,"info",909.395,925.666,"","","","",""
1643333587646,"2022-01-28T01:33:07.646Z","3.13.1",3,"info",1432.572,1482.176,"","","","",""
1643333604162,"2022-01-28T01:33:24.162Z","5.5.0",5,"info",1181.273,1203.646,"","","","",""
1643333608662,"2022-01-28T01:33:28.662Z","6-next",6,"info",1022.054,1051.51,"","","","",""
1643333899124,"2022-01-28T01:38:19.124Z","6-next",6,"tarball",9252.216,9349.476,"","","","",""
1643333901323,"2022-01-28T01:38:21.323Z","5.5.0",5,"tarball",9446.413,9501.442,"","","","",""
1643333908091,"2022-01-28T01:38:28.091Z","4.12.2",4,"tarball",9784.437,9897.445,"","","","",""
1643333930970,"2022-01-28T01:38:50.970Z","3.13.1",3,"tarball",11187.693,11319.962,"","","","",""
1643419878984,"2022-01-29T01:31:18.984Z","4.12.2",4,"info",1020.996,1226.472,"","","","",""
1643419886519,"2022-01-29T01:31:26.519Z","3.13.1",3,"info",1180.718,1235.389,"","","","",""
1643419894414,"2022-01-29T01:31:34.414Z","5.5.0",5,"info",1081.656,1109.202,"","","","",""
1643419901484,"2022-01-29T01:31:41.484Z","6-next",6,"info",1122.392,1161.168,"","","","",""
1643420135001,"2022-01-29T01:35:35.001Z","5.5.0",5,"tarball",9871.926,9978.852,"","","","",""
1643420175224,"2022-01-29T01:36:15.224Z","4.12.2",4,"tarball",10051.095,10138.055,"","","","",""
1643420199514,"2022-01-29T01:36:39.514Z","3.13.1",3,"tarball",11751.58,11851.229,"","","","",""
1643420243154,"2022-01-29T01:37:23.154Z","6-next",6,"tarball",11584.474,11736.914,"","","","",""
1643506381375,"2022-01-30T01:33:01.375Z","5.5.0",5,"info",1286.272,1295.951,"","","","",""
1643506382191,"2022-01-30T01:33:02.191Z","3.13.1",3,"info",984.682,988.483,"","","","",""
1643506388711,"2022-01-30T01:33:08.711Z","6-next",6,"info",966.043,1051.457,"","","","",""
1643506389005,"2022-01-30T01:33:09.005Z","4.12.2",4,"info",1014.124,1100.58,"","","","",""
1643506700997,"2022-01-30T01:38:20.997Z","3.13.1",3,"tarball",10205.867,10764.867,"","","","",""
1643506742264,"2022-01-30T01:39:02.264Z","4.12.2",4,"tarball",10219.526,10305.291,"","","","",""
1643506757035,"2022-01-30T01:39:17.035Z","5.5.0",5,"tarball",12777.01,12788.877,"","","","",""
1643506778669,"2022-01-30T01:39:38.669Z","6-next",6,"tarball",13451.534,13592.987,"","","","",""
1643592884526,"2022-01-31T01:34:44.526Z","3.13.1",3,"info",946.251,961.43,"","","","",""
1643592886859,"2022-01-31T01:34:46.859Z","6-next",6,"info",996.371,1017.194,"","","","",""
1643593186017,"2022-01-31T01:39:46.017Z","5.5.0",5,"tarball",14426.518,14485.727,"","","","",""
1643679309928,"2022-02-01T01:35:09.928Z","5.5.0",5,"info",1041.203,1057.785,"","","","",""
1643679324597,"2022-02-01T01:35:24.597Z","6-next",6,"info",1088.289,1108.702,"","","","",""
1643679752781,"2022-02-01T01:42:32.781Z","3.13.1",3,"tarball",10394.753,10527.197,"","","","",""
1643766103476,"2022-02-02T01:41:43.476Z","3.13.1",3,"tarball",11477.803,11566.57,"","","","",""
1643766119850,"2022-02-02T01:41:59.850Z","4.12.2",4,"tarball",13171.229,13204.115,"","","","",""
1643852335666,"2022-02-03T01:38:55.666Z","4.12.2",4,"tarball",11198.542,11264.269,"","","","",""
1643938300020,"2022-02-04T01:31:40.020Z","5.5.0",5,"info",859.63,889.871,"","","","",""
1643938309441,"2022-02-04T01:31:49.441Z","4.12.2",4,"info",1035.431,1062.334,"","","","",""
1643938323748,"2022-02-04T01:32:03.748Z","3.13.1",3,"info",1112.832,1252.424,"","","","",""
1643938340279,"2022-02-04T01:32:20.279Z","6-next",6,"info",1168.078,1145.644,"","","","",""
1643938589457,"2022-02-04T01:36:29.457Z","6-next",6,"tarball",9783.361,9891.679,"","","","",""
1643938601929,"2022-02-04T01:36:41.929Z","3.13.1",3,"tarball",9880.655,10037.271,"","","","",""
1643938606360,"2022-02-04T01:36:46.360Z","5.5.0",5,"tarball",10326.891,10440.887,"","","","",""
1643938624645,"2022-02-04T01:37:04.645Z","4.12.2",4,"tarball",10280.183,10336.579,"","","","",""
1644024360771,"2022-02-05T01:26:00.771Z","4.12.2",4,"info",939.6,1042.81,"","","","",""
1644024386216,"2022-02-05T01:26:26.216Z","5.5.0",5,"info",1227.603,1247.13,"","","","",""
1644024388680,"2022-02-05T01:26:28.680Z","3.13.1",3,"info",1303.184,1293.733,"","","","",""
1644024409015,"2022-02-05T01:26:49.015Z","6-next",6,"info",1177.193,1307.553,"","","","",""
1644024648275,"2022-02-05T01:30:48.275Z","3.13.1",3,"tarball",9971.554,10034.652,"","","","",""
1644024709711,"2022-02-05T01:31:49.711Z","4.12.2",4,"tarball",10714.951,10862.82,"","","","",""
1644024786695,"2022-02-05T01:33:06.695Z","5.5.0",5,"tarball",13865.105,14192.372,"","","","",""
1644024793341,"2022-02-05T01:33:13.341Z","6-next",6,"tarball",14036.554,14233.043,"","","","",""
1644111369638,"2022-02-06T01:36:09.638Z","3.13.1",3,"info",1045.273,1083.219,"","","","",""
1644111381927,"2022-02-06T01:36:21.927Z","5.5.0",5,"info",1052.479,1030.88,"","","","",""
1644111385559,"2022-02-06T01:36:25.559Z","6-next",6,"info",1057.196,1140.288,"","","","",""
1644111389712,"2022-02-06T01:36:29.712Z","4.12.2",4,"info",1128.017,1165.944,"","","","",""
1644111666175,"2022-02-06T01:41:06.175Z","3.13.1",3,"tarball",11622.088,11687.628,"","","","",""
1644111676459,"2022-02-06T01:41:16.459Z","4.12.2",4,"tarball",10065.965,10225.014,"","","","",""
1644111730269,"2022-02-06T01:42:10.269Z","6-next",6,"tarball",13576.804,13895.958,"","","","",""
1644111769676,"2022-02-06T01:42:49.676Z","5.5.0",5,"tarball",14028.47,14183.228,"","","","",""
1644197594633,"2022-02-07T01:33:14.633Z","4.12.2",4,"info",950.282,985.774,"","","","",""
1644197599894,"2022-02-07T01:33:19.894Z","5.5.2",5,"info",974.412,991.887,"","","","",""
1644197621384,"2022-02-07T01:33:41.384Z","3.13.1",3,"info",1070.204,1167.878,"","","","",""
1644197624407,"2022-02-07T01:33:44.407Z","6-next",6,"info",892.403,1009.691,"","","","",""
1644197908707,"2022-02-07T01:38:28.707Z","5.5.2",5,"tarball",10359.827,10430.087,"","","","",""
1644197929788,"2022-02-07T01:38:49.788Z","4.12.2",4,"tarball",12774.466,12845.308,"","","","",""
1644197944059,"2022-02-07T01:39:04.059Z","3.13.1",3,"tarball",13676.315,13733.481,"","","","",""
1644198001020,"2022-02-07T01:40:01.020Z","6-next",6,"tarball",13911.795,14043.586,"","","","",""
1644284070763,"2022-02-08T01:34:30.763Z","4.12.2",4,"info",973.355,1064.881,"","","","",""
1644284088455,"2022-02-08T01:34:48.455Z","5.5.2",5,"info",1354.491,1351.895,"","","","",""
1644284091792,"2022-02-08T01:34:51.792Z","3.13.1",3,"info",1299.43,1351.09,"","","","",""
1644284096144,"2022-02-08T01:34:56.144Z","6-next",6,"info",1272.782,1393.56,"","","","",""
1644284301748,"2022-02-08T01:38:21.748Z","3.13.1",3,"tarball",10109.304,10250.964,"","","","",""
1644284308539,"2022-02-08T01:38:28.539Z","5.5.2",5,"tarball",10452.202,10446.349,"","","","",""
1644284339383,"2022-02-08T01:38:59.383Z","6-next",6,"tarball",10607.521,10649.261,"","","","",""
1644284352685,"2022-02-08T01:39:12.685Z","4.12.2",4,"tarball",10805.627,10904.152,"","","","",""
1644370641845,"2022-02-09T01:37:21.845Z","5.5.2",5,"info",1206.833,1215.352,"","","","",""
1644371074090,"2022-02-09T01:44:34.090Z","6-next",6,"tarball",12005.734,12081.256,"","","","",""
1644371075985,"2022-02-09T01:44:35.985Z","4.12.2",4,"tarball",12145.094,12222.815,"","","","",""
1644456834620,"2022-02-10T01:33:54.620Z","3.13.1",3,"info",840.42,834.52,"","","","",""
1644543273167,"2022-02-11T01:34:33.167Z","3.13.1",3,"info",850.606,871.463,"","","","",""
1644543288277,"2022-02-11T01:34:48.277Z","4.12.2",4,"info",971.069,1041.278,"","","","",""
1644543294997,"2022-02-11T01:34:54.997Z","5.5.2",5,"info",973.284,993.372,"","","","",""
1644543319408,"2022-02-11T01:35:19.408Z","6-next",6,"info",956.765,1154.319,"","","","",""
1644543606924,"2022-02-11T01:40:06.924Z","3.13.1",3,"tarball",10629.08,10681.16,"","","","",""
1644543607016,"2022-02-11T01:40:07.016Z","5.5.2",5,"tarball",10753.757,10782.487,"","","","",""
1644543607143,"2022-02-11T01:40:07.143Z","4.12.2",4,"tarball",10718.516,10777.059,"","","","",""
1644543617356,"2022-02-11T01:40:17.356Z","6-next",6,"tarball",11500.581,11551.772,"","","","",""
1644629684601,"2022-02-12T01:34:44.601Z","3.13.1",3,"info",1022.127,1028.047,"","","","",""
1644629691940,"2022-02-12T01:34:51.940Z","4.12.2",4,"info",955.035,982.411,"","","","",""
1644629707599,"2022-02-12T01:35:07.599Z","6-next",6,"info",962.212,959.91,"","","","",""
1644629712325,"2022-02-12T01:35:12.325Z","5.5.2",5,"info",1128.506,1152.005,"","","","",""
1644630035401,"2022-02-12T01:40:35.401Z","3.13.1",3,"tarball",9028.49,9069.21,"","","","",""
1644630048301,"2022-02-12T01:40:48.301Z","6-next",6,"tarball",10121.286,10263.06,"","","","",""
1644630061482,"2022-02-12T01:41:01.482Z","5.5.2",5,"tarball",10887.835,10991.422,"","","","",""
1644630083803,"2022-02-12T01:41:23.803Z","4.12.2",4,"tarball",12544.466,12683.079,"","","","",""
1644716164949,"2022-02-13T01:36:04.949Z","5.5.2",5,"info",969.364,974.271,"","","","",""
1644716191525,"2022-02-13T01:36:31.525Z","4.12.2",4,"info",1072.303,1097.996,"","","","",""
1644716192884,"2022-02-13T01:36:32.884Z","6-next",6,"info",968.861,1000.702,"","","","",""
1644716197336,"2022-02-13T01:36:37.336Z","3.13.1",3,"info",1308.271,1322.444,"","","","",""
1644716604073,"2022-02-13T01:43:24.073Z","4.12.2",4,"tarball",11821.712,11853.591,"","","","",""
1644716605512,"2022-02-13T01:43:25.512Z","6-next",6,"tarball",11971.318,12031.707,"","","","",""
1644716631913,"2022-02-13T01:43:51.913Z","3.13.1",3,"tarball",13856.068,13971.058,"","","","",""
1644716640119,"2022-02-13T01:44:00.119Z","5.5.2",5,"tarball",14530.353,14605.213,"","","","",""
1644802401425,"2022-02-14T01:33:21.425Z","4.12.2",4,"info",985.037,993.213,"","","","",""
1644802415191,"2022-02-14T01:33:35.191Z","3.13.1",3,"info",1001.014,999.255,"","","","",""
1644802431134,"2022-02-14T01:33:51.134Z","5.5.2",5,"info",1330.536,1367.928,"","","","",""
1644802441543,"2022-02-14T01:34:01.543Z","6-next",6,"info",1274.056,1284.521,"","","","",""
1644802776363,"2022-02-14T01:39:36.363Z","3.13.1",3,"tarball",9911.083,9918.926,"","","","",""
1644802786280,"2022-02-14T01:39:46.280Z","6-next",6,"tarball",10250.265,10334.28,"","","","",""
1644802786983,"2022-02-14T01:39:46.983Z","4.12.2",4,"tarball",10181.015,10297.861,"","","","",""
1644802844404,"2022-02-14T01:40:44.404Z","5.5.2",5,"tarball",14315.764,14312.086,"","","","",""
1644889423486,"2022-02-15T01:43:43.486Z","6-next",6,"tarball",10112.34,10156.478,"","","","",""
1645148118495,"2022-02-18T01:35:18.495Z","4.12.2",4,"info",1115.165,1167.759,"","","","",""
1645148127659,"2022-02-18T01:35:27.659Z","5.5.2",5,"info",1016.706,1072.354,"","","","",""
1645148139602,"2022-02-18T01:35:39.602Z","3.13.1",3,"info",1283.089,1377.528,"","","","",""
1645148151096,"2022-02-18T01:35:51.096Z","6-next",6,"info",1298.246,1324.811,"","","","",""
1645148516332,"2022-02-18T01:41:56.332Z","6-next",6,"tarball",10333.666,10391.107,"","","","",""
1645148530286,"2022-02-18T01:42:10.286Z","3.13.1",3,"tarball",11072.77,11132.891,"","","","",""
1645148540676,"2022-02-18T01:42:20.676Z","5.5.2",5,"tarball",11848.746,11881.398,"","","","",""
1645148577765,"2022-02-18T01:42:57.765Z","4.12.2",4,"tarball",14617.458,14598.571,"","","","",""
1645234550088,"2022-02-19T01:35:50.088Z","5.5.2",5,"info",1041.228,1100.719,"","","","",""
1645234557552,"2022-02-19T01:35:57.552Z","4.12.2",4,"info",923.719,977.422,"","","","",""
1645234557734,"2022-02-19T01:35:57.734Z","6-next",6,"info",870.931,927.998,"","","","",""
1645234557884,"2022-02-19T01:35:57.884Z","3.13.1",3,"info",1003.606,1051.162,"","","","",""
1645234969887,"2022-02-19T01:42:49.887Z","3.13.1",3,"tarball",10887.378,10942.58,"","","","",""
1645234987744,"2022-02-19T01:43:07.744Z","6-next",6,"tarball",11959.345,12052.044,"","","","",""
1645234988388,"2022-02-19T01:43:08.388Z","5.5.2",5,"tarball",12308.081,12312.703,"","","","",""
1645235014900,"2022-02-19T01:43:34.900Z","4.12.2",4,"tarball",14036.143,14078.259,"","","","",""
1645321039597,"2022-02-20T01:37:19.597Z","4.12.2",4,"info",998.502,1008.448,"","","","",""
1645321053019,"2022-02-20T01:37:33.019Z","3.13.1",3,"info",925.892,975.718,"","","","",""
1645321056008,"2022-02-20T01:37:36.008Z","6-next",6,"info",889.276,915.555,"","","","",""
1645321056891,"2022-02-20T01:37:36.891Z","5.5.2",5,"info",952.525,980.12,"","","","",""
1645321349692,"2022-02-20T01:42:29.692Z","6-next",6,"tarball",12239.487,12360.583,"","","","",""
1645321355506,"2022-02-20T01:42:35.506Z","3.13.1",3,"tarball",12294.876,12324.614,"","","","",""
1645321360298,"2022-02-20T01:42:40.298Z","5.5.2",5,"tarball",12353.052,12380.5,"","","","",""
1645321369393,"2022-02-20T01:42:49.393Z","4.12.2",4,"tarball",14132.094,14177.214,"","","","",""
1645407174127,"2022-02-21T01:32:54.127Z","4.12.2",4,"info",1016.217,1080.474,"","","","",""
1645407188156,"2022-02-21T01:33:08.156Z","3.13.1",3,"info",1338.897,1337.838,"","","","",""
1645407232048,"2022-02-21T01:33:52.048Z","6-next",6,"info",1196.964,1247.774,"","","","",""
1645407502611,"2022-02-21T01:38:22.611Z","4.12.2",4,"tarball",10350.206,10382.784,"","","","",""
1645407562643,"2022-02-21T01:39:22.643Z","5.5.2",5,"tarball",14046.023,14143.491,"","","","",""
1645407592385,"2022-02-21T01:39:52.385Z","3.13.1",3,"tarball",16111.324,16086.134,"","","","",""
1645407634645,"2022-02-21T01:40:34.645Z","6-next",6,"tarball",15123.368,15203.322,"","","","",""
1645493605326,"2022-02-22T01:33:25.326Z","5.5.2",5,"info",1040.969,1087.096,"","","","",""
1645493614899,"2022-02-22T01:33:34.899Z","6-next",6,"info",1063.964,1104.403,"","","","",""
1645493622849,"2022-02-22T01:33:42.849Z","3.13.1",3,"info",1308.968,1745.775,"","","","",""
1645493633612,"2022-02-22T01:33:53.612Z","4.12.2",4,"info",1181.702,1259.374,"","","","",""
1645493943613,"2022-02-22T01:39:03.613Z","3.13.1",3,"tarball",10256.391,10311.684,"","","","",""
1645493947666,"2022-02-22T01:39:07.666Z","6-next",6,"tarball",10472.465,10478.846,"","","","",""
1645493954824,"2022-02-22T01:39:14.824Z","4.12.2",4,"tarball",10976.916,11051.456,"","","","",""
1645493968489,"2022-02-22T01:39:28.489Z","5.5.2",5,"tarball",11936.701,11983.06,"","","","",""
1645580164276,"2022-02-23T01:36:04.276Z","5.5.2",5,"info",983.377,1010.669,"","","","",""
1645580177178,"2022-02-23T01:36:17.178Z","4.12.2",4,"info",1118.293,1154.917,"","","","",""
1645580189435,"2022-02-23T01:36:29.435Z","6-next",6,"info",1247.246,1262.908,"","","","",""
1645580197262,"2022-02-23T01:36:37.262Z","3.13.1",3,"info",1105.189,1176.972,"","","","",""
1645580501107,"2022-02-23T01:41:41.107Z","5.5.2",5,"tarball",10724.162,10756.131,"","","","",""
1645580508783,"2022-02-23T01:41:48.783Z","3.13.1",3,"tarball",10716.496,10759.162,"","","","",""
1645580519291,"2022-02-23T01:41:59.291Z","4.12.2",4,"tarball",11491.512,11499.686,"","","","",""
1645580550893,"2022-02-23T01:42:30.893Z","6-next",6,"tarball",14423.279,14453.182,"","","","",""
1645666605117,"2022-02-24T01:36:45.117Z","3.13.1",3,"info",1005.552,1028.456,"","","","",""
1645666615888,"2022-02-24T01:36:55.888Z","4.12.2",4,"info",931.78,935.023,"","","","",""
1645666620732,"2022-02-24T01:37:00.732Z","5.5.2",5,"info",1073.911,1094.349,"","","","",""
1645666637123,"2022-02-24T01:37:17.123Z","6-next",6,"info",1108.107,1125.352,"","","","",""
1645666930853,"2022-02-24T01:42:10.853Z","5.5.2",5,"tarball",10692.132,11089.877,"","","","",""
1645666939865,"2022-02-24T01:42:19.865Z","6-next",6,"tarball",12322.263,12353.062,"","","","",""
1645666956346,"2022-02-24T01:42:36.346Z","4.12.2",4,"tarball",13621.879,13606.201,"","","","",""
1645666967361,"2022-02-24T01:42:47.361Z","3.13.1",3,"tarball",14426.772,14404.59,"","","","",""
1645752915974,"2022-02-25T01:35:15.974Z","4.12.2",4,"info",986.726,1075.032,"","","","",""
1645752923618,"2022-02-25T01:35:23.618Z","6-next",6,"info",825.51,871.266,"","","","",""
1645752933680,"2022-02-25T01:35:33.680Z","3.13.1",3,"info",1313.127,1339.668,"","","","",""
1645752950982,"2022-02-25T01:35:50.982Z","5.5.2",5,"info",1213.779,1280.383,"","","","",""
1645753251047,"2022-02-25T01:40:51.047Z","5.5.2",5,"tarball",10622.362,10645.711,"","","","",""
1645753271811,"2022-02-25T01:41:11.811Z","3.13.1",3,"tarball",10207.629,10297.711,"","","","",""
1645753298975,"2022-02-25T01:41:38.975Z","6-next",6,"tarball",12507.223,12479.237,"","","","",""
1645753334895,"2022-02-25T01:42:14.895Z","4.12.2",4,"tarball",15403.148,15429.061,"","","","",""
1645839141928,"2022-02-26T01:32:21.928Z","5.5.2",5,"info",910.469,929.752,"","","","",""
1645839144990,"2022-02-26T01:32:24.990Z","3.13.1",3,"info",904.449,981.989,"","","","",""
1645839150656,"2022-02-26T01:32:30.656Z","4.12.2",4,"info",1147.279,1187.567,"","","","",""
1645839185326,"2022-02-26T01:33:05.326Z","6-next",6,"info",1406.193,1434.309,"","","","",""
1645839429738,"2022-02-26T01:37:09.738Z","5.5.2",5,"tarball",9390.341,9457.898,"","","","",""
1645839448971,"2022-02-26T01:37:28.971Z","3.13.1",3,"tarball",10601.409,10682.803,"","","","",""
1645839476042,"2022-02-26T01:37:56.042Z","4.12.2",4,"tarball",12003.199,12395.468,"","","","",""
1645839501648,"2022-02-26T01:38:21.648Z","6-next",6,"tarball",12389.574,12442.401,"","","","",""
1645925749167,"2022-02-27T01:35:49.167Z","5.5.2",5,"info",984.384,1001.475,"","","","",""
1645925762125,"2022-02-27T01:36:02.125Z","4.12.2",4,"info",895.838,897.95,"","","","",""
1645925766945,"2022-02-27T01:36:06.945Z","6-next",6,"info",982.875,1089.202,"","","","",""
1645925813828,"2022-02-27T01:36:53.828Z","3.13.1",3,"info",1488.141,1530.342,"","","","",""
1645926050557,"2022-02-27T01:40:50.557Z","3.13.1",3,"tarball",10794.52,10833.723,"","","","",""
1645926068263,"2022-02-27T01:41:08.263Z","6-next",6,"tarball",12129.507,12264.215,"","","","",""
1645926080695,"2022-02-27T01:41:20.695Z","4.12.2",4,"tarball",12525.823,12500.992,"","","","",""
1645926125192,"2022-02-27T01:42:05.192Z","5.5.2",5,"tarball",12732.68,12801.336,"","","","",""
1646012244828,"2022-02-28T01:37:24.828Z","5.5.2",5,"info",1149.685,1200.797,"","","","",""
1646012247177,"2022-02-28T01:37:27.177Z","6-next",6,"info",921.734,1070.133,"","","","",""
1646012248619,"2022-02-28T01:37:28.619Z","3.13.1",3,"info",1313.539,1470.257,"","","","",""
1646012269149,"2022-02-28T01:37:49.149Z","4.12.2",4,"info",981.993,1034.222,"","","","",""
1646012520671,"2022-02-28T01:42:00.671Z","4.12.2",4,"tarball",10490.993,10535.276,"","","","",""
1646012543771,"2022-02-28T01:42:23.771Z","3.13.1",3,"tarball",13458.195,13424.337,"","","","",""
1646012677022,"2022-02-28T01:44:37.022Z","6-next",6,"tarball",14069.991,14056.418,"","","","",""
1646012709778,"2022-02-28T01:45:09.778Z","5.5.2",5,"tarball",14645.886,14778.792,"","","","",""
1646098669731,"2022-03-01T01:37:49.731Z","3.13.1",3,"info",846.543,846.721,"","","","",""
1646098679414,"2022-03-01T01:37:59.414Z","4.12.2",4,"info",1146.006,1181.394,"","","","",""
1646098683740,"2022-03-01T01:38:03.740Z","5.5.2",5,"info",997.009,1007.542,"","","","",""
1646098688497,"2022-03-01T01:38:08.497Z","6-next",6,"info",874.512,917.939,"","","","",""
1646098956414,"2022-03-01T01:42:36.414Z","6-next",6,"tarball",10394.936,10438.664,"","","","",""
1646098976362,"2022-03-01T01:42:56.362Z","3.13.1",3,"tarball",9882.5,9944.648,"","","","",""
1646098978679,"2022-03-01T01:42:58.679Z","4.12.2",4,"tarball",10718.582,10851.323,"","","","",""
1646099013344,"2022-03-01T01:43:33.344Z","5.5.2",5,"tarball",14368.546,14412.835,"","","","",""
1646185080676,"2022-03-02T01:38:00.676Z","5.5.2",5,"info",901.849,1033.095,"","","","",""
1646185096369,"2022-03-02T01:38:16.369Z","4.12.2",4,"info",1293.391,1264.299,"","","","",""
1646185100227,"2022-03-02T01:38:20.227Z","3.13.1",3,"info",1209.858,1195.061,"","","","",""
1646185117622,"2022-03-02T01:38:37.622Z","6-next",6,"info",1068.841,1116.478,"","","","",""
1646185402465,"2022-03-02T01:43:22.465Z","6-next",6,"tarball",10559.475,10686.253,"","","","",""
1646185408888,"2022-03-02T01:43:28.888Z","5.5.2",5,"tarball",11295.81,11411.294,"","","","",""
1646185439211,"2022-03-02T01:43:59.211Z","3.13.1",3,"tarball",11998.863,12070.181,"","","","",""
1646185459360,"2022-03-02T01:44:19.360Z","4.12.2",4,"tarball",10632.452,10639.575,"","","","",""
1646271459870,"2022-03-03T01:37:39.870Z","3.13.1",3,"info",1251.908,1253.509,"","","","",""
1646271461844,"2022-03-03T01:37:41.844Z","5.5.2",5,"info",1104.611,1106.686,"","","","",""
1646271469898,"2022-03-03T01:37:49.898Z","6-next",6,"info",1137.612,1181.278,"","","","",""
1646271523310,"2022-03-03T01:38:43.310Z","4.12.2",4,"info",1368.078,1386.719,"","","","",""
1646271749087,"2022-03-03T01:42:29.087Z","3.13.1",3,"tarball",10403.618,10411.41,"","","","",""
1646271757884,"2022-03-03T01:42:37.884Z","6-next",6,"tarball",10555.059,10555.421,"","","","",""
1646271772131,"2022-03-03T01:42:52.131Z","5.5.2",5,"tarball",11936.37,11910.436,"","","","",""
1646271839119,"2022-03-03T01:43:59.119Z","4.12.2",4,"tarball",12540.235,12556.005,"","","","",""
1646358097184,"2022-03-04T01:41:37.184Z","3.13.1",3,"info",940.523,935.71,"","","","",""
1646358114345,"2022-03-04T01:41:54.345Z","5.5.2",5,"info",962.441,1016.601,"","","","",""
1646358127905,"2022-03-04T01:42:07.905Z","4.12.2",4,"info",1231.389,1262.275,"","","","",""
1646358158483,"2022-03-04T01:42:38.483Z","6-next",6,"info",1076.771,1138.593,"","","","",""
1646358355534,"2022-03-04T01:45:55.534Z","4.12.2",4,"tarball",9782.174,9860.37,"","","","",""
1646358403118,"2022-03-04T01:46:43.118Z","3.13.1",3,"tarball",12236.291,12341.295,"","","","",""
1646358415004,"2022-03-04T01:46:55.004Z","5.5.2",5,"tarball",12188.649,12215.202,"","","","",""
1646358456601,"2022-03-04T01:47:36.601Z","6-next",6,"tarball",13155.626,13201.669,"","","","",""
1646444253267,"2022-03-05T01:37:33.267Z","5.7.0",5,"info",1031.2,1106.043,"","","","",""
1646444262108,"2022-03-05T01:37:42.108Z","3.13.1",3,"info",944.529,988.363,"","","","",""
1646444286692,"2022-03-05T01:38:06.692Z","4.12.2",4,"info",1235.326,1325.342,"","","","",""
1646444297404,"2022-03-05T01:38:17.404Z","6-next",6,"info",1730.85,1851.305,"","","","",""
1646444578770,"2022-03-05T01:42:58.770Z","3.13.1",3,"tarball",10044.06,10128.884,"","","","",""
1646444593314,"2022-03-05T01:43:13.314Z","5.7.0",5,"tarball",12301.587,12316.831,"","","","",""
1646444618617,"2022-03-05T01:43:38.617Z","6-next",6,"tarball",10639.413,10722.739,"","","","",""
1646444629898,"2022-03-05T01:43:49.898Z","4.12.2",4,"tarball",12992.776,13523.036,"","","","",""
1646530615842,"2022-03-06T01:36:55.842Z","5.7.0",5,"info",859.131,891.855,"","","","",""
1646530627613,"2022-03-06T01:37:07.613Z","3.13.1",3,"info",945.35,955.405,"","","","",""
1646530630225,"2022-03-06T01:37:10.225Z","4.12.2",4,"info",984.288,1065.549,"","","","",""
1646530656277,"2022-03-06T01:37:36.277Z","6-next",6,"info",1131.946,1358.452,"","","","",""
1646530955335,"2022-03-06T01:42:35.335Z","4.12.2",4,"tarball",10480.267,10533.9,"","","","",""
1646530955659,"2022-03-06T01:42:35.659Z","3.13.1",3,"tarball",10707.881,10767.567,"","","","",""
1646531036715,"2022-03-06T01:43:56.715Z","5.7.0",5,"tarball",14536.559,14605.273,"","","","",""
1646537111188,"2022-03-06T03:25:11.188Z","6-next",6,"tarball",10655.865,10713.771,"","","","",""
1646617077649,"2022-03-07T01:37:57.649Z","3.13.1",3,"info",1009.042,1252.597,"","","","",""
1646617079199,"2022-03-07T01:37:59.199Z","4.12.2",4,"info",1044.169,1119.07,"","","","",""
1646617079207,"2022-03-07T01:37:59.207Z","6-next",6,"info",1204.005,1344.321,"","","","",""
1646617082029,"2022-03-07T01:38:02.029Z","5.7.0",5,"info",1107.498,1171.495,"","","","",""
1646617385641,"2022-03-07T01:43:05.641Z","6-next",6,"tarball",11902.878,11914.887,"","","","",""
1646617390773,"2022-03-07T01:43:10.773Z","3.13.1",3,"tarball",10324.396,10521.367,"","","","",""
1646617393415,"2022-03-07T01:43:13.415Z","4.12.2",4,"tarball",10714.67,10789.344,"","","","",""
1646617399631,"2022-03-07T01:43:19.631Z","5.7.0",5,"tarball",11971.289,12032.041,"","","","",""
1646703461266,"2022-03-08T01:37:41.266Z","5.7.0",5,"info",1085.418,1139.007,"","","","",""
1646703464948,"2022-03-08T01:37:44.948Z","4.12.2",4,"info",1226.053,1282.985,"","","","",""
1646703475135,"2022-03-08T01:37:55.135Z","6-next",6,"info",1145.207,1255.728,"","","","",""
1646703489400,"2022-03-08T01:38:09.400Z","3.13.1",3,"info",1664.261,2047.203,"","","","",""
1646703785354,"2022-03-08T01:43:05.354Z","6-next",6,"tarball",11056.358,11033.542,"","","","",""
1646703787962,"2022-03-08T01:43:07.962Z","3.13.1",3,"tarball",10765.51,10740.27,"","","","",""
1646703790753,"2022-03-08T01:43:10.753Z","4.12.2",4,"tarball",10715.724,10748.562,"","","","",""
1646703819266,"2022-03-08T01:43:39.266Z","5.7.0",5,"tarball",12453.363,12897.165,"","","","",""
1646789921606,"2022-03-09T01:38:41.606Z","4.12.2",4,"info",1068.639,1442.021,"","","","",""
1646789933245,"2022-03-09T01:38:53.245Z","6-next",6,"info",997.777,1134.302,"","","","",""
1646789937534,"2022-03-09T01:38:57.534Z","5.7.0",5,"info",1296.076,1325.96,"","","","",""
1646789939372,"2022-03-09T01:38:59.372Z","3.13.1",3,"info",1240.349,1217.776,"","","","",""
1646790221741,"2022-03-09T01:43:41.741Z","6-next",6,"tarball",10713.006,10716.72,"","","","",""
1646790260534,"2022-03-09T01:44:20.534Z","3.13.1",3,"tarball",13470.242,13481.961,"","","","",""
1646790297140,"2022-03-09T01:44:57.140Z","5.7.0",5,"tarball",15008.916,14938.326,"","","","",""
1646790299980,"2022-03-09T01:44:59.980Z","4.12.2",4,"tarball",14097.009,14144.975,"","","","",""
1646876387980,"2022-03-10T01:39:47.980Z","5.7.0",5,"info",898.274,915.682,"","","","",""
1646876391606,"2022-03-10T01:39:51.606Z","4.12.2",4,"info",1017.387,1068.243,"","","","",""
1646876397702,"2022-03-10T01:39:57.702Z","3.13.1",3,"info",959.04,1034.734,"","","","",""
1646876436096,"2022-03-10T01:40:36.096Z","6-next",6,"info",1295.929,1315.94,"","","","",""
1646876677127,"2022-03-10T01:44:37.127Z","4.12.2",4,"tarball",10124.615,10205.275,"","","","",""
1646876682407,"2022-03-10T01:44:42.407Z","5.7.0",5,"tarball",10739.048,10803.335,"","","","",""
1646876714899,"2022-03-10T01:45:14.899Z","3.13.1",3,"tarball",11750.873,12211.736,"","","","",""
1646876725604,"2022-03-10T01:45:25.604Z","6-next",6,"tarball",12831.6,12832.781,"","","","",""
1646962643691,"2022-03-11T01:37:23.691Z","5.7.0",5,"info",1155.665,1318.234,"","","","",""
1646962664244,"2022-03-11T01:37:44.244Z","4.12.2",4,"info",1022.15,1080.662,"","","","",""
1646962670883,"2022-03-11T01:37:50.883Z","3.13.1",3,"info",1275.6,1585.225,"","","","",""
1646962693723,"2022-03-11T01:38:13.723Z","6-next",6,"info",1219.179,1492.86,"","","","",""
1646962941086,"2022-03-11T01:42:21.086Z","6-next",6,"tarball",10240.137,10244.357,"","","","",""
1646962971804,"2022-03-11T01:42:51.804Z","3.13.1",3,"tarball",10415.868,10420.015,"","","","",""
1646962991606,"2022-03-11T01:43:11.606Z","5.7.0",5,"tarball",11017.508,11077.37,"","","","",""
1646963068477,"2022-03-11T01:44:28.477Z","4.12.2",4,"tarball",14859.844,14914.038,"","","","",""
1647048868005,"2022-03-12T01:34:28.005Z","5.7.0",5,"info",1152.674,1487.533,"","","","",""
1647048884044,"2022-03-12T01:34:44.044Z","3.13.1",3,"info",1308.529,1450.095,"","","","",""
1647048886994,"2022-03-12T01:34:46.994Z","6-next",6,"info",1441.446,1513.349,"","","","",""
1647048897416,"2022-03-12T01:34:57.416Z","4.12.2",4,"info",1263.292,1473.02,"","","","",""
1647049188212,"2022-03-12T01:39:48.212Z","5.7.0",5,"tarball",10592.857,10685.293,"","","","",""
1647049213378,"2022-03-12T01:40:13.378Z","6-next",6,"tarball",9967.131,9885.699,"","","","",""
1647049219938,"2022-03-12T01:40:19.938Z","4.12.2",4,"tarball",10762.326,10756.154,"","","","",""
1647049221814,"2022-03-12T01:40:21.814Z","3.13.1",3,"tarball",12066.548,12125.215,"","","","",""
1647135328747,"2022-03-13T01:35:28.747Z","5.7.0",5,"info",909.842,985.768,"","","","",""
1647135335760,"2022-03-13T01:35:35.760Z","3.13.1",3,"info",1151.427,1176.906,"","","","",""
1647135344951,"2022-03-13T01:35:44.951Z","4.12.2",4,"info",946.501,1321.218,"","","","",""
1647135347640,"2022-03-13T01:35:47.640Z","6-next",6,"info",1418.316,1455.148,"","","","",""
1647135675572,"2022-03-13T01:41:15.572Z","4.12.2",4,"tarball",10358.64,10393.214,"","","","",""
1647135676252,"2022-03-13T01:41:16.252Z","5.7.0",5,"tarball",10444.942,10531.945,"","","","",""
1647135701813,"2022-03-13T01:41:41.813Z","6-next",6,"tarball",11864.245,12200.329,"","","","",""
1647135795132,"2022-03-13T01:43:15.132Z","3.13.1",3,"tarball",14699.023,14780.646,"","","","",""
1647222096924,"2022-03-14T01:41:36.924Z","4.12.2",4,"info",867.796,910.359,"","","","",""
1647222101655,"2022-03-14T01:41:41.655Z","5.7.0",5,"info",927.183,954.578,"","","","",""
1647222105259,"2022-03-14T01:41:45.259Z","6-next",6,"info",1054.773,1088.998,"","","","",""
1647222114651,"2022-03-14T01:41:54.651Z","3.13.1",3,"info",943.435,971.25,"","","","",""
1647222374318,"2022-03-14T01:46:14.318Z","5.7.0",5,"tarball",10780.872,10786.156,"","","","",""
1647222411782,"2022-03-14T01:46:51.782Z","6-next",6,"tarball",11184.161,11166.177,"","","","",""
1647222438469,"2022-03-14T01:47:18.469Z","3.13.1",3,"tarball",11918.638,12030.919,"","","","",""
1647222484936,"2022-03-14T01:48:04.936Z","4.12.2",4,"tarball",14773.014,14797.675,"","","","",""
1647308309304,"2022-03-15T01:38:29.304Z","3.13.1",3,"info",998.967,999.555,"","","","",""
1647308309861,"2022-03-15T01:38:29.861Z","5.7.0",5,"info",993.836,998.834,"","","","",""
1647308332594,"2022-03-15T01:38:52.594Z","6-next",6,"info",970.705,1003.703,"","","","",""
1647308343221,"2022-03-15T01:39:03.221Z","4.12.2",4,"info",989.718,985.112,"","","","",""
1647308603647,"2022-03-15T01:43:23.647Z","6-next",6,"tarball",9663.105,9719.783,"","","","",""
1647308622640,"2022-03-15T01:43:42.640Z","5.7.0",5,"tarball",10259.13,10172.012,"","","","",""
1647308725093,"2022-03-15T01:45:25.093Z","4.12.2",4,"tarball",15341.862,15872.241,"","","","",""
1647308748440,"2022-03-15T01:45:48.440Z","3.13.1",3,"tarball",14276.886,14732.372,"","","","",""
1647394680794,"2022-03-16T01:38:00.794Z","4.12.2",4,"info",885.575,963.675,"","","","",""
1647394689859,"2022-03-16T01:38:09.859Z","3.13.1",3,"info",960.311,967.769,"","","","",""
1647394707332,"2022-03-16T01:38:27.332Z","5.7.0",5,"info",1520.078,1563.459,"","","","",""
1647394711472,"2022-03-16T01:38:31.472Z","6-next",6,"info",1105.207,1286.87,"","","","",""
1647394972784,"2022-03-16T01:42:52.784Z","4.12.2",4,"tarball",10340.883,10388.911,"","","","",""
1647395021922,"2022-03-16T01:43:41.922Z","6-next",6,"tarball",10526.68,10553.825,"","","","",""
1647395093381,"2022-03-16T01:44:53.381Z","5.7.0",5,"tarball",13960.751,14004.907,"","","","",""
1647395108965,"2022-03-16T01:45:08.965Z","3.13.1",3,"tarball",14433.757,14589.887,"","","","",""
1647481116484,"2022-03-17T01:38:36.484Z","3.13.1",3,"info",1788.794,1741.908,"","","","",""
1647481119932,"2022-03-17T01:38:39.932Z","5.7.0",5,"info",1088.12,1410.68,"","","","",""
1647481128222,"2022-03-17T01:38:48.222Z","4.12.2",4,"info",988.717,1012.209,"","","","",""
1647481152175,"2022-03-17T01:39:12.175Z","6-next",6,"info",1087.326,1091.122,"","","","",""
1647481384961,"2022-03-17T01:43:04.961Z","4.12.2",4,"tarball",10543.382,10538,"","","","",""
1647481424337,"2022-03-17T01:43:44.337Z","6-next",6,"tarball",10620.056,10644.093,"","","","",""
1647481458628,"2022-03-17T01:44:18.628Z","3.13.1",3,"tarball",12477.907,12559.934,"","","","",""
1647481477605,"2022-03-17T01:44:37.605Z","5.7.0",5,"tarball",12095.54,12070.106,"","","","",""
1647567530335,"2022-03-18T01:38:50.335Z","4.12.2",4,"info",986.831,1007.803,"","","","",""
1647567530584,"2022-03-18T01:38:50.584Z","3.13.1",3,"info",1030.108,1036.794,"","","","",""
1647567563669,"2022-03-18T01:39:23.669Z","6-next",6,"info",965.617,1135.73,"","","","",""
1647567580777,"2022-03-18T01:39:40.777Z","5.7.0",5,"info",1161.878,1289.249,"","","","",""
1647567881180,"2022-03-18T01:44:41.180Z","3.13.1",3,"tarball",11890.491,11935.255,"","","","",""
1647567920016,"2022-03-18T01:45:20.016Z","5.7.0",5,"tarball",14660.138,14689.139,"","","","",""
1647567964019,"2022-03-18T01:46:04.019Z","4.12.2",4,"tarball",14882.147,14956.366,"","","","",""
1647567968241,"2022-03-18T01:46:08.241Z","6-next",6,"tarball",12209.012,12660.044,"","","","",""
1647653918306,"2022-03-19T01:38:38.306Z","5.7.0",5,"info",937.279,976.485,"","","","",""
1647653918869,"2022-03-19T01:38:38.869Z","3.13.1",3,"info",861.063,943.961,"","","","",""
1647653941798,"2022-03-19T01:39:01.798Z","6-next",6,"info",1013.345,1071.927,"","","","",""
1647653946965,"2022-03-19T01:39:06.965Z","4.12.2",4,"info",1121.534,1209.176,"","","","",""
1647654164796,"2022-03-19T01:42:44.796Z","5.7.0",5,"tarball",9485.638,9497.989,"","","","",""
1647654178390,"2022-03-19T01:42:58.390Z","4.12.2",4,"tarball",10418.826,10385.039,"","","","",""
1647654250784,"2022-03-19T01:44:10.784Z","3.13.1",3,"tarball",12396.776,12476.732,"","","","",""
1647654325653,"2022-03-19T01:45:25.653Z","6-next",6,"tarball",14473.175,14627.899,"","","","",""
1647740445212,"2022-03-20T01:40:45.212Z","3.13.1",3,"info",1354.236,1656.113,"","","","",""
1647740470850,"2022-03-20T01:41:10.850Z","6-next",6,"info",1026.265,1100.632,"","","","",""
1647740491600,"2022-03-20T01:41:31.600Z","4.12.2",4,"info",1654.339,1636.75,"","","","",""
1647740506287,"2022-03-20T01:41:46.287Z","5.7.0",5,"info",1667.054,2339.983,"","","","",""
1647740836561,"2022-03-20T01:47:16.561Z","5.7.0",5,"tarball",10563.803,11056.868,"","","","",""
1647740852363,"2022-03-20T01:47:32.363Z","4.12.2",4,"tarball",10762.246,10839.846,"","","","",""
1647740881307,"2022-03-20T01:48:01.307Z","3.13.1",3,"tarball",13691.987,13748.729,"","","","",""
1647740913307,"2022-03-20T01:48:33.307Z","6-next",6,"tarball",14467.309,14423.406,"","","","",""
1647826788451,"2022-03-21T01:39:48.451Z","5.7.0",5,"info",893.62,941.507,"","","","",""
1647826798406,"2022-03-21T01:39:58.406Z","4.12.2",4,"info",882.07,925.678,"","","","",""
1647826808643,"2022-03-21T01:40:08.643Z","3.13.1",3,"info",1056.434,1064.335,"","","","",""
1647826814483,"2022-03-21T01:40:14.483Z","6-next",6,"info",1154.953,1209.469,"","","","",""
1647827072442,"2022-03-21T01:44:32.442Z","6-next",6,"tarball",10326.455,10282.53,"","","","",""
1647827102296,"2022-03-21T01:45:02.296Z","3.13.1",3,"tarball",13108.794,13164.772,"","","","",""
1647827111672,"2022-03-21T01:45:11.672Z","4.12.2",4,"tarball",13248.837,13671.004,"","","","",""
1647827179366,"2022-03-21T01:46:19.366Z","5.7.0",5,"tarball",12494.89,12532.348,"","","","",""
1647913151977,"2022-03-22T01:39:11.977Z","3.13.1",3,"info",1083.603,1170.906,"","","","",""
1647913154307,"2022-03-22T01:39:14.307Z","6-next",6,"info",882.297,1054.184,"","","","",""
1647913195775,"2022-03-22T01:39:55.775Z","4.12.2",4,"info",1382.134,3347.233,"","","","",""
1647913201911,"2022-03-22T01:40:01.911Z","5.7.0",5,"info",1405.556,2254.91,"","","","",""
1647913483940,"2022-03-22T01:44:43.940Z","5.7.0",5,"tarball",11334.873,11397.123,"","","","",""
1647913510989,"2022-03-22T01:45:10.989Z","3.13.1",3,"tarball",14160.424,15085.117,"","","","",""
1647913550734,"2022-03-22T01:45:50.734Z","6-next",6,"tarball",14725.401,14654.388,"","","","",""
1647913557669,"2022-03-22T01:45:57.669Z","4.12.2",4,"tarball",14048.254,14432.969,"","","","",""
1647999662108,"2022-03-23T01:41:02.108Z","5.7.0",5,"info",978.591,978.968,"","","","",""
1647999682859,"2022-03-23T01:41:22.859Z","6-next",6,"info",1138.158,1189.146,"","","","",""
1647999705245,"2022-03-23T01:41:45.245Z","4.12.2",4,"info",1011.032,1160.404,"","","","",""
1647999819819,"2022-03-23T01:43:39.819Z","3.13.1",3,"info",1072.964,1072.169,"","","","",""
1647999898797,"2022-03-23T01:44:58.797Z","3.13.1",3,"tarball",9379.37,9430.223,"","","","",""
1647999935620,"2022-03-23T01:45:35.620Z","6-next",6,"tarball",10289.933,10362.432,"","","","",""
1647999974311,"2022-03-23T01:46:14.311Z","5.7.0",5,"tarball",12642.801,12638.44,"","","","",""
1647999997252,"2022-03-23T01:46:37.252Z","4.12.2",4,"tarball",12027.694,12170.213,"","","","",""
1648086028302,"2022-03-24T01:40:28.302Z","3.13.1",3,"info",1103.61,1105.035,"","","","",""
1648086032314,"2022-03-24T01:40:32.314Z","5.7.0",5,"info",952.977,1016.752,"","","","",""
1648086062076,"2022-03-24T01:41:02.076Z","4.12.2",4,"info",1342.774,1419.604,"","","","",""
1648086065891,"2022-03-24T01:41:05.891Z","6-next",6,"info",1055.881,1140.351,"","","","",""
1648086292256,"2022-03-24T01:44:52.256Z","3.13.1",3,"tarball",10523.227,11003.426,"","","","",""
1648086317116,"2022-03-24T01:45:17.116Z","5.7.0",5,"tarball",11952.234,11962.912,"","","","",""
1648086320981,"2022-03-24T01:45:20.981Z","6-next",6,"tarball",10259.416,10227.447,"","","","",""
1648086429552,"2022-03-24T01:47:09.552Z","4.12.2",4,"tarball",15337.775,15392.167,"","","","",""
1648172351998,"2022-03-25T01:39:11.998Z","5.7.0",5,"info",1287.311,1304.347,"","","","",""
1648172358346,"2022-03-25T01:39:18.346Z","4.12.2",4,"info",1210.752,1279.273,"","","","",""
1648172366174,"2022-03-25T01:39:26.174Z","3.13.1",3,"info",1025.512,1193.866,"","","","",""
1648172378217,"2022-03-25T01:39:38.217Z","6-next",6,"info",851.498,870.25,"","","","",""
1648172610393,"2022-03-25T01:43:30.393Z","4.12.2",4,"tarball",10521.358,10550.373,"","","","",""
1648172616583,"2022-03-25T01:43:36.583Z","3.13.1",3,"tarball",10400.052,10462.701,"","","","",""
1648172665343,"2022-03-25T01:44:25.343Z","5.7.0",5,"tarball",11677.739,11724.319,"","","","",""
1648172681914,"2022-03-25T01:44:41.914Z","6-next",6,"tarball",12130.395,12226.539,"","","","",""
1648258894964,"2022-03-26T01:41:34.964Z","3.13.1",3,"info",1055.869,1061.768,"","","","",""
1648258901595,"2022-03-26T01:41:41.595Z","5.7.0",5,"info",1091.605,1132.938,"","","","",""
1648258909579,"2022-03-26T01:41:49.579Z","4.12.2",4,"info",1156.264,1184.8,"","","","",""
1648258910616,"2022-03-26T01:41:50.616Z","6-next",6,"info",1112.738,1131.309,"","","","",""
1648259131193,"2022-03-26T01:45:31.193Z","3.13.1",3,"tarball",9680.995,9743.165,"","","","",""
1648259160242,"2022-03-26T01:46:00.242Z","5.7.0",5,"tarball",10638.753,10668.716,"","","","",""
1648259204280,"2022-03-26T01:46:44.280Z","6-next",6,"tarball",11247.199,11277.327,"","","","",""
1648259221176,"2022-03-26T01:47:01.176Z","4.12.2",4,"tarball",12358.572,12423.542,"","","","",""
1648345124505,"2022-03-27T01:38:44.505Z","3.13.1",3,"info",898.792,1004.804,"","","","",""
1648345159375,"2022-03-27T01:39:19.375Z","5.7.0",5,"info",3065.27,2571.296,"","","","",""
1648345161453,"2022-03-27T01:39:21.453Z","4.12.2",4,"info",2282.735,2413.389,"","","","",""
1648345161636,"2022-03-27T01:39:21.636Z","6-next",6,"info",1124.462,1913.66,"","","","",""
1648345430975,"2022-03-27T01:43:50.975Z","5.7.0",5,"tarball",10442.052,10510.168,"","","","",""
1648345469042,"2022-03-27T01:44:29.042Z","6-next",6,"tarball",11504.832,11597.428,"","","","",""
1648345501207,"2022-03-27T01:45:01.207Z","3.13.1",3,"tarball",12585.817,12411.151,"","","","",""
1648345535355,"2022-03-27T01:45:35.355Z","4.12.2",4,"tarball",16077.157,16063.565,"","","","",""
1648431598981,"2022-03-28T01:39:58.981Z","5.7.0",5,"info",1030.135,1128.461,"","","","",""
1648431601863,"2022-03-28T01:40:01.863Z","3.13.1",3,"info",1102.395,1261.529,"","","","",""
1648431622063,"2022-03-28T01:40:22.063Z","4.12.2",4,"info",1200.918,1204.352,"","","","",""
1648431634463,"2022-03-28T01:40:34.463Z","6-next",6,"info",1005.992,1029.53,"","","","",""
1648431861168,"2022-03-28T01:44:21.168Z","4.12.2",4,"tarball",10352.497,10471.569,"","","","",""
1648431881049,"2022-03-28T01:44:41.049Z","3.13.1",3,"tarball",11371.085,11482.069,"","","","",""
1648431882352,"2022-03-28T01:44:42.352Z","5.7.0",5,"tarball",11486.938,11577.627,"","","","",""
1648431919707,"2022-03-28T01:45:19.707Z","6-next",6,"tarball",12066.866,12592.74,"","","","",""
1648517999904,"2022-03-29T01:39:59.904Z","4.12.2",4,"info",1004.901,1059.101,"","","","",""
1648518004704,"2022-03-29T01:40:04.704Z","3.13.1",3,"info",1056.534,1096.685,"","","","",""
1648518010683,"2022-03-29T01:40:10.683Z","6-next",6,"info",923.36,950.842,"","","","",""
1648518011448,"2022-03-29T01:40:11.448Z","5.7.0",5,"info",1023.524,1056.132,"","","","",""
1648518290372,"2022-03-29T01:44:50.372Z","3.13.1",3,"tarball",10771.354,10818.855,"","","","",""
1648518323323,"2022-03-29T01:45:23.323Z","5.7.0",5,"tarball",11885.841,11925.924,"","","","",""
1648518349984,"2022-03-29T01:45:49.984Z","6-next",6,"tarball",14162.494,14243.676,"","","","",""
1648518411538,"2022-03-29T01:46:51.538Z","4.12.2",4,"tarball",15386.026,15438.264,"","","","",""
1648608313064,"2022-03-30T02:45:13.064Z","3.13.1",3,"info",1143.364,1113.172,"","","","",""
1648608317784,"2022-03-30T02:45:17.784Z","5.7.0",5,"info",1119.683,1115.741,"","","","",""
1648608335110,"2022-03-30T02:45:35.110Z","4.12.2",4,"info",1125.269,1583.125,"","","","",""
1648608407395,"2022-03-30T02:46:47.395Z","6-next",6,"info",1207.498,1277.153,"","","","",""
1648608650367,"2022-03-30T02:50:50.367Z","3.13.1",3,"tarball",12137.932,12707.213,"","","","",""
1648608698624,"2022-03-30T02:51:38.624Z","4.12.2",4,"tarball",12133.254,12240.215,"","","","",""
1648608736246,"2022-03-30T02:52:16.246Z","6-next",6,"tarball",13672.148,13804.847,"","","","",""
1648608738564,"2022-03-30T02:52:18.564Z","5.7.0",5,"tarball",15362.049,15307.447,"","","","",""
1648694529573,"2022-03-31T02:42:09.573Z","3.13.1",3,"info",857.084,873.021,"","","","",""
1648694532304,"2022-03-31T02:42:12.304Z","5.7.0",5,"info",1020.753,1033.529,"","","","",""
1648694557166,"2022-03-31T02:42:37.166Z","4.12.2",4,"info",1257.394,1300.666,"","","","",""
1648694568439,"2022-03-31T02:42:48.439Z","6-next",6,"info",1102.601,1129.29,"","","","",""
1648694843337,"2022-03-31T02:47:23.337Z","3.13.1",3,"tarball",10924.091,11198.122,"","","","",""
1648694935828,"2022-03-31T02:48:55.828Z","5.7.0",5,"tarball",13841.35,14168.385,"","","","",""
1648694943669,"2022-03-31T02:49:03.669Z","6-next",6,"tarball",13853.192,13954.436,"","","","",""
1648695057282,"2022-03-31T02:50:57.282Z","4.12.2",4,"tarball",16004.89,16039.537,"","","","",""
1648782121372,"2022-04-01T03:02:01.372Z","3.13.1",3,"info",879.923,1051.988,"","","","",""
1648782122449,"2022-04-01T03:02:02.449Z","5.7.0",5,"info",906.385,1056.665,"","","","",""
1648782145269,"2022-04-01T03:02:25.269Z","4.12.2",4,"info",1144.272,1205.744,"","","","",""
1648782159373,"2022-04-01T03:02:39.373Z","6-next",6,"info",1169.566,1315.562,"","","","",""
1648782508601,"2022-04-01T03:08:28.601Z","4.12.2",4,"tarball",12320.83,12578.865,"","","","",""
1648782520824,"2022-04-01T03:08:40.824Z","3.13.1",3,"tarball",12408.295,12502.096,"","","","",""
1648782530767,"2022-04-01T03:08:50.767Z","5.7.0",5,"tarball",11776.027,11917.572,"","","","",""
1648782564145,"2022-04-01T03:09:24.145Z","6-next",6,"tarball",12414.996,12529.177,"","","","",""
1648863627159,"2022-04-02T01:40:27.159Z","6-next",6,"info",959.225,1191.208,"","","","",""
1648863627246,"2022-04-02T01:40:27.246Z","4.12.2",4,"info",1025.514,1205.036,"","","","",""
1648863658540,"2022-04-02T01:40:58.540Z","3.13.1",3,"info",1192.015,1220.066,"","","","",""
1648863662467,"2022-04-02T01:41:02.467Z","5.7.0",5,"info",1028.65,1113.164,"","","","",""
1648863892573,"2022-04-02T01:44:52.573Z","3.13.1",3,"tarball",10642.908,11044.969,"","","","",""
1648863917030,"2022-04-02T01:45:17.030Z","4.12.2",4,"tarball",10626.323,10651.967,"","","","",""
1648863923655,"2022-04-02T01:45:23.655Z","6-next",6,"tarball",10795.019,11178.099,"","","","",""
1648863946440,"2022-04-02T01:45:46.440Z","5.7.0",5,"tarball",12616.148,12687.107,"","","","",""
1648949919592,"2022-04-03T01:38:39.592Z","4.12.2",4,"info",1103.523,1213.674,"","","","",""
1648949930239,"2022-04-03T01:38:50.239Z","3.13.1",3,"info",1009.336,1147.425,"","","","",""
1648949930843,"2022-04-03T01:38:50.843Z","5.7.0",5,"info",970.264,1070.581,"","","","",""
1648949932745,"2022-04-03T01:38:52.745Z","6-next",6,"info",974.217,1094.856,"","","","",""
1648950247173,"2022-04-03T01:44:07.173Z","3.13.1",3,"tarball",10282.126,10293.941,"","","","",""
1648950253098,"2022-04-03T01:44:13.098Z","5.7.0",5,"tarball",10458.795,10512.59,"","","","",""
1648950293425,"2022-04-03T01:44:53.425Z","4.12.2",4,"tarball",12500.75,12502.429,"","","","",""
1648950306134,"2022-04-03T01:45:06.134Z","6-next",6,"tarball",10845.376,11339.401,"","","","",""
1649036518758,"2022-04-04T01:41:58.758Z","5.7.0",5,"info",1008.235,1026.114,"","","","",""
1649036520307,"2022-04-04T01:42:00.307Z","4.12.2",4,"info",1042.17,1049.051,"","","","",""
1649036554643,"2022-04-04T01:42:34.643Z","3.13.1",3,"info",974.071,1074.339,"","","","",""
1649036598010,"2022-04-04T01:43:18.010Z","6-next",6,"info",1349.184,1832.606,"","","","",""
1649036796108,"2022-04-04T01:46:36.108Z","4.12.2",4,"tarball",9857.786,9990.545,"","","","",""
1649036811183,"2022-04-04T01:46:51.183Z","3.13.1",3,"tarball",10346.837,10806.847,"","","","",""
1649036816632,"2022-04-04T01:46:56.632Z","5.7.0",5,"tarball",12234.818,12282.661,"","","","",""
1649036826793,"2022-04-04T01:47:06.793Z","6-next",6,"tarball",10856.619,10946.353,"","","","",""
1649122800374,"2022-04-05T01:40:00.374Z","5.7.0",5,"info",988.214,1303.411,"","","","",""
1649122806589,"2022-04-05T01:40:06.589Z","3.13.1",3,"info",1010.793,1044.019,"","","","",""
1649122810831,"2022-04-05T01:40:10.831Z","6-next",6,"info",979.33,1056.067,"","","","",""
1649122866960,"2022-04-05T01:41:06.960Z","4.12.2",4,"info",1073.92,1162.822,"","","","",""
1649123058021,"2022-04-05T01:44:18.021Z","4.12.2",4,"tarball",9638.665,9701.548,"","","","",""
1649123066224,"2022-04-05T01:44:26.224Z","3.13.1",3,"tarball",10327.429,10365.093,"","","","",""
1649123111367,"2022-04-05T01:45:11.367Z","6-next",6,"tarball",10522.829,10650.59,"","","","",""
1649123178150,"2022-04-05T01:46:18.150Z","5.7.0",5,"tarball",15887.717,16005.537,"","","","",""
1649209143525,"2022-04-06T01:39:03.525Z","3.13.1",3,"info",906.314,937.727,"","","","",""
1649209146376,"2022-04-06T01:39:06.376Z","5.7.0",5,"info",1052.442,1145.896,"","","","",""
1649209171723,"2022-04-06T01:39:31.723Z","4.12.2",4,"info",1163.617,1485.998,"","","","",""
1649209184871,"2022-04-06T01:39:44.871Z","6-next",6,"info",1159.316,1305.267,"","","","",""
1649209404704,"2022-04-06T01:43:24.704Z","5.7.0",5,"tarball",10415.58,10496.27,"","","","",""
1649209498108,"2022-04-06T01:44:58.108Z","4.12.2",4,"tarball",15061.709,15144.794,"","","","",""
1649209507220,"2022-04-06T01:45:07.220Z","3.13.1",3,"tarball",14215.278,14265.431,"","","","",""
1649209579216,"2022-04-06T01:46:19.216Z","6-next",6,"tarball",15555.62,15610.042,"","","","",""
1649295500279,"2022-04-07T01:38:20.279Z","3.13.1",3,"info",1002.332,1342.613,"","","","",""
1649295506823,"2022-04-07T01:38:26.823Z","4.12.2",4,"info",1140.465,1210.024,"","","","",""
1649295544784,"2022-04-07T01:39:04.784Z","5.7.0",5,"info",1619.749,2597.523,"","","","",""
1649295562991,"2022-04-07T01:39:22.991Z","6-next",6,"info",2247.509,3045.377,"","","","",""
1649295815122,"2022-04-07T01:43:35.122Z","5.7.0",5,"tarball",9956.933,9972.576,"","","","",""
1649295833390,"2022-04-07T01:43:53.390Z","3.13.1",3,"tarball",10573.289,10652.037,"","","","",""
1649295852638,"2022-04-07T01:44:12.638Z","4.12.2",4,"tarball",10085.125,10234.497,"","","","",""
1649295909929,"2022-04-07T01:45:09.929Z","6-next",6,"tarball",12598.289,12676.082,"","","","",""
1649381968385,"2022-04-08T01:39:28.385Z","5.7.0",5,"info",996.427,1036.281,"","","","",""
1649381984492,"2022-04-08T01:39:44.492Z","4.12.2",4,"info",1224.572,1322.707,"","","","",""
1649381991758,"2022-04-08T01:39:51.758Z","6-next",6,"info",954.626,993.393,"","","","",""
1649382000933,"2022-04-08T01:40:00.933Z","3.13.1",3,"info",916.324,1000.186,"","","","",""
1649382240156,"2022-04-08T01:44:00.156Z","3.13.1",3,"tarball",10380.537,10504.691,"","","","",""
1649382260543,"2022-04-08T01:44:20.543Z","6-next",6,"tarball",10564.009,10615.045,"","","","",""
1649382276542,"2022-04-08T01:44:36.542Z","5.7.0",5,"tarball",12176.469,12211.35,"","","","",""
1649382356015,"2022-04-08T01:45:56.015Z","4.12.2",4,"tarball",14813.437,14801.674,"","","","",""
1649468306344,"2022-04-09T01:38:26.344Z","5.7.0",5,"info",1005.725,1025.405,"","","","",""
1649468329448,"2022-04-09T01:38:49.448Z","4.12.2",4,"info",1109.336,1173.521,"","","","",""
1649468357011,"2022-04-09T01:39:17.011Z","3.13.1",3,"info",1646.603,1990.127,"","","","",""
1649468368074,"2022-04-09T01:39:28.074Z","6-next",6,"info",1791.505,1755.232,"","","","",""
1649468626724,"2022-04-09T01:43:46.724Z","6-next",6,"tarball",10750.577,10735.297,"","","","",""
1649468645796,"2022-04-09T01:44:05.796Z","3.13.1",3,"tarball",10826.393,10867.472,"","","","",""
1649468651191,"2022-04-09T01:44:11.191Z","5.7.0",5,"tarball",11024.173,11044.002,"","","","",""
1649468674440,"2022-04-09T01:44:34.440Z","4.12.2",4,"tarball",15307.474,15439.008,"","","","",""
1649554795829,"2022-04-10T01:39:55.829Z","4.12.2",4,"info",972.054,994.986,"","","","",""
1649554804968,"2022-04-10T01:40:04.968Z","6-next",6,"info",1013.129,1128.754,"","","","",""
1649554810324,"2022-04-10T01:40:10.324Z","5.7.0",5,"info",974.697,1146.834,"","","","",""
1649554813751,"2022-04-10T01:40:13.751Z","3.13.1",3,"info",1306.521,1454.799,"","","","",""
1649555031951,"2022-04-10T01:43:51.951Z","5.7.0",5,"tarball",10299.907,10330.558,"","","","",""
1649555096160,"2022-04-10T01:44:56.160Z","6-next",6,"tarball",10895.238,10894.822,"","","","",""
1649555168126,"2022-04-10T01:46:08.126Z","3.13.1",3,"tarball",14202.482,14245.444,"","","","",""
1649555208435,"2022-04-10T01:46:48.435Z","4.12.2",4,"tarball",11055.659,11064.064,"","","","",""
1649641352243,"2022-04-11T01:42:32.243Z","4.12.2",4,"info",951.315,948.487,"","","","",""
1649641368380,"2022-04-11T01:42:48.380Z","3.13.1",3,"info",1000.822,1078.038,"","","","",""
1649641378511,"2022-04-11T01:42:58.511Z","5.7.0",5,"info",953.317,1014.26,"","","","",""
1649641383866,"2022-04-11T01:43:03.866Z","6-next",6,"info",1235.256,1298.608,"","","","",""
1649641635595,"2022-04-11T01:47:15.595Z","3.13.1",3,"tarball",9787.984,9797.625,"","","","",""
1649641659967,"2022-04-11T01:47:39.967Z","5.7.0",5,"tarball",10386.858,10422.358,"","","","",""
1649641693436,"2022-04-11T01:48:13.436Z","4.12.2",4,"tarball",11987.263,12161.328,"","","","",""
1649641740273,"2022-04-11T01:49:00.273Z","6-next",6,"tarball",13886.999,13964.655,"","","","",""
1649727548663,"2022-04-12T01:39:08.663Z","5.7.0",5,"info",1192.598,1187.12,"","","","",""
1649727552942,"2022-04-12T01:39:12.942Z","3.13.1",3,"info",904.757,1033.284,"","","","",""
1649727553916,"2022-04-12T01:39:13.916Z","4.12.2",4,"info",876.968,1035.105,"","","","",""
1649727571560,"2022-04-12T01:39:31.560Z","6-next",6,"info",1014.159,1116.307,"","","","",""
1649727743276,"2022-04-12T01:42:23.276Z","3.13.1",3,"tarball",19427.215,19376.317,"","","","",""
1649727755492,"2022-04-12T01:42:35.492Z","5.7.0",5,"tarball",19393.152,19552.523,"","","","",""
1649727778505,"2022-04-12T01:42:58.505Z","4.12.2",4,"tarball",20839.966,21511.29,"","","","",""
1649727794461,"2022-04-12T01:43:14.461Z","6-next",6,"tarball",21380.716,21597.501,"","","","",""
1649813986384,"2022-04-13T01:39:46.384Z","5.7.0",5,"info",777.622,804.772,"","","","",""
1649813986851,"2022-04-13T01:39:46.851Z","4.12.2",4,"info",772.535,791.948,"","","","",""
1649814001249,"2022-04-13T01:40:01.249Z","6-next",6,"info",892.388,897.625,"","","","",""
1649814022361,"2022-04-13T01:40:22.361Z","3.13.1",3,"info",1210.748,1504.798,"","","","",""
1649814178410,"2022-04-13T01:42:58.410Z","6-next",6,"tarball",16864.39,16830.857,"","","","",""
1649814185486,"2022-04-13T01:43:05.486Z","5.7.0",5,"tarball",18969.138,18992.678,"","","","",""
1649814252998,"2022-04-13T01:44:12.998Z","4.12.2",4,"tarball",23770.289,23819.354,"","","","",""
1649814262833,"2022-04-13T01:44:22.833Z","3.13.1",3,"tarball",22820.513,22787.05,"","","","",""
1649900438794,"2022-04-14T01:40:38.794Z","4.12.2",4,"info",899.564,880.557,"","","","",""
1649900450404,"2022-04-14T01:40:50.404Z","3.13.1",3,"info",861.407,881.906,"","","","",""
1649900478121,"2022-04-14T01:41:18.121Z","5.7.0",5,"info",1162.879,1500.437,"","","","",""
1649900495513,"2022-04-14T01:41:35.513Z","6-next",6,"info",850.758,880.855,"","","","",""
1649900648528,"2022-04-14T01:44:08.528Z","3.13.1",3,"tarball",19474.609,19491.532,"","","","",""
1649900658613,"2022-04-14T01:44:18.613Z","4.12.2",4,"tarball",19670.466,19772.853,"","","","",""
1649900664787,"2022-04-14T01:44:24.787Z","6-next",6,"tarball",19038.523,19080.082,"","","","",""
1649900688375,"2022-04-14T01:44:48.375Z","5.7.0",5,"tarball",19881.381,19903.022,"","","","",""
1650246216340,"2022-04-18T01:43:36.340Z","3.13.1",3,"info",750.578,768.61,"","","","",""
1650246228353,"2022-04-18T01:43:48.353Z","5.7.0",5,"info",891.623,922.134,"","","","",""
1650246235065,"2022-04-18T01:43:55.065Z","4.12.2",4,"info",972.259,1011.621,"","","","",""
1650246250197,"2022-04-18T01:44:10.197Z","6-next",6,"info",918.151,948.814,"","","","",""
1650246435980,"2022-04-18T01:47:15.980Z","3.13.1",3,"tarball",17796.769,17822.191,"","","","",""
1650246442348,"2022-04-18T01:47:22.348Z","6-next",6,"tarball",19721.719,19796.431,"","","","",""
1650246481077,"2022-04-18T01:48:01.077Z","4.12.2",4,"tarball",20627.206,20569.415,"","","","",""
1650246502895,"2022-04-18T01:48:22.895Z","5.7.0",5,"tarball",23320.142,23156.26,"","","","",""
1650850999131,"2022-04-25T01:43:19.131Z","3.13.1",3,"info",1126.834,1126.324,"","","","",""
1650851004432,"2022-04-25T01:43:24.432Z","5.7.0",5,"info",798.332,835.119,"","","","",""
1650851007114,"2022-04-25T01:43:27.114Z","4.12.2",4,"info",817.474,819.371,"","","","",""
1650851033047,"2022-04-25T01:43:53.047Z","6-next",6,"info",901.057,901.156,"","","","",""
1650851183739,"2022-04-25T01:46:23.739Z","3.13.1",3,"tarball",19788.429,19817.769,"","","","",""
1650851199767,"2022-04-25T01:46:39.767Z","5.7.0",5,"tarball",20982.842,21155.68,"","","","",""
1650851234626,"2022-04-25T01:47:14.626Z","4.12.2",4,"tarball",22571.12,22562.171,"","","","",""
1650851239444,"2022-04-25T01:47:19.444Z","6-next",6,"tarball",22791.624,23137.287,"","","","",""
1651455965273,"2022-05-02T01:46:05.273Z","3.13.1",3,"info",753.114,764.128,"","","","",""
1651455971206,"2022-05-02T01:46:11.206Z","4.12.2",4,"info",898.519,898.753,"","","","",""
1651455978043,"2022-05-02T01:46:18.043Z","5.7.0",5,"info",896.46,910.152,"","","","",""
1651455981601,"2022-05-02T01:46:21.601Z","6-next",6,"info",892.548,892.075,"","","","",""
1651456167034,"2022-05-02T01:49:27.034Z","5.7.0",5,"tarball",19035.949,19125.562,"","","","",""
1651456175959,"2022-05-02T01:49:35.959Z","4.12.2",4,"tarball",19473.012,19489.084,"","","","",""
1651456220026,"2022-05-02T01:50:20.026Z","6-next",6,"tarball",22942.659,22991.829,"","","","",""
1651456229975,"2022-05-02T01:50:29.975Z","3.13.1",3,"tarball",23475.522,23520.612,"","","","",""
1652060552714,"2022-05-09T01:42:32.714Z","4.12.2",4,"info",792.137,826.693,"","","","",""
1652060556083,"2022-05-09T01:42:36.083Z","5.7.0",5,"info",785.418,817.426,"","","","",""
1652060560171,"2022-05-09T01:42:40.171Z","3.13.1",3,"info",767.172,807.043,"","","","",""
1652060603809,"2022-05-09T01:43:23.809Z","6-next",6,"info",1123.433,1134.06,"","","","",""
1652060764266,"2022-05-09T01:46:04.266Z","5.7.0",5,"tarball",19921.58,19946.381,"","","","",""
1652060769223,"2022-05-09T01:46:09.223Z","6-next",6,"tarball",18612.554,18886.633,"","","","",""
1652060769615,"2022-05-09T01:46:09.615Z","3.13.1",3,"tarball",20984.945,21051.65,"","","","",""
1652060793612,"2022-05-09T01:46:33.612Z","4.12.2",4,"tarball",21516.69,21542.143,"","","","",""
1652665317231,"2022-05-16T01:41:57.231Z","3.13.1",3,"info",735.742,737.412,"","","","",""
1652665323488,"2022-05-16T01:42:03.488Z","4.12.2",4,"info",758.23,796.918,"","","","",""
1652665332011,"2022-05-16T01:42:12.011Z","6-next",6,"info",792.02,815.937,"","","","",""
1652665373545,"2022-05-16T01:42:53.545Z","5.7.0",5,"info",1290.375,1295.824,"","","","",""
1652665544460,"2022-05-16T01:45:44.460Z","6-next",6,"tarball",20324.912,20331.513,"","","","",""
1652665583847,"2022-05-16T01:46:23.847Z","4.12.2",4,"tarball",20634.616,20699.684,"","","","",""
1652665588797,"2022-05-16T01:46:28.797Z","3.13.1",3,"tarball",23558.308,23593.978,"","","","",""
1652665629557,"2022-05-16T01:47:09.557Z","5.7.0",5,"tarball",26899.223,27052.338,"","","","",""
1653270277911,"2022-05-23T01:44:37.911Z","5.10.2",5,"info",779.906,798.234,"","","","",""
1653270298053,"2022-05-23T01:44:58.053Z","3.13.1",3,"info",989.393,1001.054,"","","","",""
1653270300118,"2022-05-23T01:45:00.118Z","4.12.2",4,"info",1006.734,1007.157,"","","","",""
1653270315154,"2022-05-23T01:45:15.154Z","6-next",6,"info",1158.216,1156.956,"","","","",""
1653270539244,"2022-05-23T01:48:59.244Z","5.10.2",5,"tarball",22075.313,21980.813,"","","","",""
1653270576568,"2022-05-23T01:49:36.568Z","6-next",6,"tarball",24273.745,24354.1,"","","","",""
1653270608250,"2022-05-23T01:50:08.250Z","3.13.1",3,"tarball",28305.908,28337.925,"","","","",""
1653270608964,"2022-05-23T01:50:08.964Z","4.12.2",4,"tarball",27998.857,28182.07,"","","","",""
1653875042619,"2022-05-30T01:44:02.619Z","5.10.2",5,"info",760.258,776.013,"","","","",""
1653875057540,"2022-05-30T01:44:17.540Z","6-next",6,"info",969.137,982.756,"","","","",""
1653875060381,"2022-05-30T01:44:20.381Z","3.13.1",3,"info",1086.107,1096.823,"","","","",""
1653875078190,"2022-05-30T01:44:38.190Z","4.12.2",4,"info",1186.962,1189.646,"","","","",""
1653875245341,"2022-05-30T01:47:25.341Z","6-next",6,"tarball",17569.258,17633.536,"","","","",""
1653875262183,"2022-05-30T01:47:42.183Z","4.12.2",4,"tarball",19753.429,19794.928,"","","","",""
1653875266404,"2022-05-30T01:47:46.404Z","3.13.1",3,"tarball",20189.63,20189.121,"","","","",""
1653875308850,"2022-05-30T01:48:28.850Z","5.10.2",5,"tarball",21811.412,21813.979,"","","","",""
1654480069386,"2022-06-06T01:47:49.386Z","5.10.2",5,"info",856.723,906.839,"","","","",""
1654480069694,"2022-06-06T01:47:49.694Z","6-next",6,"info",970.573,969.398,"","","","",""
1654480075516,"2022-06-06T01:47:55.516Z","3.13.1",3,"info",931.665,959.444,"","","","",""
1654480093486,"2022-06-06T01:48:13.486Z","4.12.2",4,"info",918.966,929.499,"","","","",""
1654480241870,"2022-06-06T01:50:41.870Z","5.10.2",5,"tarball",17610.719,17628.892,"","","","",""
1654480257106,"2022-06-06T01:50:57.106Z","3.13.1",3,"tarball",18778.23,18827.694,"","","","",""
1654480276724,"2022-06-06T01:51:16.724Z","6-next",6,"tarball",20092.618,20090.979,"","","","",""
1654480379302,"2022-06-06T01:52:59.302Z","4.12.2",4,"tarball",26674.282,26518.668,"","","","",""
1655084814204,"2022-06-13T01:46:54.204Z","4.12.2",4,"info",806.994,831.975,"","","","",""
1655084818400,"2022-06-13T01:46:58.400Z","5.10.2",5,"info",951.863,967.611,"","","","",""
1655084828143,"2022-06-13T01:47:08.143Z","3.13.1",3,"info",808.019,825.566,"","","","",""
1655084860429,"2022-06-13T01:47:40.429Z","6-next",6,"info",1164.609,1184.763,"","","","",""
1655085026965,"2022-06-13T01:50:26.965Z","3.13.1",3,"tarball",20089.702,20094.261,"","","","",""
1655085060381,"2022-06-13T01:51:00.381Z","4.12.2",4,"tarball",21336.936,22789.406,"","","","",""
1655085139298,"2022-06-13T01:52:19.298Z","5.10.2",5,"tarball",26140.903,27460.487,"","","","",""
1655085202057,"2022-06-13T01:53:22.057Z","6-next",6,"tarball",30247.231,30151.195,"","","","",""
1655689272318,"2022-06-20T01:41:12.318Z","4.12.2",4,"info",791.989,787.181,"","","","",""
1655689278542,"2022-06-20T01:41:18.542Z","6-next",6,"info",777.932,779.567,"","","","",""
1655689307769,"2022-06-20T01:41:47.769Z","3.13.1",3,"info",1198.313,1220.381,"","","","",""
1655689323243,"2022-06-20T01:42:03.243Z","5.10.2",5,"info",1181.774,1206.674,"","","","",""
1655689480462,"2022-06-20T01:44:40.462Z","3.13.1",3,"tarball",19676.408,19779.535,"","","","",""
1655689522115,"2022-06-20T01:45:22.115Z","4.12.2",4,"tarball",22967.112,22984.766,"","","","",""
1655689552408,"2022-06-20T01:45:52.408Z","5.10.2",5,"tarball",22778.266,22745.123,"","","","",""
1655689772891,"2022-06-20T01:49:32.891Z","6-next",6,"tarball",20408.443,20414.89,"","","","",""
1656294305697,"2022-06-27T01:45:05.697Z","4.12.2",4,"info",928.774,934.447,"","","","",""
1656294312564,"2022-06-27T01:45:12.564Z","5.10.2",5,"info",927.398,943.776,"","","","",""
1656294345548,"2022-06-27T01:45:45.548Z","6-next",6,"info",1212.897,1245.546,"","","","",""
1656294346007,"2022-06-27T01:45:46.007Z","3.13.1",3,"info",1238.299,1204.621,"","","","",""
1656294487306,"2022-06-27T01:48:07.306Z","5.10.2",5,"tarball",18649.034,18569.678,"","","","",""
1656294515743,"2022-06-27T01:48:35.743Z","6-next",6,"tarball",20065.177,20067.073,"","","","",""
1656294521848,"2022-06-27T01:48:41.848Z","3.13.1",3,"tarball",20940.666,20992.198,"","","","",""
1656294632357,"2022-06-27T01:50:32.357Z","4.12.2",4,"tarball",26770.093,26684.599,"","","","",""
1656899191789,"2022-07-04T01:46:31.789Z","5.10.2",5,"info",974.164,986.961,"","","","",""
1656899208125,"2022-07-04T01:46:48.125Z","3.13.1",3,"info",774.303,784.019,"","","","",""
1656899218411,"2022-07-04T01:46:58.411Z","4.12.2",4,"info",1187.593,1225.849,"","","","",""
1656899224889,"2022-07-04T01:47:04.889Z","6-next",6,"info",1081.183,1095.995,"","","","",""
1656899451692,"2022-07-04T01:50:51.692Z","5.10.2",5,"tarball",22440.603,22579.023,"","","","",""
1656899465372,"2022-07-04T01:51:05.372Z","4.12.2",4,"tarball",24208.507,24215.484,"","","","",""
1656899497555,"2022-07-04T01:51:37.555Z","3.13.1",3,"tarball",24861.847,25126.288,"","","","",""
1656899525872,"2022-07-04T01:52:05.872Z","6-next",6,"tarball",28148.107,28032.128,"","","","",""
1657503782003,"2022-07-11T01:43:02.003Z","3.13.1",3,"info",879.944,892.027,"","","","",""
1657503784180,"2022-07-11T01:43:04.180Z","6-next",6,"info",892.964,915.476,"","","","",""
1657503796029,"2022-07-11T01:43:16.029Z","4.12.2",4,"info",903.91,913.213,"","","","",""
1657503803925,"2022-07-11T01:43:23.925Z","5.10.2",5,"info",987.75,1002.692,"","","","",""
1657503971891,"2022-07-11T01:46:11.891Z","4.12.2",4,"tarball",17736.504,17797.269,"","","","",""
1657504014129,"2022-07-11T01:46:54.129Z","3.13.1",3,"tarball",20444.102,20634.538,"","","","",""
1657504064543,"2022-07-11T01:47:44.543Z","6-next",6,"tarball",23609.474,23824.223,"","","","",""
1657504157148,"2022-07-11T01:49:17.148Z","5.10.2",5,"tarball",26298.287,26241.392,"","","","",""
1658108958498,"2022-07-18T01:49:18.498Z","5.10.2",5,"info",945.949,957.841,"","","","",""
1658108959928,"2022-07-18T01:49:19.928Z","6-next",6,"info",787.102,827.481,"","","","",""
1658108960597,"2022-07-18T01:49:20.597Z","4.12.2",4,"info",964.982,962.103,"","","","",""
1658108996665,"2022-07-18T01:49:56.665Z","3.13.1",3,"info",1172.944,1215.172,"","","","",""
1658109153245,"2022-07-18T01:52:33.245Z","4.12.2",4,"tarball",18514.839,18532.35,"","","","",""
1658109155496,"2022-07-18T01:52:35.496Z","6-next",6,"tarball",18125.215,18178.227,"","","","",""
1658109220478,"2022-07-18T01:53:40.478Z","5.10.2",5,"tarball",23939.819,24265.912,"","","","",""
1658109258819,"2022-07-18T01:54:18.819Z","3.13.1",3,"tarball",26012.965,26115.994,"","","","",""
1658713600532,"2022-07-25T01:46:40.532Z","3.13.1",3,"info",829.344,871.358,"","","","",""
1658713613190,"2022-07-25T01:46:53.190Z","5.10.2",5,"info",895.589,888.735,"","","","",""
1658713616797,"2022-07-25T01:46:56.797Z","6-next",6,"info",812.289,826.945,"","","","",""
1658713630284,"2022-07-25T01:47:10.284Z","4.12.2",4,"info",1206.142,1245.767,"","","","",""
1658713803258,"2022-07-25T01:50:03.258Z","6-next",6,"tarball",19123.331,19269.662,"","","","",""
1658713839851,"2022-07-25T01:50:39.851Z","4.12.2",4,"tarball",22661.788,22680.091,"","","","",""
1658713841082,"2022-07-25T01:50:41.082Z","5.10.2",5,"tarball",22052.229,22148.466,"","","","",""
1658713896165,"2022-07-25T01:51:36.165Z","3.13.1",3,"tarball",26706.79,26715.328,"","","","",""
1670878136000,"2022-12-12T20:48:56.000Z","3.13.1",3,"info",11.127,11.45,194.17,50.99,75,0,0
1670878136000,"2022-12-12T20:48:56.000Z","3.13.1",3,"tarball",6.577,7.21,122.07,83.32,165,0,0
1670878136000,"2022-12-12T20:48:56.000Z","4.12.2",4,"info",11.341,11.59,189.72,52.18,76,0,0
1670878136000,"2022-12-12T20:48:56.000Z","4.12.2",4,"tarball",6.576,7.496,111.32,93.73,181,0,0
1670878136000,"2022-12-12T20:48:56.000Z","5.18.0",5,"info",14.526,14.796,173.59,57.1,75,0,0
1670878136000,"2022-12-12T20:48:56.000Z","5.18.0",5,"tarball",10.102,10.704,114.76,90.01,177,0,0
1670878136000,"2022-12-12T20:48:56.000Z","6-next",6,"info",16.122,16.754,132.45,74.96,100,0,0
1670878136000,"2022-12-12T20:48:56.000Z","6-next",6,"tarball",7.494,8.1,104.75,98.67,195,0,0
1670886937000,"2022-12-12T23:15:37.000Z","3.13.1",3,"info",10.484,10.776,196.07,50.49,69,0,0
1670886937000,"2022-12-12T23:15:37.000Z","3.13.1",3,"tarball",9.359,10.079,107.97,96.13,190,0,0
1670886937000,"2022-12-12T23:15:37.000Z","4.12.2",4,"info",12.063,12.394,194.62,50.86,79,0,0
1670886937000,"2022-12-12T23:15:37.000Z","4.12.2",4,"tarball",8.776,9.436,112.37,92.76,173,0,0
1670886937000,"2022-12-12T23:15:37.000Z","5.18.0",5,"info",13.524,14.527,224.35,44.02,60,0,0
1670886937000,"2022-12-12T23:15:37.000Z","5.18.0",5,"tarball",8.522,9.425,106.21,97.33,195,0,0
1670886937000,"2022-12-12T23:15:37.000Z","6-next",6,"info",13.848,14.392,101.04,98.4,135,0,0
1670886937000,"2022-12-12T23:15:37.000Z","6-next",6,"tarball",9.296,9.978,104.57,98.66,195,0,0
1670900784000,"2022-12-13T03:06:24.000Z","3.13.1",3,"info",11.4,11.684,185.42,53.4,86,0,0
1670900784000,"2022-12-13T03:06:24.000Z","3.13.1",3,"tarball",10.27,11.031,121.54,85.01,170,0,0
1670900784000,"2022-12-13T03:06:24.000Z","4.12.2",4,"info",10.476,11.063,159.45,62.19,94,0,0
1670900784000,"2022-12-13T03:06:24.000Z","4.12.2",4,"tarball",7.508,8.036,110.5,94.09,183,0,0
1670900784000,"2022-12-13T03:06:24.000Z","5.18.0",5,"info",10.671,11.093,170.75,58.04,88,0,0
1670900784000,"2022-12-13T03:06:24.000Z","5.18.0",5,"tarball",7.371,8.604,111.37,93.22,175,0,0
1670900784000,"2022-12-13T03:06:24.000Z","6-next",6,"info",18.379,18.953,125.8,78.94,105,0,0
1670900784000,"2022-12-13T03:06:24.000Z","6-next",6,"tarball",13.633,14.395,106.52,97.18,192,0,0
1670913930088,"2022-12-13T06:45:30.088Z","3.13.1",3,"info",10.979,11.282,186.09,53.22,81,0,0
1670913930088,"2022-12-13T06:45:30.088Z","3.13.1",3,"tarball",9.293,9.964,109.47,94.63,184,0,0
1670913930088,"2022-12-13T06:45:30.088Z","4.12.2",4,"info",11.708,12.062,155.59,63.75,94,0,0
1670913930088,"2022-12-13T06:45:30.088Z","4.12.2",4,"tarball",9.308,10.005,121.78,84.85,168,0,0
1670913930088,"2022-12-13T06:45:30.088Z","5.18.0",5,"info",11.926,12.688,149.47,66.37,108,0,0
1670913930088,"2022-12-13T06:45:30.088Z","5.18.0",5,"tarball",7.688,8.578,103.26,100.47,195,0,0
1670913930088,"2022-12-13T06:45:30.088Z","6-next",6,"info",14.425,15.121,136.69,72.63,91,0,0
1670913930088,"2022-12-13T06:45:30.088Z","6-next",6,"tarball",10.055,10.854,109.18,94.53,182,0,0
1670914289192,"2022-12-13T06:51:29.192Z","3.13.1",3,"info",10.402,11.197,145.32,68.26,103,0,0
1670914289192,"2022-12-13T06:51:29.192Z","3.13.1",3,"tarball",8.327,8.882,110.33,93.69,183,0,0
1670914289192,"2022-12-13T06:51:29.192Z","4.12.2",4,"info",11.518,11.92,148.67,66.74,109,0,0
1670914289192,"2022-12-13T06:51:29.192Z","4.12.2",4,"tarball",6.308,6.796,102.5,100.88,205,0,0
1670914289192,"2022-12-13T06:51:29.192Z","5.18.0",5,"info",13.818,14.247,193.25,51.23,84,0,0
1670914289192,"2022-12-13T06:51:29.192Z","5.18.0",5,"tarball",7.686,8.349,110.18,93.59,173,0,0
1670914289192,"2022-12-13T06:51:29.192Z","6-next",6,"info",17.466,18.058,87.92,113.16,154,0,0
1670914289192,"2022-12-13T06:51:29.192Z","6-next",6,"tarball",10.006,10.621,118.63,86.69,174,0,0
1670918842399,"2022-12-13T08:07:22.399Z","3.13.1",3,"info",11.884,12.279,155.89,63.63,100,0,0
1670918842399,"2022-12-13T08:07:22.399Z","3.13.1",3,"tarball",6.732,7.417,99.32,104.91,207,0,0
1670918842399,"2022-12-13T08:07:22.399Z","4.12.2",4,"info",10.596,10.89,148.24,66.93,105,0,0
1670918842399,"2022-12-13T08:07:22.399Z","4.12.2",4,"tarball",7.078,7.784,121.78,84.6,169,0,0
1670918842399,"2022-12-13T08:07:22.399Z","5.18.0",5,"info",13.226,14.131,147.97,67.07,102,0,0
1670918842399,"2022-12-13T08:07:22.399Z","5.18.0",5,"tarball",7.891,8.819,110.9,92.96,177,0,0
1670918842399,"2022-12-13T08:07:22.399Z","6-next",6,"info",16.763,17.558,135.35,73.35,95,0,0
1670918842399,"2022-12-13T08:07:22.399Z","6-next",6,"tarball",9.312,9.746,109.97,93.6,180,0,0
1670933212047,"2022-12-13T12:06:52.047Z","3.13.1",3,"info",13.222,13.528,193.25,51.23,75,0,0
1670933212047,"2022-12-13T12:06:52.047Z","3.13.1",3,"tarball",6.654,7.347,121.3,85.06,170,0,0
1670933212047,"2022-12-13T12:06:52.047Z","4.12.2",4,"info",15.136,15.601,190.5,51.97,78,0,0
1670933212047,"2022-12-13T12:06:52.047Z","4.12.2",4,"tarball",6.867,7.593,110.14,93.92,181,0,0
1670933212047,"2022-12-13T12:06:52.047Z","5.18.0",5,"info",12.121,12.542,213.82,46.25,71,0,0
1670933212047,"2022-12-13T12:06:52.047Z","5.18.0",5,"tarball",10.929,11.94,109.87,93.9,182,0,0
1670933212047,"2022-12-13T12:06:52.047Z","6-next",6,"info",13.704,14.245,132.74,74.79,99,0,0
1670933212047,"2022-12-13T12:06:52.047Z","6-next",6,"tarball",6.631,7.247,76.13,138.98,430,0,0
1670947584521,"2022-12-13T16:06:24.521Z","3.13.1",3,"info",11.736,12.071,171.99,57.61,86,0,0
1670947584521,"2022-12-13T16:06:24.521Z","3.13.1",3,"tarball",9.631,10.584,108.8,95.04,186,0,0
1670947584521,"2022-12-13T16:06:24.521Z","4.12.2",4,"info",11.364,11.874,195.62,50.61,72,0,0
1670947584521,"2022-12-13T16:06:24.521Z","4.12.2",4,"tarball",7.314,8.083,107.28,96.42,194,0,0
1670947584521,"2022-12-13T16:06:24.521Z","5.18.0",5,"info",10.634,11.361,165.8,59.79,90,0,0
1670947584521,"2022-12-13T16:06:24.521Z","5.18.0",5,"tarball",9.578,10.334,120.55,84.95,165,0,0
1670947584521,"2022-12-13T16:06:24.521Z","6-next",6,"info",14.971,15.533,110.04,90.34,122,0,0
1670947584521,"2022-12-13T16:06:24.521Z","6-next",6,"tarball",6.754,7.371,121.12,84.72,167,0,0
1670961982491,"2022-12-13T20:06:22.491Z","3.13.1",3,"info",13.619,13.92,186.02,53.24,81,0,0
1670961982491,"2022-12-13T20:06:22.491Z","3.13.1",3,"tarball",8.268,8.738,105.8,98.08,194,0,0
1670961982491,"2022-12-13T20:06:22.491Z","4.12.2",4,"info",14.637,14.941,192,51.57,76,0,0
1670961982491,"2022-12-13T20:06:22.491Z","4.12.2",4,"tarball",8.65,9.535,118.95,86.78,173,0,0
1670961982491,"2022-12-13T20:06:22.491Z","5.18.0",5,"info",15.903,16.881,204.05,48.49,70,0,0
1670961982491,"2022-12-13T20:06:22.491Z","5.18.0",5,"tarball",7.208,7.813,121.95,84.24,167,0,0
1670961982491,"2022-12-13T20:06:22.491Z","6-next",6,"info",22.049,22.819,124.5,79.77,106,0,0
1670961982491,"2022-12-13T20:06:22.491Z","6-next",6,"tarball",8.004,8.608,110.14,93.95,181,0,0
1670976965974,"2022-12-14T00:16:05.974Z","3.13.1",3,"info",12.493,12.849,173.55,57.08,91,0,0
1670976965974,"2022-12-14T00:16:05.974Z","3.13.1",3,"tarball",8.615,9.3,121.5,84.08,170,0,0
1670976965974,"2022-12-14T00:16:05.974Z","4.12.2",4,"info",13.993,14.338,157.49,62.97,76,0,0
1670976965974,"2022-12-14T00:16:05.974Z","4.12.2",4,"tarball",8.92,9.791,130.6,78.61,158,0,0
1670976965974,"2022-12-14T00:16:05.974Z","5.18.0",5,"info",14.174,14.578,216.65,45.66,62,0,0
1670976965974,"2022-12-14T00:16:05.974Z","5.18.0",5,"tarball",6.857,7.614,102.71,101.33,199,0,0
1670976965974,"2022-12-14T00:16:05.974Z","6-next",6,"info",14.375,14.966,126,78.82,105,0,0
1670976965974,"2022-12-14T00:16:05.974Z","6-next",6,"tarball",9.817,10.449,109.42,94.27,182,0,0
1670990793605,"2022-12-14T04:06:33.605Z","3.13.1",3,"info",10.689,11.082,134.69,73.7,117,0,0
1670990793605,"2022-12-14T04:06:33.605Z","3.13.1",3,"tarball",9.195,10.044,108.92,95.07,195,0,0
1670990793605,"2022-12-14T04:06:33.605Z","4.12.2",4,"info",11.169,11.637,196.59,50.36,73,0,0
1670990793605,"2022-12-14T04:06:33.605Z","4.12.2",4,"tarball",6.497,7.027,122.02,84.38,167,0,0
1670990793605,"2022-12-14T04:06:33.605Z","5.18.0",5,"info",10.151,10.691,186.17,53.18,71,0,0
1670990793605,"2022-12-14T04:06:33.605Z","5.18.0",5,"tarball",11.278,12.241,111.02,93.74,180,0,0
1670990793605,"2022-12-14T04:06:33.605Z","6-next",6,"info",25.577,25.81,100.79,98.69,136,0,0
1670990793605,"2022-12-14T04:06:33.605Z","6-next",6,"tarball",6.585,7.167,99.25,104.8,208,0,0
1671005237038,"2022-12-14T08:07:17.038Z","3.13.1",3,"info",11.03,11.492,146.15,67.88,104,0,0
1671005237038,"2022-12-14T08:07:17.038Z","3.13.1",3,"tarball",6.369,6.923,110.97,93.6,188,0,0
1671005237038,"2022-12-14T08:07:17.038Z","4.12.2",4,"info",11.324,11.677,194.27,50.95,72,0,0
1671005237038,"2022-12-14T08:07:17.038Z","4.12.2",4,"tarball",8.039,8.607,109.21,94.75,184,0,0
1671005237038,"2022-12-14T08:07:17.038Z","5.18.0",5,"info",13.983,14.58,209.89,47.13,69,0,0
1671005237038,"2022-12-14T08:07:17.038Z","5.18.0",5,"tarball",6.689,7.373,120.06,85.83,168,0,0
1671005237038,"2022-12-14T08:07:17.038Z","6-next",6,"info",19.621,19.708,127.22,78.05,101,0,0
1671005237038,"2022-12-14T08:07:17.038Z","6-next",6,"tarball",12.036,12.832,109.68,93.96,180,0,0
1671019693647,"2022-12-14T12:08:13.647Z","3.13.1",3,"info",14.977,15.449,189.85,52.17,80,0,0
1671019693647,"2022-12-14T12:08:13.647Z","3.13.1",3,"tarball",6.888,7.521,99.07,104.97,208,0,0
1671019693647,"2022-12-14T12:08:13.647Z","4.12.2",4,"info",12.559,12.947,185.89,53.27,77,0,0
1671019693647,"2022-12-14T12:08:13.647Z","4.12.2",4,"tarball",7.76,8.328,124.06,82.71,161,0,0
1671019693647,"2022-12-14T12:08:13.647Z","5.18.0",5,"info",13.633,14.545,203.59,48.61,74,0,0
1671019693647,"2022-12-14T12:08:13.647Z","5.18.0",5,"tarball",7.708,8.065,112.66,91.65,181,0,0
1671019693647,"2022-12-14T12:08:13.647Z","6-next",6,"info",19.186,20.039,123.87,80.18,109,0,0
1671019693647,"2022-12-14T12:08:13.647Z","6-next",6,"tarball",9.067,9.813,102.66,101.47,201,0,0
1672013680630,"2022-12-26T00:14:40.630Z","3.13.1",3,"info",12.093,12.302,148.67,66.73,93,0,0
1672013680630,"2022-12-26T00:14:40.630Z","3.13.1",3,"tarball",7.41,7.831,121.39,84.65,171,0,0
1672013680630,"2022-12-26T00:14:40.630Z","4.12.2",4,"info",11.521,11.927,185.87,53.29,70,0,0
1672013680630,"2022-12-26T00:14:40.630Z","4.12.2",4,"tarball",7.216,7.756,107.47,96.21,186,0,0
1672013680630,"2022-12-26T00:14:40.630Z","5.18.0",5,"info",11.392,11.815,181.82,54.48,83,0,0
1672013680630,"2022-12-26T00:14:40.630Z","5.18.0",5,"tarball",6.528,6.925,108.76,94.71,182,0,0
1672013680630,"2022-12-26T00:14:40.630Z","6-next",6,"info",14.809,15.452,124.57,79.75,105,0,0
1672013680630,"2022-12-26T00:14:40.630Z","6-next",6,"tarball",6.737,7.315,126.45,81.23,159,0,0
1672027688911,"2022-12-26T04:08:08.911Z","3.13.1",3,"info",15.187,15.748,179.62,55.16,81,0,0
1672027688911,"2022-12-26T04:08:08.911Z","3.13.1",3,"tarball",6.525,7.257,106.99,96.51,189,0,0
1672027688911,"2022-12-26T04:08:08.911Z","4.12.2",4,"info",10.886,11.307,153.02,64.82,101,0,0
1672027688911,"2022-12-26T04:08:08.911Z","4.12.2",4,"tarball",6.698,7.285,107.67,95.52,185,0,0
1672027688911,"2022-12-26T04:08:08.911Z","5.18.0",5,"info",14.529,14.932,206.3,47.98,66,0,0
1672027688911,"2022-12-26T04:08:08.911Z","5.18.0",5,"tarball",6.917,7.485,107.44,96.91,191,0,0
1672027688911,"2022-12-26T04:08:08.911Z","6-next",6,"info",14.3,14.928,92.7,107.27,133,0,0
1672027688911,"2022-12-26T04:08:08.911Z","6-next",6,"tarball",7.141,7.596,102.26,101.69,202,0,0
1672039442873,"2022-12-26T07:24:02.873Z","3.13.1",3,"info",12.372,12.737,170.09,58.27,87,0,0
1672039442873,"2022-12-26T07:24:02.873Z","3.13.1",3,"tarball",6.911,7.489,106.99,96.26,188,0,0
1672039442873,"2022-12-26T07:24:02.873Z","4.12.2",4,"info",11.116,11.676,176.42,56.15,75,0,0
1672039442873,"2022-12-26T07:24:02.873Z","4.12.2",4,"tarball",6.307,7.025,111.38,93.9,180,0,0
1672039442873,"2022-12-26T07:24:02.873Z","5.18.0",5,"info",11.052,11.473,146.67,67.64,108,0,0
1672039442873,"2022-12-26T07:24:02.873Z","5.18.0",5,"tarball",6.976,7.43,127.18,80.86,157,0,0
1672039442873,"2022-12-26T07:24:02.873Z","6-next",6,"info",17.046,18.067,81.05,122.8,158,0,0
1672039442873,"2022-12-26T07:24:02.873Z","6-next",6,"tarball",6.867,7.361,126.02,81.19,160,0,0
1672039709001,"2022-12-26T07:28:29.001Z","3.13.1",3,"info",10.914,11.342,179.85,55.08,73,0,0
1672039709001,"2022-12-26T07:28:29.001Z","3.13.1",3,"tarball",8.588,9.18,106.99,96.74,191,0,0
1672039709001,"2022-12-26T07:28:29.001Z","4.12.2",4,"info",14.99,15.852,175.75,56.39,82,0,0
1672039709001,"2022-12-26T07:28:29.001Z","4.12.2",4,"tarball",7.012,7.646,108.11,96.01,189,0,0
1672039709001,"2022-12-26T07:28:29.001Z","5.18.0",5,"info",13.747,14.145,159.64,62.13,90,0,0
1672039709001,"2022-12-26T07:28:29.001Z","5.18.0",5,"tarball",7.234,8.271,109.71,94.3,180,0,0
1672039709001,"2022-12-26T07:28:29.001Z","6-next",6,"info",13.748,14.481,125.72,79.01,103,0,0
1672039709001,"2022-12-26T07:28:29.001Z","6-next",6,"tarball",6.763,7.242,109.26,94.22,178,0,0
1672041349598,"2022-12-26T07:55:49.598Z","3.13.1",3,"info",13.517,13.988,165.2,60.01,93,0,0
1672041349598,"2022-12-26T07:55:49.598Z","3.13.1",3,"tarball",8.863,9.427,127.09,80.92,166,0,0
1672041349598,"2022-12-26T07:55:49.598Z","4.12.2",4,"info",12.009,12.5,172.05,57.6,74,0,0
1672041349598,"2022-12-26T07:55:49.598Z","4.12.2",4,"tarball",6.34,6.806,107.92,96.06,188,0,0
1672041349598,"2022-12-26T07:55:49.598Z","5.18.0",5,"info",11.466,11.974,193.09,51.28,67,0,0
1672041349598,"2022-12-26T07:55:49.598Z","5.18.0",5,"tarball",6.545,7.013,109.53,93.85,179,0,0
1672041349598,"2022-12-26T07:55:49.598Z","6-next",6,"info",21.727,22.693,116.85,85.01,117,0,0
1672041349598,"2022-12-26T07:55:49.598Z","6-next",6,"tarball",6.635,7.312,126.92,80.98,160,0,0
1672104731419,"2022-12-27T01:32:11.419Z","3.13.1",3,"info",11.522,11.984,148.19,66.96,104,0,0
1672104731419,"2022-12-27T01:32:11.419Z","3.13.1",3,"tarball",9.118,9.612,107.55,95.37,188,0,0
1672104731419,"2022-12-27T01:32:11.419Z","4.12.2",4,"info",10.958,11.402,181.99,54.44,79,0,0
1672104731419,"2022-12-27T01:32:11.419Z","4.12.2",4,"tarball",6.316,6.823,136.87,74.99,152,0,0
1672104731419,"2022-12-27T01:32:11.419Z","5.18.0",5,"info",10.642,11.503,188.22,52.61,81,0,0
1672104731419,"2022-12-27T01:32:11.419Z","5.18.0",5,"tarball",7.22,8.006,108.95,94.45,180,0,0
1672104731419,"2022-12-27T01:32:11.419Z","6-next",6,"info",20.831,22.298,102.29,97.2,132,0,0
1672104731419,"2022-12-27T01:32:11.419Z","6-next",6,"tarball",7.143,7.655,108.26,95.49,184,0,0
1672191100295,"2022-12-28T01:31:40.295Z","3.13.1",3,"info",12.052,12.587,142.57,69.59,106,0,0
1672191100295,"2022-12-28T01:31:40.295Z","3.13.1",3,"tarball",6.583,7.002,123.75,83.21,165,0,0
1672191100295,"2022-12-28T01:31:40.295Z","4.12.2",4,"info",10.999,11.528,173.99,56.95,77,0,0
1672191100295,"2022-12-28T01:31:40.295Z","4.12.2",4,"tarball",7.032,7.664,110.52,94.18,180,0,0
1672191100295,"2022-12-28T01:31:40.295Z","5.18.0",5,"info",10.233,10.655,156.6,63.35,95,0,0
1672191100295,"2022-12-28T01:31:40.295Z","5.18.0",5,"tarball",7.773,8.231,109.57,94.42,180,0,0
1672191100295,"2022-12-28T01:31:40.295Z","6-next",6,"info",13.864,14.501,125.25,79.32,102,0,0
1672191100295,"2022-12-28T01:31:40.295Z","6-next",6,"tarball",8.252,8.817,106.95,96.39,192,0,0
1672277503340,"2022-12-29T01:31:43.340Z","3.13.1",3,"info",12.473,12.96,169.79,58.37,93,0,0
1672277503340,"2022-12-29T01:31:43.340Z","3.13.1",3,"tarball",6.526,7.029,124.49,82.64,165,0,0
1672277503340,"2022-12-29T01:31:43.340Z","4.12.2",4,"info",12.688,13.057,146.95,67.52,99,0,0
1672277503340,"2022-12-29T01:31:43.340Z","4.12.2",4,"tarball",6.904,7.48,125.37,82.09,164,0,0
1672277503340,"2022-12-29T01:31:43.340Z","5.18.0",5,"info",14.13,14.801,152.64,64.99,101,0,0
1672277503340,"2022-12-29T01:31:43.340Z","5.18.0",5,"tarball",6.507,7.023,109.87,94.22,180,0,0
1672277503340,"2022-12-29T01:31:43.340Z","6-next",6,"info",13.585,14.184,124.4,79.83,109,0,0
1672277503340,"2022-12-29T01:31:43.340Z","6-next",6,"tarball",6.787,7.357,108.64,95.17,183,0,0
1672363983583,"2022-12-30T01:33:03.583Z","3.13.1",3,"info",13.153,13.676,137.87,72,106,0,0
1672363983583,"2022-12-30T01:33:03.583Z","3.13.1",3,"tarball",8.765,9.523,106.26,97.79,193,0,0
1672363983583,"2022-12-30T01:33:03.583Z","4.12.2",4,"info",10.831,11.367,137.19,72.35,107,0,0
1672363983583,"2022-12-30T01:33:03.583Z","4.12.2",4,"tarball",6.42,7.126,107.44,96.84,190,0,0
1672363983583,"2022-12-30T01:33:03.583Z","5.18.0",5,"info",13.997,14.971,156.12,63.53,93,0,0
1672363983583,"2022-12-30T01:33:03.583Z","5.18.0",5,"tarball",6.481,6.902,108.67,94.63,181,0,0
1672363983583,"2022-12-30T01:33:03.583Z","6-next",6,"info",14.636,15.649,97.94,101.56,139,0,0
1672363983583,"2022-12-30T01:33:03.583Z","6-next",6,"tarball",10.152,11.108,110,94.29,181,0,0
1672450333082,"2022-12-31T01:32:13.082Z","3.13.1",3,"info",12.931,13.729,178.47,55.51,79,0,0
1672450333082,"2022-12-31T01:32:13.082Z","3.13.1",3,"tarball",6.489,7.036,105.63,98.46,196,0,0
1672450333082,"2022-12-31T01:32:13.082Z","4.12.2",4,"info",11.22,11.692,150.65,65.87,95,0,0
1672450333082,"2022-12-31T01:32:13.082Z","4.12.2",4,"tarball",6.411,7.05,111.25,93.9,179,0,0
1672450333082,"2022-12-31T01:32:13.082Z","5.18.0",5,"info",10.925,11.382,174.87,56.67,93,0,0
1672450333082,"2022-12-31T01:32:13.082Z","5.18.0",5,"tarball",6.484,6.882,109.9,94.25,179,0,0
1672450333082,"2022-12-31T01:32:13.082Z","6-next",6,"info",15.169,15.947,115.8,85.8,113,0,0
1672450333082,"2022-12-31T01:32:13.082Z","6-next",6,"tarball",10.003,10.738,108.33,95.42,186,0,0
1672536786487,"2023-01-01T01:33:06.487Z","3.13.1",3,"info",11.558,11.872,168.2,58.92,90,0,0
1672536786487,"2023-01-01T01:33:06.487Z","3.13.1",3,"tarball",8.287,8.807,131.49,78.17,159,0,0
1672536786487,"2023-01-01T01:33:06.487Z","4.12.2",4,"info",12.265,12.744,186.4,53.12,73,0,0
1672536786487,"2023-01-01T01:33:06.487Z","4.12.2",4,"tarball",11.196,12.008,108.18,95.64,184,0,0
1672536786487,"2023-01-01T01:33:06.487Z","5.18.0",5,"info",13.451,13.836,161.29,61.52,91,0,0
1672536786487,"2023-01-01T01:33:06.487Z","5.18.0",5,"tarball",7.212,7.685,109.83,95.03,182,0,0
1672536786487,"2023-01-01T01:33:06.487Z","6-next",6,"info",14.299,15.249,125.07,79.41,101,0,0
1672536786487,"2023-01-01T01:33:06.487Z","6-next",6,"tarball",10.116,10.933,108.63,95.13,183,0,0
1672623141806,"2023-01-02T01:32:21.806Z","3.13.1",3,"info",12.023,12.494,149.89,66.2,102,0,0
1672623141806,"2023-01-02T01:32:21.806Z","3.13.1",3,"tarball",8.414,9.034,106.95,96.55,190,0,0
1672623141806,"2023-01-02T01:32:21.806Z","4.12.2",4,"info",10.735,11.179,144.94,68.47,102,0,0
1672623141806,"2023-01-02T01:32:21.806Z","4.12.2",4,"tarball",6.37,6.871,104.38,99.03,194,0,0
1672623141806,"2023-01-02T01:32:21.806Z","5.18.0",5,"info",12.203,12.556,203.89,48.51,67,0,0
1672623141806,"2023-01-02T01:32:21.806Z","5.18.0",5,"tarball",6.643,7.21,110.38,93.83,179,0,0
1672623141806,"2023-01-02T01:32:21.806Z","6-next",6,"info",15.491,16.569,94.74,105.03,150,0,0
1672623141806,"2023-01-02T01:32:21.806Z","6-next",6,"tarball",6.824,7.374,117.9,87.61,177,0,0
1672709510259,"2023-01-03T01:31:50.259Z","3.13.1",3,"info",10.709,11.16,174.07,56.93,85,0,0
1672709510259,"2023-01-03T01:31:50.259Z","3.13.1",3,"tarball",6.481,6.988,107.25,96.48,189,0,0
1672709510259,"2023-01-03T01:31:50.259Z","4.12.2",4,"info",12.444,13.345,150.35,65.99,99,0,0
1672709510259,"2023-01-03T01:31:50.259Z","4.12.2",4,"tarball",7.849,8.417,114.49,90.42,179,0,0
1672709510259,"2023-01-03T01:31:50.259Z","5.18.0",5,"info",10.087,10.403,205.94,48.05,65,0,0
1672709510259,"2023-01-03T01:31:50.259Z","5.18.0",5,"tarball",6.765,7.35,117.09,87.97,173,0,0
1672709510259,"2023-01-03T01:31:50.259Z","6-next",6,"info",18.587,19.481,126.67,78.4,101,0,0
1672709510259,"2023-01-03T01:31:50.259Z","6-next",6,"tarball",7.085,7.72,106.62,96.43,189,0,0
1672795904397,"2023-01-04T01:31:44.397Z","3.13.1",3,"info",15.536,16.473,168.1,58.96,92,0,0
1672795904397,"2023-01-04T01:31:44.397Z","3.13.1",3,"tarball",6.524,7,117.6,87.24,176,0,0
1672795904397,"2023-01-04T01:31:44.397Z","4.12.2",4,"info",14.015,14.438,183.6,53.96,77,0,0
1672795904397,"2023-01-04T01:31:44.397Z","4.12.2",4,"tarball",6.395,6.982,126.78,81.58,161,0,0
1672795904397,"2023-01-04T01:31:44.397Z","5.18.0",5,"info",10.781,11.538,155.7,63.71,103,0,0
1672795904397,"2023-01-04T01:31:44.397Z","5.18.0",5,"tarball",7.05,7.441,108.46,94.67,181,0,0
1672795904397,"2023-01-04T01:31:44.397Z","6-next",6,"info",14.069,14.718,115.05,86.38,113,0,0
1672795904397,"2023-01-04T01:31:44.397Z","6-next",6,"tarball",8.23,8.689,108.85,94.8,182,0,0
1672882344021,"2023-01-05T01:32:24.021Z","3.13.1",3,"info",11.951,12.224,181.17,54.69,79,0,0
1672882344021,"2023-01-05T01:32:24.021Z","3.13.1",3,"tarball",10.079,10.669,108.56,95.74,186,0,0
1672882344021,"2023-01-05T01:32:24.021Z","4.12.2",4,"info",12.778,13.27,142.15,69.84,110,0,0
1672882344021,"2023-01-05T01:32:24.021Z","4.12.2",4,"tarball",7.351,7.957,125.94,81.53,162,0,0
1672882344021,"2023-01-05T01:32:24.021Z","5.18.0",5,"info",11.159,11.771,207.15,47.77,70,0,0
1672882344021,"2023-01-05T01:32:24.021Z","5.18.0",5,"tarball",10.17,11.553,108.44,95.77,187,0,0
1672882344021,"2023-01-05T01:32:24.021Z","6-next",6,"info",14.078,14.738,127.02,78.2,103,0,0
1672882344021,"2023-01-05T01:32:24.021Z","6-next",6,"tarball",8.908,9.482,133.9,76.28,153,0,0
1672968722764,"2023-01-06T01:32:02.764Z","3.13.1",3,"info",14.088,14.469,179.97,55.06,82,0,0
1672968722764,"2023-01-06T01:32:02.764Z","3.13.1",3,"tarball",6.383,6.834,106.54,97.48,194,0,0
1672968722764,"2023-01-06T01:32:02.764Z","4.12.2",4,"info",11.788,12.244,184.22,53.77,78,0,0
1672968722764,"2023-01-06T01:32:02.764Z","4.12.2",4,"tarball",6.574,7.268,127.3,80.93,160,0,0
1672968722764,"2023-01-06T01:32:02.764Z","5.18.0",5,"info",10.666,10.894,184.22,53.76,83,0,0
1672968722764,"2023-01-06T01:32:02.764Z","5.18.0",5,"tarball",8.367,8.828,110.06,94.18,180,0,0
1672968722764,"2023-01-06T01:32:02.764Z","6-next",6,"info",15.322,15.95,125.4,79.19,102,0,0
1672968722764,"2023-01-06T01:32:02.764Z","6-next",6,"tarball",6.652,7.207,112.51,93.17,171,0,0
1673055089539,"2023-01-07T01:31:29.539Z","3.13.1",3,"info",12.162,12.515,157.64,62.89,86,0,0
1673055089539,"2023-01-07T01:31:29.539Z","3.13.1",3,"tarball",7.411,8.035,109.87,94.34,183,0,0
1673055089539,"2023-01-07T01:31:29.539Z","4.12.2",4,"info",11.035,11.471,189.64,52.22,77,0,0
1673055089539,"2023-01-07T01:31:29.539Z","4.12.2",4,"tarball",6.275,6.828,110.33,93.73,182,0,0
1673055089539,"2023-01-07T01:31:29.539Z","5.18.0",5,"info",10.215,10.671,211.85,46.63,69,0,0
1673055089539,"2023-01-07T01:31:29.539Z","5.18.0",5,"tarball",7.701,8.104,110.63,92.79,176,0,0
1673055089539,"2023-01-07T01:31:29.539Z","6-next",6,"info",14.385,15.259,127.82,77.68,105,0,0
1673055089539,"2023-01-07T01:31:29.539Z","6-next",6,"tarball",7.798,8.378,109.94,94.38,184,0,0
1673141550591,"2023-01-08T01:32:30.591Z","3.13.1",3,"info",10.597,11.179,187.85,52.71,77,0,0
1673141550591,"2023-01-08T01:32:30.591Z","3.13.1",3,"tarball",6.401,6.934,108.57,95.07,187,0,0
1673141550591,"2023-01-08T01:32:30.591Z","4.12.2",4,"info",10.654,11.046,188.24,52.6,76,0,0
1673141550591,"2023-01-08T01:32:30.591Z","4.12.2",4,"tarball",6.367,6.936,100.45,103.3,205,0,0
1673141550591,"2023-01-08T01:32:30.591Z","5.18.0",5,"info",14.16,14.737,196.77,50.28,75,0,0
1673141550591,"2023-01-08T01:32:30.591Z","5.18.0",5,"tarball",6.989,7.653,123.13,83.68,168,0,0
1673141550591,"2023-01-08T01:32:30.591Z","6-next",6,"info",21.084,21.981,100.07,99.36,137,0,0
1673141550591,"2023-01-08T01:32:30.591Z","6-next",6,"tarball",7.976,8.599,109.95,93.63,180,0,0
1673227900374,"2023-01-09T01:31:40.374Z","3.13.1",3,"info",11.617,12.062,186.3,53.16,76,0,0
1673227900374,"2023-01-09T01:31:40.374Z","3.13.1",3,"tarball",6.752,7.167,109.21,94.85,185,0,0
1673227900374,"2023-01-09T01:31:40.374Z","4.12.2",4,"info",10.528,11.101,189.39,52.29,78,0,0
1673227900374,"2023-01-09T01:31:40.374Z","4.12.2",4,"tarball",6.669,7.31,120.33,85.8,169,0,0
1673227900374,"2023-01-09T01:31:40.374Z","5.18.0",5,"info",11.517,12.065,164.72,60.19,92,0,0
1673227900374,"2023-01-09T01:31:40.374Z","5.18.0",5,"tarball",9.197,9.688,127.46,80.5,156,0,0
1673227900374,"2023-01-09T01:31:40.374Z","6-next",6,"info",18.094,19.11,125.17,79.36,112,0,0
1673227900374,"2023-01-09T01:31:40.374Z","6-next",6,"tarball",11.671,12.423,122.14,84.35,164,0,0
1673300119740,"2023-01-09T21:35:19.740Z","3.13.1",3,"info",10.723,11.133,139.29,71.27,115,0,0
1673300119740,"2023-01-09T21:35:19.740Z","3.13.1",3,"tarball",10.052,10.392,108.26,95.68,187,0,0
1673300119740,"2023-01-09T21:35:19.740Z","4.12.2",4,"info",14.001,14.759,191.67,51.68,74,0,0
1673300119740,"2023-01-09T21:35:19.740Z","4.12.2",4,"tarball",8.949,9.615,109.11,94.4,183,0,0
1673300119740,"2023-01-09T21:35:19.740Z","5.18.0",5,"info",10.883,11.321,182.15,54.4,80,0,0
1673300119740,"2023-01-09T21:35:19.740Z","5.18.0",5,"tarball",6.876,7.327,112.04,91.83,181,0,0
1673300119740,"2023-01-09T21:35:19.740Z","6-next",6,"info",23.108,24.092,129.62,76.62,99,0,0
1673300119740,"2023-01-09T21:35:19.740Z","6-next",6,"tarball",7.256,7.634,114.82,89.96,182,0,0
1673314347014,"2023-01-10T01:32:27.014Z","3.13.1",3,"info",14.4,14.632,146.81,67.58,107,0,0
1673314347014,"2023-01-10T01:32:27.014Z","3.13.1",3,"tarball",6.794,7.283,108.19,95.91,188,0,0
1673314347014,"2023-01-10T01:32:27.014Z","4.12.2",4,"info",13.561,14.392,177.99,55.66,82,0,0
1673314347014,"2023-01-10T01:32:27.014Z","4.12.2",4,"tarball",6.92,7.614,97.18,107.16,213,0,0
1673314347014,"2023-01-10T01:32:27.014Z","5.18.0",5,"info",11.359,11.9,138.97,71.43,112,0,0
1673314347014,"2023-01-10T01:32:27.014Z","5.18.0",5,"tarball",6.436,6.892,111.23,93.36,180,0,0
1673314347014,"2023-01-10T01:32:27.014Z","6-next",6,"info",13.732,14.717,95.82,103.79,148,0,0
1673314347014,"2023-01-10T01:32:27.014Z","6-next",6,"tarball",10.027,10.612,109.5,94.37,191,0,0
1673400852656,"2023-01-11T01:34:12.656Z","3.13.1",3,"info",11.355,11.651,187.22,52.89,74,0,0
1673400852656,"2023-01-11T01:34:12.656Z","3.13.1",3,"tarball",7.733,8.299,127.46,80.64,162,0,0
1673400852656,"2023-01-11T01:34:12.656Z","4.12.2",4,"info",12.517,13.406,148.65,66.74,83,0,0
1673400852656,"2023-01-11T01:34:12.656Z","4.12.2",4,"tarball",6.393,7.054,109,95.09,186,0,0
1673400852656,"2023-01-11T01:34:12.656Z","5.18.0",5,"info",11.347,11.702,153.67,64.54,99,0,0
1673400852656,"2023-01-11T01:34:12.656Z","5.18.0",5,"tarball",8.099,8.572,95.23,108.39,213,0,0
1673400852656,"2023-01-11T01:34:12.656Z","6-next",6,"info",20.034,20.707,97.24,102.26,141,0,0
1673400852656,"2023-01-11T01:34:12.656Z","6-next",6,"tarball",8.837,9.386,117.28,87.81,175,0,0
1673487146145,"2023-01-12T01:32:26.145Z","3.13.1",3,"info",15.273,15.964,139.02,71.39,113,0,0
1673487146145,"2023-01-12T01:32:26.145Z","3.13.1",3,"tarball",7.252,7.775,108.45,95.45,184,0,0
1673487146145,"2023-01-12T01:32:26.145Z","4.12.2",4,"info",11.445,11.877,148.6,66.77,100,0,0
1673487146145,"2023-01-12T01:32:26.145Z","4.12.2",4,"tarball",6.882,7.595,123.35,83.81,156,0,0
1673487146145,"2023-01-12T01:32:26.145Z","5.18.0",5,"info",10.405,10.881,159.6,62.17,86,0,0
1673487146145,"2023-01-12T01:32:26.145Z","5.18.0",5,"tarball",6.528,6.918,100.8,103.26,204,0,0
1673487146145,"2023-01-12T01:32:26.145Z","6-next",6,"info",13.356,13.972,118.37,83.92,116,0,0
1673487146145,"2023-01-12T01:32:26.145Z","6-next",6,"tarball",7.616,8.092,97.26,106.86,214,0,0
1673573533827,"2023-01-13T01:32:13.827Z","3.13.1",3,"info",10.934,11.218,176.92,56.01,80,0,0
1673573533827,"2023-01-13T01:32:13.827Z","3.13.1",3,"tarball",6.344,6.8,119.99,85.45,169,0,0
1673573533827,"2023-01-13T01:32:13.827Z","4.12.2",4,"info",15.117,16.077,176.35,56.17,79,0,0
1673573533827,"2023-01-13T01:32:13.827Z","4.12.2",4,"tarball",6.49,7.251,109.38,94.7,184,0,0
1673573533827,"2023-01-13T01:32:13.827Z","5.18.0",5,"info",10.255,10.725,169.62,58.47,77,0,0
1673573533827,"2023-01-13T01:32:13.827Z","5.18.0",5,"tarball",7.098,7.78,94.59,109.31,215,0,0
1673573533827,"2023-01-13T01:32:13.827Z","6-next",6,"info",13.85,14.57,129.6,76.62,98,0,0
1673573533827,"2023-01-13T01:32:13.827Z","6-next",6,"tarball",8.095,8.669,109.04,94.55,183,0,0
1673659895324,"2023-01-14T01:31:35.324Z","3.13.1",3,"info",11.659,12.424,184.64,53.64,78,0,0
1673659895324,"2023-01-14T01:31:35.324Z","3.13.1",3,"tarball",7.162,7.959,109.56,94.84,189,0,0
1673659895324,"2023-01-14T01:31:35.324Z","4.12.2",4,"info",12.699,13.161,178.37,55.53,79,0,0
1673659895324,"2023-01-14T01:31:35.324Z","4.12.2",4,"tarball",6.665,7.192,109.61,94.51,184,0,0
1673659895324,"2023-01-14T01:31:35.324Z","5.18.0",5,"info",12.854,13.114,204.19,48.44,72,0,0
1673659895324,"2023-01-14T01:31:35.324Z","5.18.0",5,"tarball",9.501,10.187,121.71,84.46,165,0,0
1673659895324,"2023-01-14T01:31:35.324Z","6-next",6,"info",16.758,17.447,129.69,76.58,100,0,0
1673659895324,"2023-01-14T01:31:35.324Z","6-next",6,"tarball",6.917,7.505,103.14,100.22,199,0,0
1673746327087,"2023-01-15T01:32:07.087Z","3.13.1",3,"info",10.576,10.92,180.82,54.78,77,0,0
1673746327087,"2023-01-15T01:32:07.087Z","3.13.1",3,"tarball",6.412,7.155,122.04,83.9,166,0,0
1673746327087,"2023-01-15T01:32:07.087Z","4.12.2",4,"info",10.602,10.994,179.25,55.28,81,0,0
1673746327087,"2023-01-15T01:32:07.087Z","4.12.2",4,"tarball",8.954,9.731,133.83,76.87,153,0,0
1673746327087,"2023-01-15T01:32:07.087Z","5.18.0",5,"info",12.899,13.417,151.04,65.7,92,0,0
1673746327087,"2023-01-15T01:32:07.087Z","5.18.0",5,"tarball",8.457,8.806,120.37,85.46,168,0,0
1673746327087,"2023-01-15T01:32:07.087Z","6-next",6,"info",15.263,15.96,119.67,83,109,0,0
1673746327087,"2023-01-15T01:32:07.087Z","6-next",6,"tarball",6.604,7.123,121.73,84.84,166,0,0
1673832716612,"2023-01-16T01:31:56.612Z","3.13.1",3,"info",12.172,12.471,143.6,69.11,106,0,0
1673832716612,"2023-01-16T01:31:56.612Z","3.13.1",3,"tarball",6.392,6.92,109.21,94.76,186,0,0
1673832716612,"2023-01-16T01:31:56.612Z","4.12.2",4,"info",11.254,11.678,193.02,51.3,72,0,0
1673832716612,"2023-01-16T01:31:56.612Z","4.12.2",4,"tarball",6.314,6.845,109.56,93.95,182,0,0
1673832716612,"2023-01-16T01:31:56.612Z","5.18.0",5,"info",11.971,12.379,156.7,63.29,97,0,0
1673832716612,"2023-01-16T01:31:56.612Z","5.18.0",5,"tarball",7.387,7.83,111.56,92.59,174,0,0
1673832716612,"2023-01-16T01:31:56.612Z","6-next",6,"info",13.567,14.39,123.55,80.38,111,0,0
1673832716612,"2023-01-16T01:31:56.612Z","6-next",6,"tarball",7.402,7.835,120.97,85.11,168,0,0
1673919139988,"2023-01-17T01:32:19.988Z","3.13.1",3,"info",15.168,15.503,136.87,72.52,111,0,0
1673919139988,"2023-01-17T01:32:19.988Z","3.13.1",3,"tarball",7.361,7.802,118.26,87.72,176,0,0
1673919139988,"2023-01-17T01:32:19.988Z","4.12.2",4,"info",11.314,11.816,188.07,52.66,74,0,0
1673919139988,"2023-01-17T01:32:19.988Z","4.12.2",4,"tarball",7.675,8.383,110.19,93.82,180,0,0
1673919139988,"2023-01-17T01:32:19.988Z","5.18.0",5,"info",12.136,12.428,200.1,49.46,66,0,0
1673919139988,"2023-01-17T01:32:19.988Z","5.18.0",5,"tarball",7.426,7.807,105.06,99.09,192,0,0
1673919139988,"2023-01-17T01:32:19.988Z","6-next",6,"info",23.246,24.402,126.49,78.51,106,0,0
1673919139988,"2023-01-17T01:32:19.988Z","6-next",6,"tarball",7.265,7.755,121.5,84.48,164,0,0
1674005535733,"2023-01-18T01:32:15.733Z","3.13.1",3,"info",11.704,11.987,175.14,56.57,87,0,0
1674005535733,"2023-01-18T01:32:15.733Z","3.13.1",3,"tarball",6.77,7.25,111.28,92.78,186,0,0
1674005535733,"2023-01-18T01:32:15.733Z","4.12.2",4,"info",14.977,15.722,180.95,54.73,79,0,0
1674005535733,"2023-01-18T01:32:15.733Z","4.12.2",4,"tarball",7.592,8.075,130.32,79.14,159,0,0
1674005535733,"2023-01-18T01:32:15.733Z","5.18.0",5,"info",10.85,11.273,196.34,50.42,76,0,0
1674005535733,"2023-01-18T01:32:15.733Z","5.18.0",5,"tarball",7.266,7.819,124.11,82.81,155,0,0
1674005535733,"2023-01-18T01:32:15.733Z","6-next",6,"info",18.45,19.09,84.5,117.75,155,0,0
1674005535733,"2023-01-18T01:32:15.733Z","6-next",6,"tarball",7.257,7.717,109.87,94.1,183,0,0
1674114271123,"2023-01-19T07:44:31.123Z","3.13.1",3,"info",10.614,10.964,188.5,52.54,71,0,0
1674114271123,"2023-01-19T07:44:31.123Z","3.13.1",3,"tarball",8.453,8.896,124.11,82.8,155,0,0
1674114271123,"2023-01-19T07:44:31.123Z","4.12.2",4,"info",11.779,12.18,156.77,63.27,85,0,0
1674114271123,"2023-01-19T07:44:31.123Z","4.12.2",4,"tarball",7.49,8.002,109.92,94.57,184,0,0
1674114271123,"2023-01-19T07:44:31.123Z","5.18.0",5,"info",10.869,11.209,123.24,80.61,119,0,0
1674114271123,"2023-01-19T07:44:31.123Z","5.18.0",5,"tarball",9.047,9.583,104.88,99.19,193,0,0
1674114271123,"2023-01-19T07:44:31.123Z","6-next",6,"info",14.484,15.191,122.95,80.81,113,0,0
1674114271123,"2023-01-19T07:44:31.123Z","6-next",6,"tarball",6.94,7.372,100.56,103.27,202,0,0
1674178344306,"2023-01-20T01:32:24.306Z","3.13.1",3,"info",13.88,14.313,176.25,56.21,85,0,0
1674178344306,"2023-01-20T01:32:24.306Z","3.13.1",3,"tarball",7.927,8.421,108.64,95.32,188,0,0
1674178344306,"2023-01-20T01:32:24.306Z","4.12.2",4,"info",11.207,11.633,177.79,55.74,70,0,0
1674178344306,"2023-01-20T01:32:24.306Z","4.12.2",4,"tarball",6.596,7.185,108.33,95.47,187,0,0
1674178344306,"2023-01-20T01:32:24.306Z","5.18.0",5,"info",14.171,14.8,160.82,61.65,97,0,0
1674178344306,"2023-01-20T01:32:24.306Z","5.18.0",5,"tarball",9.968,10.716,122.54,84.27,163,0,0
1674178344306,"2023-01-20T01:32:24.306Z","6-next",6,"info",13.947,14.995,83.4,119.32,162,0,0
1674178344306,"2023-01-20T01:32:24.306Z","6-next",6,"tarball",6.959,7.373,121.37,84.98,167,0,0
1674264724543,"2023-01-21T01:32:04.543Z","3.13.1",3,"info",14.245,14.58,141.54,70.11,109,0,0
1674264724543,"2023-01-21T01:32:04.543Z","3.13.1",3,"tarball",9.013,9.621,118.35,87.65,175,0,0
1674264724543,"2023-01-21T01:32:04.543Z","4.12.2",4,"info",11.339,11.828,191.12,51.83,75,0,0
1674264724543,"2023-01-21T01:32:04.543Z","4.12.2",4,"tarball",9.727,10.601,110.35,94.35,184,0,0
1674264724543,"2023-01-21T01:32:04.543Z","5.18.0",5,"info",16.149,16.598,162.06,61.19,93,0,0
1674264724543,"2023-01-21T01:32:04.543Z","5.18.0",5,"tarball",11.319,12.115,102.09,101.55,197,0,0
1674264724543,"2023-01-21T01:32:04.543Z","6-next",6,"info",14.043,14.671,121.05,82.06,108,0,0
1674264724543,"2023-01-21T01:32:04.543Z","6-next",6,"tarball",10.389,11.118,109.34,93.97,180,0,0
1674351156955,"2023-01-22T01:32:36.955Z","3.13.1",3,"info",12.517,12.655,174.44,56.81,82,0,0
1674351156955,"2023-01-22T01:32:36.955Z","3.13.1",3,"tarball",9.39,10.244,108.78,95.78,189,0,0
1674351156955,"2023-01-22T01:32:36.955Z","4.12.2",4,"info",10.59,11.092,190.4,52,73,0,0
1674351156955,"2023-01-22T01:32:36.955Z","4.12.2",4,"tarball",9.674,10.277,110,93.66,182,0,0
1674351156955,"2023-01-22T01:32:36.955Z","5.18.0",5,"info",13.661,14.329,211.92,46.67,64,0,0
1674351156955,"2023-01-22T01:32:36.955Z","5.18.0",5,"tarball",8.769,9.269,121.45,85.07,164,0,0
1674351156955,"2023-01-22T01:32:36.955Z","6-next",6,"info",13.563,14.797,122.07,81.36,108,0,0
1674351156955,"2023-01-22T01:32:36.955Z","6-next",6,"tarball",7.459,7.958,123.6,82.96,165,0,0
1674437508753,"2023-01-23T01:31:48.753Z","3.13.1",3,"info",11.989,12.281,138.44,71.7,103,0,0
1674437508753,"2023-01-23T01:31:48.753Z","3.13.1",3,"tarball",6.545,7.117,119.07,86.05,171,0,0
1674437508753,"2023-01-23T01:31:48.753Z","4.12.2",4,"info",12.867,13.435,187.24,52.89,76,0,0
1674437508753,"2023-01-23T01:31:48.753Z","4.12.2",4,"tarball",6.121,6.769,105.21,97.84,193,0,0
1674437508753,"2023-01-23T01:31:48.753Z","5.18.0",5,"info",13.219,13.705,198.45,49.88,70,0,0
1674437508753,"2023-01-23T01:31:48.753Z","5.18.0",5,"tarball",6.984,7.569,111.25,93.07,176,0,0
1674437508753,"2023-01-23T01:31:48.753Z","6-next",6,"info",14.651,15.763,129.87,76.45,102,0,0
1674437508753,"2023-01-23T01:31:48.753Z","6-next",6,"tarball",9.57,10.17,115.42,89.39,177,0,0
1674523923139,"2023-01-24T01:32:03.139Z","3.13.1",3,"info",10.955,11.231,155.22,63.9,96,0,0
1674523923139,"2023-01-24T01:32:03.139Z","3.13.1",3,"tarball",6.481,7.213,121.32,85.12,168,0,0
1674523923139,"2023-01-24T01:32:03.139Z","4.12.2",4,"info",14.726,15.535,188.6,52.5,75,0,0
1674523923139,"2023-01-24T01:32:03.139Z","4.12.2",4,"tarball",6.358,6.918,96.38,107.91,216,0,0
1674523923139,"2023-01-24T01:32:03.139Z","5.18.0",5,"info",11.12,11.504,204.12,48.49,64,0,0
1674523923139,"2023-01-24T01:32:03.139Z","5.18.0",5,"tarball",8.887,9.678,110.24,93.31,179,0,0
1674523923139,"2023-01-24T01:32:03.139Z","6-next",6,"info",14.986,15.966,129.19,76.87,103,0,0
1674523923139,"2023-01-24T01:32:03.139Z","6-next",6,"tarball",6.904,7.408,119.64,86.4,174,0,0
1674610339502,"2023-01-25T01:32:19.502Z","3.13.1",3,"info",10.553,11.007,145.92,68,99,0,0
1674610339502,"2023-01-25T01:32:19.502Z","3.13.1",3,"tarball",8.258,8.793,117.21,88.34,177,0,0
1674610339502,"2023-01-25T01:32:19.502Z","4.12.2",4,"info",14.936,15.892,172.97,57.29,79,0,0
1674610339502,"2023-01-25T01:32:19.502Z","4.12.2",4,"tarball",10.787,11.832,109.87,94.22,183,0,0
1674610339502,"2023-01-25T01:32:19.502Z","5.18.0",5,"info",10.079,10.423,198.02,49.99,74,0,0
1674610339502,"2023-01-25T01:32:19.502Z","5.18.0",5,"tarball",6.629,7.276,113.52,90.86,179,0,0
1674610339502,"2023-01-25T01:32:19.502Z","6-next",6,"info",19.361,20.392,85.22,116.74,159,0,0
1674610339502,"2023-01-25T01:32:19.502Z","6-next",6,"tarball",7.352,7.796,110.33,93.65,179,0,0
1674696705301,"2023-01-26T01:31:45.301Z","3.13.1",3,"info",10.62,10.907,187.77,52.76,78,0,0
1674696705301,"2023-01-26T01:31:45.301Z","3.13.1",3,"tarball",7.207,7.77,119.53,86,171,0,0
1674696705301,"2023-01-26T01:31:45.301Z","4.12.2",4,"info",15.107,15.88,191.67,51.66,76,0,0
1674696705301,"2023-01-26T01:31:45.301Z","4.12.2",4,"tarball",6.958,7.425,117.95,87.42,174,0,0
1674696705301,"2023-01-26T01:31:45.301Z","5.18.0",5,"info",12.331,12.831,172.12,57.59,90,0,0
1674696705301,"2023-01-26T01:31:45.301Z","5.18.0",5,"tarball",10.541,10.942,111.87,92.67,176,0,0
1674696705301,"2023-01-26T01:31:45.301Z","6-next",6,"info",13.581,14.243,129.87,76.5,105,0,0
1674696705301,"2023-01-26T01:31:45.301Z","6-next",6,"tarball",10.598,11.533,121.34,84.77,167,0,0
1674783149620,"2023-01-27T01:32:29.620Z","3.13.1",3,"info",10.678,11.058,183.17,54.08,81,0,0
1674783149620,"2023-01-27T01:32:29.620Z","3.13.1",3,"tarball",11.554,12.269,108.45,94.88,186,0,0
1674783149620,"2023-01-27T01:32:29.620Z","4.12.2",4,"info",10.61,11.121,150.17,66.15,99,0,0
1674783149620,"2023-01-27T01:32:29.620Z","4.12.2",4,"tarball",6.856,7.621,108.38,94.97,186,0,0
1674783149620,"2023-01-27T01:32:29.620Z","5.18.0",5,"info",10.334,10.836,138.82,71.52,110,0,0
1674783149620,"2023-01-27T01:32:29.620Z","5.18.0",5,"tarball",8.318,8.746,121.87,84.26,164,0,0
1674783149620,"2023-01-27T01:32:29.620Z","6-next",6,"info",22.848,23.636,128.85,77.06,103,0,0
1674783149620,"2023-01-27T01:32:29.620Z","6-next",6,"tarball",7.729,8.163,109.69,94.22,183,0,0
1674869551309,"2023-01-28T01:32:31.309Z","3.13.1",3,"info",11.725,12.085,186.89,52.99,75,0,0
1674869551309,"2023-01-28T01:32:31.309Z","3.13.1",3,"tarball",7.93,8.326,108.26,95.4,186,0,0
1674869551309,"2023-01-28T01:32:31.309Z","4.12.2",4,"info",10.675,11.016,133.12,74.58,115,0,0
1674869551309,"2023-01-28T01:32:31.309Z","4.12.2",4,"tarball",7.614,8.092,99.94,104.36,209,0,0
1674869551309,"2023-01-28T01:32:31.309Z","5.18.0",5,"info",11.272,11.555,211.07,46.86,70,0,0
1674869551309,"2023-01-28T01:32:31.309Z","5.18.0",5,"tarball",6.995,7.354,118.06,87.33,171,0,0
1674869551309,"2023-01-28T01:32:31.309Z","6-next",6,"info",22.416,23.297,102.99,96.53,134,0,0
1674869551309,"2023-01-28T01:32:31.309Z","6-next",6,"tarball",6.695,7.169,116.61,88.79,178,0,0
1674955930970,"2023-01-29T01:32:10.970Z","3.13.1",3,"info",13.37,13.748,174.15,56.9,85,0,0
1674955930970,"2023-01-29T01:32:10.970Z","3.13.1",3,"tarball",6.309,6.755,122.21,83.6,167,0,0
1674955930970,"2023-01-29T01:32:10.970Z","4.12.2",4,"info",11.429,11.958,155.29,63.87,93,0,0
1674955930970,"2023-01-29T01:32:10.970Z","4.12.2",4,"tarball",6.408,7.188,101.8,102.1,203,0,0
1674955930970,"2023-01-29T01:32:10.970Z","5.18.0",5,"info",10.193,10.607,192.04,51.55,78,0,0
1674955930970,"2023-01-29T01:32:10.970Z","5.18.0",5,"tarball",6.42,6.894,111.64,92.83,177,0,0
1674955930970,"2023-01-29T01:32:10.970Z","6-next",6,"info",21.645,22.765,123.47,80.44,104,0,0
1674955930970,"2023-01-29T01:32:10.970Z","6-next",6,"tarball",9.274,9.976,109.49,93.99,181,0,0
1675042323606,"2023-01-30T01:32:03.606Z","3.13.1",3,"info",11.302,11.559,186.15,53.2,77,0,0
1675042323606,"2023-01-30T01:32:03.606Z","3.13.1",3,"tarball",9.057,9.955,109.9,93.62,182,0,0
1675042323606,"2023-01-30T01:32:03.606Z","4.12.2",4,"info",10.715,11.244,184.87,53.58,75,0,0
1675042323606,"2023-01-30T01:32:03.606Z","4.12.2",4,"tarball",8.912,9.32,120.19,86,169,0,0
1675042323606,"2023-01-30T01:32:03.606Z","5.18.0",5,"info",15.639,16.268,163.04,60.83,91,0,0
1675042323606,"2023-01-30T01:32:03.606Z","5.18.0",5,"tarball",10.069,10.664,101.73,102.1,199,0,0
1675042323606,"2023-01-30T01:32:03.606Z","6-next",6,"info",14.216,15.03,94.29,105.49,142,0,0
1675042323606,"2023-01-30T01:32:03.606Z","6-next",6,"tarball",7.583,8.082,106.26,97.33,195,0,0
1675128778368,"2023-01-31T01:32:58.368Z","3.13.1",3,"info",13.158,13.707,177.07,55.95,85,0,0
1675128778368,"2023-01-31T01:32:58.368Z","3.13.1",3,"tarball",6.601,7.083,109.68,94.11,182,0,0
1675128778368,"2023-01-31T01:32:58.368Z","4.12.2",4,"info",10.592,11.02,189.14,52.36,73,0,0
1675128778368,"2023-01-31T01:32:58.368Z","4.12.2",4,"tarball",6.369,6.844,118.47,87.1,172,0,0
1675128778368,"2023-01-31T01:32:58.368Z","5.18.0",5,"info",13.869,14.37,174.9,56.66,81,0,0
1675128778368,"2023-01-31T01:32:58.368Z","5.18.0",5,"tarball",6.519,6.95,110.47,93.66,179,0,0
1675128778368,"2023-01-31T01:32:58.368Z","6-next",6,"info",15.77,16.473,119.95,82.82,111,0,0
1675128778368,"2023-01-31T01:32:58.368Z","6-next",6,"tarball",7.89,8.484,100.37,103.76,210,0,0
1675215214068,"2023-02-01T01:33:34.068Z","3.13.1",3,"info",10.583,10.996,131.22,75.66,103,0,0
1675215214068,"2023-02-01T01:33:34.068Z","3.13.1",3,"tarball",6.945,7.418,119.44,86.59,171,0,0
1675215214068,"2023-02-01T01:33:34.068Z","4.12.2",4,"info",14.79,15.65,152.44,65.09,95,0,0
1675215214068,"2023-02-01T01:33:34.068Z","4.12.2",4,"tarball",7.571,8.102,110.82,93.45,179,0,0
1675215214068,"2023-02-01T01:33:34.068Z","5.18.0",5,"info",10.532,10.884,212.5,46.58,63,0,0
1675215214068,"2023-02-01T01:33:34.068Z","5.18.0",5,"tarball",6.602,7.031,111.97,92.92,178,0,0
1675215214068,"2023-02-01T01:33:34.068Z","6-next",6,"info",15.258,15.914,126.52,78.5,108,0,0
1675215214068,"2023-02-01T01:33:34.068Z","6-next",6,"tarball",10.199,11.104,109.23,94.83,190,0,0
1675301572487,"2023-02-02T01:32:52.487Z","3.13.1",3,"info",10.543,10.837,183.8,53.9,75,0,0
1675301572487,"2023-02-02T01:32:52.487Z","3.13.1",3,"tarball",6.899,7.452,119.13,86.43,173,0,0
1675301572487,"2023-02-02T01:32:52.487Z","4.12.2",4,"info",12.137,12.833,179.77,55.1,77,0,0
1675301572487,"2023-02-02T01:32:52.487Z","4.12.2",4,"tarball",6.379,6.993,109.73,94.04,181,0,0
1675301572487,"2023-02-02T01:32:52.487Z","5.18.0",5,"info",14.689,15.185,199.15,49.71,69,0,0
1675301572487,"2023-02-02T01:32:52.487Z","5.18.0",5,"tarball",6.836,7.32,112.07,91.93,171,0,0
1675301572487,"2023-02-02T01:32:52.487Z","6-next",6,"info",13.929,14.634,115.25,86.22,121,0,0
1675301572487,"2023-02-02T01:32:52.487Z","6-next",6,"tarball",7.52,7.963,113.38,92.17,171,0,0
1675387933230,"2023-02-03T01:32:13.230Z","3.13.1",3,"info",14.642,15.035,168.5,58.82,91,0,0
1675387933230,"2023-02-03T01:32:13.230Z","3.13.1",3,"tarball",6.411,6.957,122.13,84.26,167,0,0
1675387933230,"2023-02-03T01:32:13.230Z","4.12.2",4,"info",16.989,17.751,143.74,69.06,107,0,0
1675387933230,"2023-02-03T01:32:13.230Z","4.12.2",4,"tarball",6.568,7.21,123.85,83.63,170,0,0
1675387933230,"2023-02-03T01:32:13.230Z","5.18.0",5,"info",11.045,11.383,169,58.65,88,0,0
1675387933230,"2023-02-03T01:32:13.230Z","5.18.0",5,"tarball",11.173,11.951,117.23,88.12,173,0,0
1675387933230,"2023-02-03T01:32:13.230Z","6-next",6,"info",15.139,15.899,132.56,74.9,98,0,0
1675387933230,"2023-02-03T01:32:13.230Z","6-next",6,"tarball",6.752,7.315,110.8,93.16,179,0,0
1675474283116,"2023-02-04T01:31:23.116Z","3.13.1",3,"info",16.598,17.104,183.7,53.92,78,0,0
1675474283116,"2023-02-04T01:31:23.116Z","3.13.1",3,"tarball",6.552,7.194,109.71,94.08,183,0,0
1675474283116,"2023-02-04T01:31:23.116Z","4.12.2",4,"info",11.891,12.435,193.27,51.23,72,0,0
1675474283116,"2023-02-04T01:31:23.116Z","4.12.2",4,"tarball",6.512,7.197,111.19,92.89,177,0,0
1675474283116,"2023-02-04T01:31:23.116Z","5.18.0",5,"info",12.448,12.945,212.5,46.59,64,0,0
1675474283116,"2023-02-04T01:31:23.116Z","5.18.0",5,"tarball",7.205,7.739,126.17,81.39,157,0,0
1675474283116,"2023-02-04T01:31:23.116Z","6-next",6,"info",13.253,13.932,128.72,77.16,104,0,0
1675474283116,"2023-02-04T01:31:23.116Z","6-next",6,"tarball",7.065,7.613,126.09,81.51,161,0,0
1675560748981,"2023-02-05T01:32:28.981Z","3.13.1",3,"info",12.023,12.292,137.07,72.41,106,0,0
1675560748981,"2023-02-05T01:32:28.981Z","3.13.1",3,"tarball",7.211,7.669,109.47,94.62,184,0,0
1675560748981,"2023-02-05T01:32:28.981Z","4.12.2",4,"info",13.237,13.931,169.4,58.51,84,0,0
1675560748981,"2023-02-05T01:32:28.981Z","4.12.2",4,"tarball",8.471,9.139,121.85,84.54,168,0,0
1675560748981,"2023-02-05T01:32:28.981Z","5.18.0",5,"info",16.41,17.27,192.44,51.44,76,0,0
1675560748981,"2023-02-05T01:32:28.981Z","5.18.0",5,"tarball",6.621,7.13,111.83,92.49,176,0,0
1675560748981,"2023-02-05T01:32:28.981Z","6-next",6,"info",15.857,16.507,119.74,82.97,110,0,0
1675560748981,"2023-02-05T01:32:28.981Z","6-next",6,"tarball",7.287,7.736,105.57,97.9,192,0,0
1675647120281,"2023-02-06T01:32:00.281Z","3.13.1",3,"info",10.765,11.247,140.62,70.6,99,0,0
1675647120281,"2023-02-06T01:32:00.281Z","3.13.1",3,"tarball",10.324,11.11,122.83,83.78,167,0,0
1675647120281,"2023-02-06T01:32:00.281Z","4.12.2",4,"info",11.293,13.473,173.79,57.01,84,0,0
1675647120281,"2023-02-06T01:32:00.281Z","4.12.2",4,"tarball",6.41,7.072,110.83,93.51,181,0,0
1675647120281,"2023-02-06T01:32:00.281Z","5.18.0",5,"info",10.911,11.348,196.7,50.31,76,0,0
1675647120281,"2023-02-06T01:32:00.281Z","5.18.0",5,"tarball",6.979,8.181,112.66,91.68,173,0,0
1675647120281,"2023-02-06T01:32:00.281Z","6-next",6,"info",13.48,14.331,116.35,85.38,111,0,0
1675647120281,"2023-02-06T01:32:00.281Z","6-next",6,"tarball",7.084,7.851,125.68,82.29,161,0,0
1675733543017,"2023-02-07T01:32:23.017Z","3.13.1",3,"info",15.104,15.604,186.02,53.25,76,0,0
1675733543017,"2023-02-07T01:32:23.017Z","3.13.1",3,"tarball",6.561,7.13,109.87,94.53,188,0,0
1675733543017,"2023-02-07T01:32:23.017Z","4.12.2",4,"info",13.63,14.171,175.69,56.39,80,0,0
1675733543017,"2023-02-07T01:32:23.017Z","4.12.2",4,"tarball",7.055,7.591,110.82,93.4,181,0,0
1675733543017,"2023-02-07T01:32:23.017Z","5.18.0",5,"info",11.693,12.079,188.32,52.59,80,0,0
1675733543017,"2023-02-07T01:32:23.017Z","5.18.0",5,"tarball",6.566,7.174,125.95,81.53,156,0,0
1675733543017,"2023-02-07T01:32:23.017Z","6-next",6,"info",13.679,14.331,74.62,133.39,185,0,0
1675733543017,"2023-02-07T01:32:23.017Z","6-next",6,"tarball",7.813,8.238,106.73,96.85,194,0,0
1675819956119,"2023-02-08T01:32:36.119Z","3.13.1",3,"info",13.392,13.905,170.94,57.98,87,0,0
1675819956119,"2023-02-08T01:32:36.119Z","3.13.1",3,"tarball",6.371,6.887,123.35,83.39,167,0,0
1675819956119,"2023-02-08T01:32:36.119Z","4.12.2",4,"info",14.261,14.963,151.92,65.31,94,0,0
1675819956119,"2023-02-08T01:32:36.119Z","4.12.2",4,"tarball",6.306,6.845,110.25,93.56,181,0,0
1675819956119,"2023-02-08T01:32:36.119Z","5.18.0",5,"info",10.335,10.72,205.2,48.25,72,0,0
1675819956119,"2023-02-08T01:32:36.119Z","5.18.0",5,"tarball",6.606,7.1,123.16,83.94,167,0,0
1675819956119,"2023-02-08T01:32:36.119Z","6-next",6,"info",16.066,17.177,131.25,75.63,95,0,0
1675819956119,"2023-02-08T01:32:36.119Z","6-next",6,"tarball",10.03,10.699,112.09,92.16,173,0,0
1675906339541,"2023-02-09T01:32:19.541Z","3.13.1",3,"info",14.458,14.689,188.12,52.64,72,0,0
1675906339541,"2023-02-09T01:32:19.541Z","3.13.1",3,"tarball",9.389,9.758,104.52,99.74,199,0,0
1675906339541,"2023-02-09T01:32:19.541Z","4.12.2",4,"info",11.08,11.617,175.2,56.54,86,0,0
1675906339541,"2023-02-09T01:32:19.541Z","4.12.2",4,"tarball",6.533,7.138,107.35,96.34,194,0,0
1675906339541,"2023-02-09T01:32:19.541Z","5.18.0",5,"info",10.61,11.03,192.74,51.37,78,0,0
1675906339541,"2023-02-09T01:32:19.541Z","5.18.0",5,"tarball",9.315,9.88,124.83,82.63,162,0,0
1675906339541,"2023-02-09T01:32:19.541Z","6-next",6,"info",20.739,21.514,121.05,82.06,104,0,0
1675906339541,"2023-02-09T01:32:19.541Z","6-next",6,"tarball",6.961,7.519,100.23,103.76,205,0,0
1675992759996,"2023-02-10T01:32:39.996Z","3.13.1",3,"info",12.976,13.481,135.79,73.1,110,0,0
1675992759996,"2023-02-10T01:32:39.996Z","3.13.1",3,"tarball",10.888,11.686,118.85,86.34,173,0,0
1675992759996,"2023-02-10T01:32:39.996Z","4.12.2",4,"info",11.367,11.84,172.19,57.56,86,0,0
1675992759996,"2023-02-10T01:32:39.996Z","4.12.2",4,"tarball",6.296,6.753,121.87,84.51,171,0,0
1675992759996,"2023-02-10T01:32:39.996Z","5.18.0",5,"info",10.162,10.562,192.09,51.55,77,0,0
1675992759996,"2023-02-10T01:32:39.996Z","5.18.0",5,"tarball",8.039,8.459,120.45,86.1,168,0,0
1675992759996,"2023-02-10T01:32:39.996Z","6-next",6,"info",22.293,23.143,127.89,77.65,104,0,0
1675992759996,"2023-02-10T01:32:39.996Z","6-next",6,"tarball",7.301,7.859,112.16,91.96,172,0,0
1676079100485,"2023-02-11T01:31:40.485Z","3.13.1",3,"info",12.833,13.071,164.69,60.19,93,0,0
1676079100485,"2023-02-11T01:31:40.485Z","3.13.1",3,"tarball",8.598,9.51,109.94,94.06,184,0,0
1676079100485,"2023-02-11T01:31:40.485Z","4.12.2",4,"info",11.439,11.944,190.49,52,77,0,0
1676079100485,"2023-02-11T01:31:40.485Z","4.12.2",4,"tarball",9.156,9.824,104.97,99.08,198,0,0
1676079100485,"2023-02-11T01:31:40.485Z","5.18.0",5,"info",15.048,15.865,137.72,72.08,108,0,0
1676079100485,"2023-02-11T01:31:40.485Z","5.18.0",5,"tarball",9.162,9.771,112.5,92.12,177,0,0
1676079100485,"2023-02-11T01:31:40.485Z","6-next",6,"info",15.665,16.496,117.72,84.42,116,0,0
1676079100485,"2023-02-11T01:31:40.485Z","6-next",6,"tarball",6.699,7.321,111.69,92.57,178,0,0
1676165574822,"2023-02-12T01:32:54.822Z","3.13.1",3,"info",10.748,11.13,164.52,60.24,87,0,0
1676165574822,"2023-02-12T01:32:54.822Z","3.13.1",3,"tarball",6.279,6.783,107.97,95.53,193,0,0
1676165574822,"2023-02-12T01:32:54.822Z","4.12.2",4,"info",11.948,12.504,192.02,51.57,73,0,0
1676165574822,"2023-02-12T01:32:54.822Z","4.12.2",4,"tarball",8.829,9.36,111.64,92.73,182,0,0
1676165574822,"2023-02-12T01:32:54.822Z","5.18.0",5,"info",13.209,13.657,213.14,46.41,62,0,0
1676165574822,"2023-02-12T01:32:54.822Z","5.18.0",5,"tarball",7.663,8.093,127.35,81.11,158,0,0
1676165574822,"2023-02-12T01:32:54.822Z","6-next",6,"info",13.455,14.233,128.77,77.12,103,0,0
1676165574822,"2023-02-12T01:32:54.822Z","6-next",6,"tarball",7.277,7.77,112.09,92.14,175,0,0
1676251942287,"2023-02-13T01:32:22.287Z","3.13.1",3,"info",10.646,11.019,184.84,53.59,73,0,0
1676251942287,"2023-02-13T01:32:22.287Z","3.13.1",3,"tarball",6.584,7.063,110.04,93.59,182,0,0
1676251942287,"2023-02-13T01:32:22.287Z","4.12.2",4,"info",11.467,11.837,190.24,52.06,77,0,0
1676251942287,"2023-02-13T01:32:22.287Z","4.12.2",4,"tarball",7.916,8.624,122.71,84.17,168,0,0
1676251942287,"2023-02-13T01:32:22.287Z","5.18.0",5,"info",10.109,10.454,169.12,58.6,84,0,0
1676251942287,"2023-02-13T01:32:22.287Z","5.18.0",5,"tarball",6.707,7.226,125.73,81.9,159,0,0
1676251942287,"2023-02-13T01:32:22.287Z","6-next",6,"info",14.038,14.877,84.34,117.97,156,0,0
1676251942287,"2023-02-13T01:32:22.287Z","6-next",6,"tarball",7.039,7.379,125.6,81.21,155,0,0
1676272364582,"2023-02-13T07:12:44.582Z","3.13.1",3,"info",11.223,11.659,170.42,58.16,83,0,0
1676272364582,"2023-02-13T07:12:44.582Z","3.13.1",3,"tarball",7.558,8.201,110.87,93.58,182,0,0
1676272364582,"2023-02-13T07:12:44.582Z","4.12.2",4,"info",11.924,12.325,188.8,52.44,76,0,0
1676272364582,"2023-02-13T07:12:44.582Z","4.12.2",4,"tarball",7.694,8.339,123.33,83.25,165,0,0
1676272364582,"2023-02-13T07:12:44.582Z","5.20.1",5,"info",13.313,14.213,128.69,77.21,108,0,0
1676272364582,"2023-02-13T07:12:44.582Z","5.20.1",5,"tarball",8.905,9.675,125.94,81.48,161,0,0
1676272364582,"2023-02-13T07:12:44.582Z","6-next",6,"info",14.984,15.577,119.34,83.23,110,0,0
1676272364582,"2023-02-13T07:12:44.582Z","6-next",6,"tarball",9.5,10.209,111,93.06,180,0,0
1676338394144,"2023-02-14T01:33:14.144Z","3.13.1",3,"info",11.906,12.458,167.64,59.14,95,0,0
1676338394144,"2023-02-14T01:33:14.144Z","3.13.1",3,"tarball",6.453,6.933,108.36,94.95,192,0,0
1676338394144,"2023-02-14T01:33:14.144Z","4.12.2",4,"info",11.701,12.101,189.35,52.29,76,0,0
1676338394144,"2023-02-14T01:33:14.144Z","4.12.2",4,"tarball",8.288,9.341,110.21,93.92,182,0,0
1676338394144,"2023-02-14T01:33:14.144Z","5.20.1",5,"info",14.764,15.347,100.67,98.77,135,0,0
1676338394144,"2023-02-14T01:33:14.144Z","5.20.1",5,"tarball",7.449,8.081,111.16,92.92,179,0,0
1676338394144,"2023-02-14T01:33:14.144Z","6-next",6,"info",21.401,22.462,74.12,134.29,176,0,0
1676338394144,"2023-02-14T01:33:14.144Z","6-next",6,"tarball",9.825,10.68,98.93,105.92,211,0,0
1676424748174,"2023-02-15T01:32:28.174Z","3.13.1",3,"info",11.11,11.439,167.64,59.13,86,0,0
1676424748174,"2023-02-15T01:32:28.174Z","3.13.1",3,"tarball",8.045,8.534,99.83,104.32,209,0,0
1676424748174,"2023-02-15T01:32:28.174Z","4.12.2",4,"info",15.568,15.904,170.69,58.06,91,0,0
1676424748174,"2023-02-15T01:32:28.174Z","4.12.2",4,"tarball",6.804,7.344,124.5,83.16,165,0,0
1676424748174,"2023-02-15T01:32:28.174Z","5.20.1",5,"info",20.527,21.416,121.67,81.65,109,0,0
1676424748174,"2023-02-15T01:32:28.174Z","5.20.1",5,"tarball",9.78,10.423,111.85,92.4,177,0,0
1676424748174,"2023-02-15T01:32:28.174Z","6-next",6,"info",15.409,15.967,96.32,103.23,136,0,0
1676424748174,"2023-02-15T01:32:28.174Z","6-next",6,"tarball",11.458,12.17,123.92,83.13,165,0,0
1676511141101,"2023-02-16T01:32:21.101Z","3.13.1",3,"info",11.008,11.458,179.39,55.24,83,0,0
1676511141101,"2023-02-16T01:32:21.101Z","3.13.1",3,"tarball",6.681,7.224,109.85,94.35,183,0,0
1676511141101,"2023-02-16T01:32:21.101Z","4.12.2",4,"info",11.776,12.482,190.27,52.04,70,0,0
1676511141101,"2023-02-16T01:32:21.101Z","4.12.2",4,"tarball",6.303,6.866,118.57,87.03,212,0,0
1676511141101,"2023-02-16T01:32:21.101Z","5.20.1",5,"info",14.946,15.631,133.65,74.3,93,0,0
1676511141101,"2023-02-16T01:32:21.101Z","5.20.1",5,"tarball",6.346,6.78,125.04,82.15,162,0,0
1676511141101,"2023-02-16T01:32:21.101Z","6-next",6,"info",15.654,16.978,118.84,83.6,106,0,0
1676511141101,"2023-02-16T01:32:21.101Z","6-next",6,"tarball",7.519,8.021,125.63,81.82,159,0,0
1676597629918,"2023-02-17T01:33:49.918Z","3.13.1",3,"info",11.24,11.649,173.49,57.11,84,0,0
1676597629918,"2023-02-17T01:33:49.918Z","3.13.1",3,"tarball",7.602,8.024,120.13,85.79,171,0,0
1676597629918,"2023-02-17T01:33:49.918Z","4.12.2",4,"info",12.432,12.875,157.19,63.1,93,0,0
1676597629918,"2023-02-17T01:33:49.918Z","4.12.2",4,"tarball",6.9,7.555,110.35,94.09,183,0,0
1676597629918,"2023-02-17T01:33:49.918Z","5.20.1",5,"info",14.384,15.095,94.7,105,146,0,0
1676597629918,"2023-02-17T01:33:49.918Z","5.20.1",5,"tarball",7.358,7.894,109.92,93.69,183,0,0
1676597629918,"2023-02-17T01:33:49.918Z","6-next",6,"info",15.4,16.004,86.64,114.88,163,0,0
1676597629918,"2023-02-17T01:33:49.918Z","6-next",6,"tarball",7.882,8.454,111.04,93.35,177,0,0
1676683971812,"2023-02-18T01:32:51.812Z","3.13.1",3,"info",12.819,13.274,182.5,54.28,74,0,0
1676683971812,"2023-02-18T01:32:51.812Z","3.13.1",3,"tarball",8.963,9.528,98.99,105.28,210,0,0
1676683971812,"2023-02-18T01:32:51.812Z","4.12.2",4,"info",10.93,11.439,155.1,63.95,96,0,0
1676683971812,"2023-02-18T01:32:51.812Z","4.12.2",4,"tarball",6.854,7.45,121.69,84.64,167,0,0
1676683971812,"2023-02-18T01:32:51.812Z","5.20.1",5,"info",12.977,13.739,97.82,101.66,149,0,0
1676683971812,"2023-02-18T01:32:51.812Z","5.20.1",5,"tarball",6.493,6.964,121.09,85.25,171,0,0
1676683971812,"2023-02-18T01:32:51.812Z","6-next",6,"info",14.131,14.848,81.66,121.85,155,0,0
1676683971812,"2023-02-18T01:32:51.812Z","6-next",6,"tarball",7.477,7.933,111.8,92.64,175,0,0
1676770370376,"2023-02-19T01:32:50.376Z","3.13.1",3,"info",11.45,11.885,137.89,71.97,110,0,0
1676770370376,"2023-02-19T01:32:50.376Z","3.13.1",3,"tarball",7.249,7.923,112,93.16,180,0,0
1676770370376,"2023-02-19T01:32:50.376Z","4.12.2",4,"info",11.616,12.022,185.42,53.42,73,0,0
1676770370376,"2023-02-19T01:32:50.376Z","4.12.2",4,"tarball",8.449,9.343,108.99,94.44,184,0,0
1676770370376,"2023-02-19T01:32:50.376Z","5.20.1",5,"info",19.057,19.874,118.77,83.66,119,0,0
1676770370376,"2023-02-19T01:32:50.376Z","5.20.1",5,"tarball",7.99,8.435,110.24,93.12,177,0,0
1676770370376,"2023-02-19T01:32:50.376Z","6-next",6,"info",14.35,15.225,128.44,77.32,99,0,0
1676770370376,"2023-02-19T01:32:50.376Z","6-next",6,"tarball",7.455,8.04,111.66,92.79,177,0,0
1676856748399,"2023-02-20T01:32:28.399Z","3.13.1",3,"info",10.994,11.292,180.35,54.93,77,0,0
1676856748399,"2023-02-20T01:32:28.399Z","3.13.1",3,"tarball",7.209,7.791,120.9,84.87,168,0,0
1676856748399,"2023-02-20T01:32:28.399Z","4.12.2",4,"info",11.572,12.073,178.54,55.49,79,0,0
1676856748399,"2023-02-20T01:32:28.399Z","4.12.2",4,"tarball",9.891,10.947,122.19,84.53,169,0,0
1676856748399,"2023-02-20T01:32:28.399Z","5.20.1",5,"info",17.326,18.318,109.37,90.91,111,0,0
1676856748399,"2023-02-20T01:32:28.399Z","5.20.1",5,"tarball",9.211,9.946,111.35,93.51,180,0,0
1676856748399,"2023-02-20T01:32:28.399Z","6-next",6,"info",15.309,16.398,114.25,86.98,114,0,0
1676856748399,"2023-02-20T01:32:28.399Z","6-next",6,"tarball",7.39,7.891,110.44,93.78,181,0,0
1676943161498,"2023-02-21T01:32:41.498Z","3.13.1",3,"info",15.89,16.56,174.55,56.78,80,0,0
1676943161498,"2023-02-21T01:32:41.498Z","3.13.1",3,"tarball",8.858,9.415,104.5,98.81,200,0,0
1676943161498,"2023-02-21T01:32:41.498Z","4.12.2",4,"info",11.55,12.121,177.3,55.88,80,0,0
1676943161498,"2023-02-21T01:32:41.498Z","4.12.2",4,"tarball",6.273,6.919,110.07,94.32,184,0,0
1676943161498,"2023-02-21T01:32:41.498Z","5.20.1",5,"info",12.978,13.693,103.9,95.73,119,0,0
1676943161498,"2023-02-21T01:32:41.498Z","5.20.1",5,"tarball",8.001,8.645,110.57,93.23,179,0,0
1676943161498,"2023-02-21T01:32:41.498Z","6-next",6,"info",14.123,14.765,118.24,84.02,114,0,0
1676943161498,"2023-02-21T01:32:41.498Z","6-next",6,"tarball",7.24,7.54,122.31,83.61,163,0,0
1677029544443,"2023-02-22T01:32:24.443Z","3.13.1",3,"info",10.917,11.293,166.6,59.52,93,0,0
1677029544443,"2023-02-22T01:32:24.443Z","3.13.1",3,"tarball",9.172,9.751,126.5,81.29,159,0,0
1677029544443,"2023-02-22T01:32:24.443Z","4.12.2",4,"info",15.179,15.664,168.37,58.86,80,0,0
1677029544443,"2023-02-22T01:32:24.443Z","4.12.2",4,"tarball",7.21,7.839,101.25,102.97,214,0,0
1677029544443,"2023-02-22T01:32:24.443Z","5.20.1",5,"info",12.75,13.545,136.4,72.83,102,0,0
1677029544443,"2023-02-22T01:32:24.443Z","5.20.1",5,"tarball",7.107,7.645,111.48,92.12,183,0,0
1677029544443,"2023-02-22T01:32:24.443Z","6-next",6,"info",13.687,14.259,120.3,82.58,106,0,0
1677029544443,"2023-02-22T01:32:24.443Z","6-next",6,"tarball",11.745,12.683,110.18,94.16,181,0,0
1677115941980,"2023-02-23T01:32:21.980Z","3.13.1",3,"info",11,11.471,134.67,73.71,102,0,0
1677115941980,"2023-02-23T01:32:21.980Z","3.13.1",3,"tarball",10.404,10.961,113.46,90.57,183,0,0
1677115941980,"2023-02-23T01:32:21.980Z","4.12.2",4,"info",11.596,12.176,190.62,51.95,74,0,0
1677115941980,"2023-02-23T01:32:21.980Z","4.12.2",4,"tarball",6.608,7.179,122.99,83.63,166,0,0
1677115941980,"2023-02-23T01:32:21.980Z","5.20.1",5,"info",12.819,13.579,121.27,81.91,94,0,0
1677115941980,"2023-02-23T01:32:21.980Z","5.20.1",5,"tarball",9.488,10.216,108.75,94.9,187,0,0
1677115941980,"2023-02-23T01:32:21.980Z","6-next",6,"info",13.577,14.257,133.87,74.16,99,0,0
1677115941980,"2023-02-23T01:32:21.980Z","6-next",6,"tarball",8.741,9.584,110.35,94.08,180,0,0
1677202353063,"2023-02-24T01:32:33.063Z","3.13.1",3,"info",10.632,11.053,162.69,60.98,86,0,0
1677202353063,"2023-02-24T01:32:33.063Z","3.13.1",3,"tarball",7.257,7.777,108.21,95.78,187,0,0
1677202353063,"2023-02-24T01:32:33.063Z","4.12.2",4,"info",16.805,17.709,158.12,62.72,91,0,0
1677202353063,"2023-02-24T01:32:33.063Z","4.12.2",4,"tarball",7.662,8.407,128.6,79.79,160,0,0
1677202353063,"2023-02-24T01:32:33.063Z","5.20.1",5,"info",14.893,15.521,87.87,113.24,161,0,0
1677202353063,"2023-02-24T01:32:33.063Z","5.20.1",5,"tarball",7.057,7.55,125.16,81.49,160,0,0
1677202353063,"2023-02-24T01:32:33.063Z","6-next",6,"info",14.233,14.827,105.7,94.03,128,0,0
1677202353063,"2023-02-24T01:32:33.063Z","6-next",6,"tarball",9.364,9.867,129.32,79.64,155,0,0
1677288814837,"2023-02-25T01:33:34.837Z","3.13.1",3,"info",12.715,13.121,145.17,68.35,106,0,0
1677288814837,"2023-02-25T01:33:34.837Z","3.13.1",3,"tarball",7.912,8.28,104.32,99.52,198,0,0
1677288814837,"2023-02-25T01:33:34.837Z","4.12.2",4,"info",10.758,11.317,146.59,67.72,103,0,0
1677288814837,"2023-02-25T01:33:34.837Z","4.12.2",4,"tarball",6.789,7.422,108.85,94.65,185,0,0
1677288814837,"2023-02-25T01:33:34.837Z","5.20.1",5,"info",13.745,14.26,137.62,72.16,100,0,0
1677288814837,"2023-02-25T01:33:34.837Z","5.20.1",5,"tarball",6.411,6.933,125.5,81.82,162,0,0
1677288814837,"2023-02-25T01:33:34.837Z","6-next",6,"info",19.014,19.649,85.55,116.31,169,0,0
1677288814837,"2023-02-25T01:33:34.837Z","6-next",6,"tarball",7.278,7.715,109.73,94.3,179,0,0
1677375191371,"2023-02-26T01:33:11.371Z","3.13.1",3,"info",12.224,12.537,145.74,68.08,97,0,0
1677375191371,"2023-02-26T01:33:11.371Z","3.13.1",3,"tarball",7.136,7.692,106.32,97.21,193,0,0
1677375191371,"2023-02-26T01:33:11.371Z","4.12.2",4,"info",14.545,15.047,130.94,75.85,110,0,0
1677375191371,"2023-02-26T01:33:11.371Z","4.12.2",4,"tarball",8.019,8.558,107.92,95.48,184,0,0
1677375191371,"2023-02-26T01:33:11.371Z","5.20.1",5,"info",16.463,17.146,126.95,78.22,102,0,0
1677375191371,"2023-02-26T01:33:11.371Z","5.20.1",5,"tarball",7.163,7.591,132.41,77.3,141,0,0
1677375191371,"2023-02-26T01:33:11.371Z","6-next",6,"info",13.649,14.283,108.45,91.65,125,0,0
1677375191371,"2023-02-26T01:33:11.371Z","6-next",6,"tarball",7.934,8.569,113.85,91.03,183,0,0
1677461558894,"2023-02-27T01:32:38.894Z","3.13.1",3,"info",11.233,11.679,168.55,58.81,84,0,0
1677461558894,"2023-02-27T01:32:38.894Z","3.13.1",3,"tarball",10.688,11.257,126.73,81.32,164,0,0
1677461558894,"2023-02-27T01:32:38.894Z","4.12.2",4,"info",13.912,14.462,190.7,51.91,70,0,0
1677461558894,"2023-02-27T01:32:38.894Z","4.12.2",4,"tarball",8.418,8.89,107.38,96.08,187,0,0
1677461558894,"2023-02-27T01:32:38.894Z","5.20.1",5,"info",12.774,13.356,141.07,70.36,89,0,0
1677461558894,"2023-02-27T01:32:38.894Z","5.20.1",5,"tarball",7.813,8.13,109.73,94.12,181,0,0
1677461558894,"2023-02-27T01:32:38.894Z","6-next",6,"info",13.254,14.142,134.4,73.87,103,0,0
1677461558894,"2023-02-27T01:32:38.894Z","6-next",6,"tarball",7.469,8.109,121.28,84.76,170,0,0
1677547979704,"2023-02-28T01:32:59.704Z","3.13.1",3,"info",14.42,14.774,157.44,62.99,95,0,0
1677547979704,"2023-02-28T01:32:59.704Z","3.13.1",3,"tarball",7.19,7.701,99.87,104.6,208,0,0
1677547979704,"2023-02-28T01:32:59.704Z","4.12.2",4,"info",12.096,12.663,189.47,52.27,77,0,0
1677547979704,"2023-02-28T01:32:59.704Z","4.12.2",4,"tarball",6.812,7.501,110.16,94.23,180,0,0
1677547979704,"2023-02-28T01:32:59.704Z","5.20.1",5,"info",17.809,18.482,117.3,84.7,116,0,0
1677547979704,"2023-02-28T01:32:59.704Z","5.20.1",5,"tarball",6.817,7.293,115.44,89.38,177,0,0
1677547979704,"2023-02-28T01:32:59.704Z","6-next",6,"info",13.379,13.977,129.89,76.47,100,0,0
1677547979704,"2023-02-28T01:32:59.704Z","6-next",6,"tarball",6.664,7.142,129.28,79.78,157,0,0
1677634392154,"2023-03-01T01:33:12.154Z","3.13.1",3,"info",11.509,11.909,167.77,59.11,86,0,0
1677634392154,"2023-03-01T01:33:12.154Z","3.13.1",3,"tarball",7.131,7.695,121.48,84.47,169,0,0
1677634392154,"2023-03-01T01:33:12.154Z","4.12.2",4,"info",13.792,14.374,159.37,62.22,96,0,0
1677634392154,"2023-03-01T01:33:12.154Z","4.12.2",4,"tarball",6.485,7.128,110,94.04,180,0,0
1677634392154,"2023-03-01T01:33:12.154Z","5.20.1",5,"info",14.286,14.771,81.54,122.03,173,0,0
1677634392154,"2023-03-01T01:33:12.154Z","5.20.1",5,"tarball",7.472,7.888,125.36,81.87,161,0,0
1677634392154,"2023-03-01T01:33:12.154Z","6-next",6,"info",14.499,15.171,125.77,78.96,107,0,0
1677634392154,"2023-03-01T01:33:12.154Z","6-next",6,"tarball",6.942,7.41,116.16,88.9,217,0,0
1677720836704,"2023-03-02T01:33:56.704Z","3.13.1",3,"info",15.558,15.902,185.42,53.41,78,0,0
1677720836704,"2023-03-02T01:33:56.704Z","3.13.1",3,"tarball",9.558,10.07,106.25,97.04,191,0,0
1677720836704,"2023-03-02T01:33:56.704Z","4.12.2",4,"info",14.966,15.524,186.67,53.06,78,0,0
1677720836704,"2023-03-02T01:33:56.704Z","4.12.2",4,"tarball",6.407,6.987,108.33,96.06,187,0,0
1677720836704,"2023-03-02T01:33:56.704Z","5.20.1",5,"info",16.704,17.631,125.19,79.34,112,0,0
1677720836704,"2023-03-02T01:33:56.704Z","5.20.1",5,"tarball",6.621,7.12,110.13,94.37,180,0,0
1677720836704,"2023-03-02T01:33:56.704Z","6-next",6,"info",14.181,14.842,135.77,73.11,96,0,0
1677720836704,"2023-03-02T01:33:56.704Z","6-next",6,"tarball",10.125,10.904,109.8,93.75,186,0,0
1677809439039,"2023-03-03T02:10:39.039Z","3.13.1",3,"info",15.056,15.454,157.15,63.09,95,0,0
1677809439039,"2023-03-03T02:10:39.039Z","3.13.1",3,"tarball",7.444,7.991,107.87,95.36,186,0,0
1677809439039,"2023-03-03T02:10:39.039Z","4.12.2",4,"info",12.926,13.425,189.3,52.31,74,0,0
1677809439039,"2023-03-03T02:10:39.039Z","4.12.2",4,"tarball",6.408,6.918,106.99,96.55,188,0,0
1677809439039,"2023-03-03T02:10:39.039Z","5.20.1",5,"info",13.942,14.555,128.45,77.32,109,0,0
1677809439039,"2023-03-03T02:10:39.039Z","5.20.1",5,"tarball",7.093,7.693,109.9,93.74,186,0,0
1677809439039,"2023-03-03T02:10:39.039Z","6-next",6,"info",14.984,15.787,130.82,75.89,102,0,0
1677809439039,"2023-03-03T02:10:39.039Z","6-next",6,"tarball",10.052,10.88,126.12,81.4,162,0,0
1677893522061,"2023-03-04T01:32:02.061Z","3.13.1",3,"info",12.586,13.052,187.25,52.89,76,0,0
1677893522061,"2023-03-04T01:32:02.061Z","3.13.1",3,"tarball",8.237,8.999,112.5,92.1,186,0,0
1677893522061,"2023-03-04T01:32:02.061Z","4.12.2",4,"info",12.041,12.605,190.57,51.95,70,0,0
1677893522061,"2023-03-04T01:32:02.061Z","4.12.2",4,"tarball",6.338,6.814,104.02,99.37,202,0,0
1677893522061,"2023-03-04T01:32:02.061Z","5.20.1",5,"info",17.097,18.079,87.4,113.81,143,0,0
1677893522061,"2023-03-04T01:32:02.061Z","5.20.1",5,"tarball",7.408,8.177,127.09,80.68,160,0,0
1677893522061,"2023-03-04T01:32:02.061Z","6-next",6,"info",14.024,15.006,136.44,72.76,93,0,0
1677893522061,"2023-03-04T01:32:02.061Z","6-next",6,"tarball",6.546,7.023,109.3,94.54,184,0,0
1677979989431,"2023-03-05T01:33:09.431Z","3.13.1",3,"info",11.507,11.907,171.42,57.82,89,0,0
1677979989431,"2023-03-05T01:33:09.431Z","3.13.1",3,"tarball",9.912,10.393,109.28,94.78,189,0,0
1677979989431,"2023-03-05T01:33:09.431Z","4.12.2",4,"info",11.604,12.075,172.19,57.57,86,0,0
1677979989431,"2023-03-05T01:33:09.431Z","4.12.2",4,"tarball",6.697,7.165,109.66,94.57,190,0,0
1677979989431,"2023-03-05T01:33:09.431Z","5.20.1",5,"info",16.846,17.573,118.67,83.73,120,0,0
1677979989431,"2023-03-05T01:33:09.431Z","5.20.1",5,"tarball",6.559,7.142,106.38,97.38,192,0,0
1677979989431,"2023-03-05T01:33:09.431Z","6-next",6,"info",19.59,20.202,135.39,73.34,93,0,0
1677979989431,"2023-03-05T01:33:09.431Z","6-next",6,"tarball",6.748,7.326,109.06,94.67,183,0,0
1678066382482,"2023-03-06T01:33:02.482Z","3.13.1",3,"info",14.711,15.375,169,58.64,85,0,0
1678066382482,"2023-03-06T01:33:02.482Z","3.13.1",3,"tarball",6.655,7.188,108.94,95.12,185,0,0
1678066382482,"2023-03-06T01:33:02.482Z","4.12.2",4,"info",15.483,16.151,160.09,61.94,92,0,0
1678066382482,"2023-03-06T01:33:02.482Z","4.12.2",4,"tarball",6.794,7.439,126.45,81.1,159,0,0
1678066382482,"2023-03-06T01:33:02.482Z","5.20.1",5,"info",12.685,13.267,108.44,91.66,117,0,0
1678066382482,"2023-03-06T01:33:02.482Z","5.20.1",5,"tarball",6.978,7.563,109.11,94.57,182,0,0
1678066382482,"2023-03-06T01:33:02.482Z","6-next",6,"info",14.921,15.493,118.1,84.12,107,0,0
1678066382482,"2023-03-06T01:33:02.482Z","6-next",6,"tarball",10.552,11.54,110,94.3,181,0,0
1678152791366,"2023-03-07T01:33:11.366Z","3.13.1",3,"info",10.651,11.034,165.37,59.97,93,0,0
1678152791366,"2023-03-07T01:33:11.366Z","3.13.1",3,"tarball",7.536,7.982,107.37,96.23,187,0,0
1678152791366,"2023-03-07T01:33:11.366Z","4.12.2",4,"info",10.753,11.305,173.37,57.16,84,0,0
1678152791366,"2023-03-07T01:33:11.366Z","4.12.2",4,"tarball",8.396,9.206,132.18,77.73,145,0,0
1678152791366,"2023-03-07T01:33:11.366Z","5.20.1",5,"info",14.182,14.614,132.04,75.24,107,0,0
1678152791366,"2023-03-07T01:33:11.366Z","5.20.1",5,"tarball",7.56,8.158,111.71,92.94,174,0,0
1678152791366,"2023-03-07T01:33:11.366Z","6-next",6,"info",15.077,15.993,86.2,115.45,153,0,0
1678152791366,"2023-03-07T01:33:11.366Z","6-next",6,"tarball",7.566,8.128,109.4,94.37,181,0,0
1678169781644,"2023-03-07T06:16:21.644Z","3.13.1",3,"info",11.396,12.221,141.07,70.34,101,0,0
1678169781644,"2023-03-07T06:16:21.644Z","3.13.1",3,"tarball",6.908,7.468,120.68,85.46,164,0,0
1678169781644,"2023-03-07T06:16:21.644Z","4.12.2",4,"info",10.886,11.299,165.94,59.73,82,0,0
1678169781644,"2023-03-07T06:16:21.644Z","4.12.2",4,"tarball",6.648,7.127,125.26,82.28,164,0,0
1678169781644,"2023-03-07T06:16:21.644Z","5.20.1",5,"info",13.898,14.579,137,72.53,94,0,0
1678169781644,"2023-03-07T06:16:21.644Z","5.20.1",5,"tarball",6.472,6.969,131.84,77.88,150,0,0
1678169781644,"2023-03-07T06:16:21.644Z","6-next",6,"info",16.213,16.69,135.27,73.37,92,0,0
1678169781644,"2023-03-07T06:16:21.644Z","6-next",6,"tarball",7.943,8.544,110,93.68,176,0,0
1678239211424,"2023-03-08T01:33:31.424Z","3.13.1",3,"info",11.636,11.951,168.37,58.87,93,0,0
1678239211424,"2023-03-08T01:33:31.424Z","3.13.1",3,"tarball",6.527,7.058,108.19,95.78,187,0,0
1678239211424,"2023-03-08T01:33:31.424Z","4.12.2",4,"info",11.257,11.601,145.44,68.24,101,0,0
1678239211424,"2023-03-08T01:33:31.424Z","4.12.2",4,"tarball",9.825,10.655,115.97,88.66,180,0,0
1678239211424,"2023-03-08T01:33:31.424Z","5.20.1",5,"info",12.748,13.443,104.47,95.13,132,0,0
1678239211424,"2023-03-08T01:33:31.424Z","5.20.1",5,"tarball",6.505,7.066,103.49,100.88,202,0,0
1678239211424,"2023-03-08T01:33:31.424Z","6-next",6,"info",18.456,19.509,98.84,100.61,143,0,0
1678239211424,"2023-03-08T01:33:31.424Z","6-next",6,"tarball",9.824,10.634,127.64,80.72,160,0,0
1678325563130,"2023-03-09T01:32:43.130Z","3.13.1",3,"info",11.787,12.128,140.45,70.65,103,0,0
1678325563130,"2023-03-09T01:32:43.130Z","3.13.1",3,"tarball",9.006,9.595,124.67,82.2,165,0,0
1678325563130,"2023-03-09T01:32:43.130Z","4.12.2",4,"info",11.195,11.564,182.82,54.18,79,0,0
1678325563130,"2023-03-09T01:32:43.130Z","4.12.2",4,"tarball",6.885,7.583,106.44,97.23,194,0,0
1678325563130,"2023-03-09T01:32:43.130Z","5.20.1",5,"info",12.711,13.439,117.99,84.21,124,0,0
1678325563130,"2023-03-09T01:32:43.130Z","5.20.1",5,"tarball",7.58,8.018,111.56,93.4,182,0,0
1678325563130,"2023-03-09T01:32:43.130Z","6-next",6,"info",16.649,17.679,81.27,122.44,169,0,0
1678325563130,"2023-03-09T01:32:43.130Z","6-next",6,"tarball",7.766,8.302,109.73,94.23,180,0,0
1678411995360,"2023-03-10T01:33:15.360Z","3.13.1",3,"info",14.202,14.846,180.57,54.86,79,0,0
1678411995360,"2023-03-10T01:33:15.360Z","3.13.1",3,"tarball",6.892,7.417,108.71,95.74,186,0,0
1678411995360,"2023-03-10T01:33:15.360Z","4.12.2",4,"info",11.937,12.458,135.74,73.14,111,0,0
1678411995360,"2023-03-10T01:33:15.360Z","4.12.2",4,"tarball",7.094,7.688,129.45,79.35,157,0,0
1678411995360,"2023-03-10T01:33:15.360Z","5.20.1",5,"info",12.509,13.021,79.82,124.68,176,0,0
1678411995360,"2023-03-10T01:33:15.360Z","5.20.1",5,"tarball",8.103,8.673,109.69,94.09,179,0,0
1678411995360,"2023-03-10T01:33:15.360Z","6-next",6,"info",19.988,20.852,132.62,74.87,96,0,0
1678411995360,"2023-03-10T01:33:15.360Z","6-next",6,"tarball",7.851,8.137,129.19,79.31,155,0,0
1678498330746,"2023-03-11T01:32:10.746Z","3.13.1",3,"info",11.636,11.882,162.65,60.95,91,0,0
1678498330746,"2023-03-11T01:32:10.746Z","3.13.1",3,"tarball",6.773,7.265,108.37,95.28,191,0,0
1678498330746,"2023-03-11T01:32:10.746Z","4.12.2",4,"info",13.301,13.958,140.1,70.84,107,0,0
1678498330746,"2023-03-11T01:32:10.746Z","4.12.2",4,"tarball",7.143,7.851,105.61,97.71,195,0,0
1678498330746,"2023-03-11T01:32:10.746Z","5.20.1",5,"info",13.597,14.034,107.82,92.21,115,0,0
1678498330746,"2023-03-11T01:32:10.746Z","5.20.1",5,"tarball",7.125,7.536,129.71,79.47,155,0,0
1678498330746,"2023-03-11T01:32:10.746Z","6-next",6,"info",16.613,17.269,132.82,74.77,95,0,0
1678498330746,"2023-03-11T01:32:10.746Z","6-next",6,"tarball",7.403,7.874,106,97.5,196,0,0
1678584738084,"2023-03-12T01:32:18.084Z","3.13.1",3,"info",11.595,11.964,165.64,59.85,90,0,0
1678584738084,"2023-03-12T01:32:18.084Z","3.13.1",3,"tarball",6.392,6.962,124.09,82.72,164,0,0
1678584738084,"2023-03-12T01:32:18.084Z","4.12.2",4,"info",12.292,12.867,186.45,53.12,75,0,0
1678584738084,"2023-03-12T01:32:18.084Z","4.12.2",4,"tarball",7.57,8.278,125.8,81.9,166,0,0
1678584738084,"2023-03-12T01:32:18.084Z","5.20.1",5,"info",14.564,15.074,124.19,79.98,112,0,0
1678584738084,"2023-03-12T01:32:18.084Z","5.20.1",5,"tarball",8.464,9.202,112.04,92.13,184,0,0
1678584738084,"2023-03-12T01:32:18.084Z","6-next",6,"info",15.576,16.368,123.24,80.59,105,0,0
1678584738084,"2023-03-12T01:32:18.084Z","6-next",6,"tarball",6.67,7.148,128.5,79.88,158,0,0
1678671124121,"2023-03-13T01:32:04.121Z","3.13.1",3,"info",13.857,14.107,177.69,55.75,76,0,0
1678671124121,"2023-03-13T01:32:04.121Z","3.13.1",3,"tarball",7.469,7.943,99,105.32,209,0,0
1678671124121,"2023-03-13T01:32:04.121Z","4.12.2",4,"info",11.075,11.49,158.65,62.5,94,0,0
1678671124121,"2023-03-13T01:32:04.121Z","4.12.2",4,"tarball",7.108,7.734,107.66,96.57,194,0,0
1678671124121,"2023-03-13T01:32:04.121Z","5.20.1",5,"info",12.865,13.79,116.12,85.57,116,0,0
1678671124121,"2023-03-13T01:32:04.121Z","5.20.1",5,"tarball",7.408,7.842,119.13,86.58,177,0,0
1678671124121,"2023-03-13T01:32:04.121Z","6-next",6,"info",14.543,15.193,114.89,86.5,117,0,0
1678671124121,"2023-03-13T01:32:04.121Z","6-next",6,"tarball",9.564,10.192,104.78,98.78,196,0,0
1678757460600,"2023-03-14T01:31:00.600Z","3.13.1",3,"info",10.846,11.14,163.25,60.72,96,0,0
1678757460600,"2023-03-14T01:31:00.600Z","3.13.1",3,"tarball",6.614,7.065,108.44,95.03,187,0,0
1678757460600,"2023-03-14T01:31:00.600Z","4.12.2",4,"info",10.985,11.417,171.64,57.75,86,0,0
1678757460600,"2023-03-14T01:31:00.600Z","4.12.2",4,"tarball",8.539,9.189,109.33,95.1,185,0,0
1678757460600,"2023-03-14T01:31:00.600Z","5.20.1",5,"info",13.347,13.739,132.45,74.99,102,0,0
1678757460600,"2023-03-14T01:31:00.600Z","5.20.1",5,"tarball",8.218,8.701,106.51,96.56,191,0,0
1678757460600,"2023-03-14T01:31:00.600Z","6-next",6,"info",18.722,19.872,134.49,73.82,91,0,0
1678757460600,"2023-03-14T01:31:00.600Z","6-next",6,"tarball",7.154,7.899,109.71,94.72,182,0,0
1678844073070,"2023-03-15T01:34:33.070Z","3.13.1",3,"info",13.541,14.036,166.25,59.62,83,0,0
1678844073070,"2023-03-15T01:34:33.070Z","3.13.1",3,"tarball",6.742,7.31,108.07,95.73,187,0,0
1678844073070,"2023-03-15T01:34:33.070Z","4.12.2",4,"info",16.829,17.389,154.67,64.12,93,0,0
1678844073070,"2023-03-15T01:34:33.070Z","4.12.2",4,"tarball",10.777,11.554,110.57,93.84,189,0,0
1678844073070,"2023-03-15T01:34:33.070Z","5.20.1",5,"info",16.564,16.96,125.8,78.97,105,0,0
1678844073070,"2023-03-15T01:34:33.070Z","5.20.1",5,"tarball",8.911,9.271,108.66,94.96,182,0,0
1678844073070,"2023-03-15T01:34:33.070Z","6-next",6,"info",13.352,14.206,131.79,75.33,102,0,0
1678844073070,"2023-03-15T01:34:33.070Z","6-next",6,"tarball",6.822,7.384,110.37,94.09,180,0,0
1678930317267,"2023-03-16T01:31:57.267Z","3.13.1",3,"info",12.317,12.587,162.75,60.94,87,0,0
1678930317267,"2023-03-16T01:31:57.267Z","3.13.1",3,"tarball",8.041,8.518,128.85,79.87,159,0,0
1678930317267,"2023-03-16T01:31:57.267Z","4.12.2",4,"info",13.898,14.493,170.19,58.24,88,0,0
1678930317267,"2023-03-16T01:31:57.267Z","4.12.2",4,"tarball",6.796,7.455,110.92,92.96,186,0,0
1678930317267,"2023-03-16T01:31:57.267Z","5.20.1",5,"info",12.936,13.437,129.82,76.49,108,0,0
1678930317267,"2023-03-16T01:31:57.267Z","5.20.1",5,"tarball",9.394,10.206,130.21,79.07,157,0,0
1678930317267,"2023-03-16T01:31:57.267Z","6-next",6,"info",14.223,14.81,133.09,74.62,98,0,0
1678930317267,"2023-03-16T01:31:57.267Z","6-next",6,"tarball",6.781,7.544,127.78,80.67,159,0,0
1679016724644,"2023-03-17T01:32:04.644Z","3.13.1",3,"info",13.013,13.418,137.56,72.18,103,0,0
1679016724644,"2023-03-17T01:32:04.644Z","3.13.1",3,"tarball",6.541,6.973,115.45,89.44,182,0,0
1679016724644,"2023-03-17T01:32:04.644Z","4.12.2",4,"info",10.885,11.319,149.92,66.18,89,0,0
1679016724644,"2023-03-17T01:32:04.644Z","4.12.2",4,"tarball",8.045,8.757,118.4,87.09,173,0,0
1679016724644,"2023-03-17T01:32:04.644Z","5.20.1",5,"info",13.147,13.682,119.72,83.02,116,0,0
1679016724644,"2023-03-17T01:32:04.644Z","5.20.1",5,"tarball",10.333,10.942,124.46,82.29,164,0,0
1679016724644,"2023-03-17T01:32:04.644Z","6-next",6,"info",17.425,18.296,121.15,81.99,109,0,0
1679016724644,"2023-03-17T01:32:04.644Z","6-next",6,"tarball",8.268,8.877,130.09,79.13,150,0,0
1679103116474,"2023-03-18T01:31:56.474Z","3.13.1",3,"info",11.623,12.069,166.04,59.71,90,0,0
1679103116474,"2023-03-18T01:31:56.474Z","3.13.1",3,"tarball",6.428,6.863,114.63,90.23,177,0,0
1679103116474,"2023-03-18T01:31:56.474Z","4.12.2",4,"info",12.079,12.594,184.69,53.64,75,0,0
1679103116474,"2023-03-18T01:31:56.474Z","4.12.2",4,"tarball",6.388,6.878,108.76,94.93,192,0,0
1679103116474,"2023-03-18T01:31:56.474Z","5.20.1",5,"info",19.62,20.268,125.25,79.3,108,0,0
1679103116474,"2023-03-18T01:31:56.474Z","5.20.1",5,"tarball",6.425,6.86,129.4,79.51,154,0,0
1679103116474,"2023-03-18T01:31:56.474Z","6-next",6,"info",21.474,22.19,127.94,77.6,106,0,0
1679103116474,"2023-03-18T01:31:56.474Z","6-next",6,"tarball",8.387,8.859,116.26,89.12,180,0,0
1679189554471,"2023-03-19T01:32:34.471Z","3.13.1",3,"info",12.097,12.469,164.85,60.14,88,0,0
1679189554471,"2023-03-19T01:32:34.471Z","3.13.1",3,"tarball",7.079,7.695,123.8,82.77,166,0,0
1679189554471,"2023-03-19T01:32:34.471Z","4.12.2",4,"info",11.413,11.74,144.15,68.83,99,0,0
1679189554471,"2023-03-19T01:32:34.471Z","4.12.2",4,"tarball",10.114,10.853,125.82,82.31,163,0,0
1679189554471,"2023-03-19T01:32:34.471Z","5.20.1",5,"info",17.639,18.136,83.09,119.78,168,0,0
1679189554471,"2023-03-19T01:32:34.471Z","5.20.1",5,"tarball",6.739,7.159,112.65,93.15,173,0,0
1679189554471,"2023-03-19T01:32:34.471Z","6-next",6,"info",17.172,17.489,129.32,76.81,106,0,0
1679189554471,"2023-03-19T01:32:34.471Z","6-next",6,"tarball",7.724,8.194,103.8,99.74,198,0,0
1679275937326,"2023-03-20T01:32:17.326Z","3.13.1",3,"info",10.845,11.192,182.54,54.26,75,0,0
1679275937326,"2023-03-20T01:32:17.326Z","3.13.1",3,"tarball",8.496,9.087,108.3,95.76,194,0,0
1679275937326,"2023-03-20T01:32:17.326Z","4.12.2",4,"info",12.139,12.661,167.6,59.15,85,0,0
1679275937326,"2023-03-20T01:32:17.326Z","4.12.2",4,"tarball",10.84,11.548,112.35,93.17,179,0,0
1679275937326,"2023-03-20T01:32:17.326Z","5.20.1",5,"info",12.898,13.402,137.85,72.01,92,0,0
1679275937326,"2023-03-20T01:32:17.326Z","5.20.1",5,"tarball",7.227,7.736,109.97,93.94,180,0,0
1679275937326,"2023-03-20T01:32:17.326Z","6-next",6,"info",14.682,15.285,133.62,74.32,98,0,0
1679275937326,"2023-03-20T01:32:17.326Z","6-next",6,"tarball",7.468,8.079,110.11,94.55,181,0,0
1679362296942,"2023-03-21T01:31:36.942Z","3.13.1",3,"info",13.535,13.817,120.67,82.33,125,0,0
1679362296942,"2023-03-21T01:31:36.942Z","3.13.1",3,"tarball",8.965,9.459,111.07,93.89,182,0,0
1679362296942,"2023-03-21T01:31:36.942Z","4.12.2",4,"info",11.44,11.755,140.06,70.87,102,0,0
1679362296942,"2023-03-21T01:31:36.942Z","4.12.2",4,"tarball",6.383,7.081,105,98.71,196,0,0
1679362296942,"2023-03-21T01:31:36.942Z","5.20.1",5,"info",17.97,18.68,138.4,71.74,90,0,0
1679362296942,"2023-03-21T01:31:36.942Z","5.20.1",5,"tarball",11.123,11.565,129.95,78.82,150,0,0
1679362296942,"2023-03-21T01:31:36.942Z","6-next",6,"info",15.208,15.801,118.29,83.98,112,0,0
1679362296942,"2023-03-21T01:31:36.942Z","6-next",6,"tarball",10.816,11.744,109.61,94.14,180,0,0
1679448673774,"2023-03-22T01:31:13.774Z","3.13.1",3,"info",10.965,11.256,138.06,71.89,105,0,0
1679448673774,"2023-03-22T01:31:13.774Z","3.13.1",3,"tarball",6.511,7.154,108.26,95.21,185,0,0
1679448673774,"2023-03-22T01:31:13.774Z","4.12.2",4,"info",11.785,12.381,179.17,55.3,84,0,0
1679448673774,"2023-03-22T01:31:13.774Z","4.12.2",4,"tarball",6.8,7.357,100,104.3,209,0,0
1679448673774,"2023-03-22T01:31:13.774Z","5.20.1",5,"info",12.74,13.111,104.69,94.95,134,0,0
1679448673774,"2023-03-22T01:31:13.774Z","5.20.1",5,"tarball",7.503,7.938,108.13,95.6,189,0,0
1679448673774,"2023-03-22T01:31:13.774Z","6-next",6,"info",14.946,15.522,132.44,74.97,94,0,0
1679448673774,"2023-03-22T01:31:13.774Z","6-next",6,"tarball",7.133,7.556,108.88,95.8,186,0,0
1679535153792,"2023-03-23T01:32:33.792Z","3.13.1",3,"info",11.649,12.189,181.12,54.7,81,0,0
1679535153792,"2023-03-23T01:32:33.792Z","3.13.1",3,"tarball",6.686,7.141,108.69,95.67,187,0,0
1679535153792,"2023-03-23T01:32:33.792Z","4.12.2",4,"info",13.455,13.833,167.02,59.36,89,0,0
1679535153792,"2023-03-23T01:32:33.792Z","4.12.2",4,"tarball",8.422,8.96,108.23,95.77,187,0,0
1679535153792,"2023-03-23T01:32:33.792Z","5.20.1",5,"info",13.122,13.686,100.49,98.95,138,0,0
1679535153792,"2023-03-23T01:32:33.792Z","5.20.1",5,"tarball",6.49,6.96,106.56,97.24,195,0,0
1679535153792,"2023-03-23T01:32:33.792Z","6-next",6,"info",14.683,15.496,132.37,75.01,96,0,0
1679535153792,"2023-03-23T01:32:33.792Z","6-next",6,"tarball",7.607,8.048,107.44,96.39,189,0,0
1679621495091,"2023-03-24T01:31:35.091Z","3.13.1",3,"info",11.476,11.792,169.05,58.63,90,0,0
1679621495091,"2023-03-24T01:31:35.091Z","3.13.1",3,"tarball",6.678,7.298,108.25,95.1,185,0,0
1679621495091,"2023-03-24T01:31:35.091Z","4.12.2",4,"info",16.09,16.649,137.29,72.32,96,0,0
1679621495091,"2023-03-24T01:31:35.091Z","4.12.2",4,"tarball",6.841,7.588,109.16,94.71,183,0,0
1679621495091,"2023-03-24T01:31:35.091Z","5.20.1",5,"info",15.17,15.71,101.85,97.65,137,0,0
1679621495091,"2023-03-24T01:31:35.091Z","5.20.1",5,"tarball",7.339,7.736,128.58,79.94,156,0,0
1679621495091,"2023-03-24T01:31:35.091Z","6-next",6,"info",18.232,19.037,118.7,83.73,109,0,0
1679621495091,"2023-03-24T01:31:35.091Z","6-next",6,"tarball",7.064,7.52,110.97,93.69,178,0,0
1679707896531,"2023-03-25T01:31:36.531Z","3.13.1",3,"info",15.753,16.014,141.29,70.25,106,0,0
1679707896531,"2023-03-25T01:31:36.531Z","3.13.1",3,"tarball",8.597,9.29,108.21,95.3,186,0,0
1679707896531,"2023-03-25T01:31:36.531Z","4.12.2",4,"info",13.55,13.805,183.19,54.07,79,0,0
1679707896531,"2023-03-25T01:31:36.531Z","4.12.2",4,"tarball",7.623,9.287,123.52,83.63,166,0,0
1679707896531,"2023-03-25T01:31:36.531Z","5.20.1",5,"info",16.777,17.295,112.05,88.7,121,0,0
1679707896531,"2023-03-25T01:31:36.531Z","5.20.1",5,"tarball",10.876,11.397,107.37,96.24,188,0,0
1679707896531,"2023-03-25T01:31:36.531Z","6-next",6,"info",14.811,15.4,87.77,113.34,142,0,0
1679707896531,"2023-03-25T01:31:36.531Z","6-next",6,"tarball",9.444,10.228,130.3,79.55,155,0,0
1679745077780,"2023-03-25T11:51:17.780Z","3.13.1",3,"info",10.754,11.02,165.47,59.92,91,0,0
1679745077780,"2023-03-25T11:51:17.780Z","3.13.1",3,"tarball",6.501,6.941,108.85,95.06,184,0,0
1679745077780,"2023-03-25T11:51:17.780Z","4.12.2",4,"info",10.659,11.099,183.49,53.97,78,0,0
1679745077780,"2023-03-25T11:51:17.780Z","4.12.2",4,"tarball",7.632,8.338,107,97,190,0,0
1679745077780,"2023-03-25T11:51:17.780Z","5.20.1",5,"info",20.296,21.011,126.8,78.36,109,0,0
1679745077780,"2023-03-25T11:51:17.780Z","5.20.1",5,"tarball",8.381,8.701,128.78,79.94,156,0,0
1679745077780,"2023-03-25T11:51:17.780Z","6-next",6,"info",15.438,16.057,113.19,87.77,125,0,0
1679745077780,"2023-03-25T11:51:17.780Z","6-next",6,"tarball",7.227,7.799,121.43,84.6,168,0,0
1679755619727,"2023-03-25T14:46:59.727Z","3.13.1",3,"info",10.849,11.143,164.64,60.22,90,0,0
1679755619727,"2023-03-25T14:46:59.727Z","3.13.1",3,"tarball",7.901,8.299,132.45,77.61,145,0,0
1679755619727,"2023-03-25T14:46:59.727Z","4.12.2",4,"info",12.34,12.99,170.14,58.24,81,0,0
1679755619727,"2023-03-25T14:46:59.727Z","4.12.2",4,"tarball",8.785,9.416,109.92,94.42,181,0,0
1679755619727,"2023-03-25T14:46:59.727Z","5.20.1",5,"info",13.933,14.589,96.45,103.15,157,0,0
1679755619727,"2023-03-25T14:46:59.727Z","5.20.1",5,"tarball",7.341,7.779,127.82,80.55,155,0,0
1679755619727,"2023-03-25T14:46:59.727Z","6-next",6,"info",13.509,14.546,87.15,114.17,151,0,0
1679755619727,"2023-03-25T14:46:59.727Z","6-next",6,"tarball",10.832,11.264,111.21,93.06,176,0,0
1679765404276,"2023-03-25T17:30:04.276Z","3.13.1",3,"info",11.945,12.306,180.95,54.74,81,0,0
1679765404276,"2023-03-25T17:30:04.276Z","3.13.1",3,"tarball",9.007,9.583,108.38,95.43,186,0,0
1679765404276,"2023-03-25T17:30:04.276Z","4.12.2",4,"info",13.757,14.258,147.74,67.16,87,0,0
1679765404276,"2023-03-25T17:30:04.276Z","4.12.2",4,"tarball",6.461,7.058,126.33,81.48,162,0,0
1679765404276,"2023-03-25T17:30:04.276Z","5.20.1",5,"info",17.227,17.759,117.52,84.55,117,0,0
1679765404276,"2023-03-25T17:30:04.276Z","5.20.1",5,"tarball",7.278,8.009,127.99,80.36,158,0,0
1679765404276,"2023-03-25T17:30:04.276Z","6-next",6,"info",18.985,19.788,98.62,100.81,141,0,0
1679765404276,"2023-03-25T17:30:04.276Z","6-next",6,"tarball",7.106,7.846,127.41,80.58,156,0,0
1679794348722,"2023-03-26T01:32:28.722Z","3.13.1",3,"info",12.446,12.927,167.47,59.19,85,0,0
1679794348722,"2023-03-26T01:32:28.722Z","3.13.1",3,"tarball",6.513,7.035,125.48,81.8,163,0,0
1679794348722,"2023-03-26T01:32:28.722Z","4.12.2",4,"info",14.429,15.131,164.32,60.33,87,0,0
1679794348722,"2023-03-26T01:32:28.722Z","4.12.2",4,"tarball",7.338,8.166,102.94,100,198,0,0
1679794348722,"2023-03-26T01:32:28.722Z","5.20.1",5,"info",12.979,13.931,117.9,84.28,124,0,0
1679794348722,"2023-03-26T01:32:28.722Z","5.20.1",5,"tarball",8.355,8.949,110.25,93.83,178,0,0
1679794348722,"2023-03-26T01:32:28.722Z","6-next",6,"info",13.59,14.209,116.55,85.26,132,0,0
1679794348722,"2023-03-26T01:32:28.722Z","6-next",6,"tarball",7.938,8.381,109.02,94.63,190,0,0
1679880691852,"2023-03-27T01:31:31.852Z","3.13.1",3,"info",11.326,11.62,178.55,55.5,84,0,0
1679880691852,"2023-03-27T01:31:31.852Z","3.13.1",3,"tarball",7.406,7.889,108.04,95.64,186,0,0
1679880691852,"2023-03-27T01:31:31.852Z","4.12.2",4,"info",11.101,11.699,162.89,60.88,96,0,0
1679880691852,"2023-03-27T01:31:31.852Z","4.12.2",4,"tarball",7.257,7.795,125.78,81.82,162,0,0
1679880691852,"2023-03-27T01:31:31.852Z","5.20.1",5,"info",18.489,19.333,109.19,91.02,115,0,0
1679880691852,"2023-03-27T01:31:31.852Z","5.20.1",5,"tarball",6.651,7.161,108,95.22,183,0,0
1679880691852,"2023-03-27T01:31:31.852Z","6-next",6,"info",22.67,23.129,134.75,73.69,96,0,0
1679880691852,"2023-03-27T01:31:31.852Z","6-next",6,"tarball",7.084,7.524,114.21,90.93,185,0,0
1679967098342,"2023-03-28T01:31:38.342Z","3.13.1",3,"info",14.283,14.761,182.07,54.4,77,0,0
1679967098342,"2023-03-28T01:31:38.342Z","3.13.1",3,"tarball",7.22,7.733,114.85,89.99,180,0,0
1679967098342,"2023-03-28T01:31:38.342Z","4.12.2",4,"info",14.035,14.589,177.7,55.76,83,0,0
1679967098342,"2023-03-28T01:31:38.342Z","4.12.2",4,"tarball",8.479,9.067,108.57,95.25,186,0,0
1679967098342,"2023-03-28T01:31:38.342Z","5.20.1",5,"info",14.483,14.987,120.74,82.3,115,0,0
1679967098342,"2023-03-28T01:31:38.342Z","5.20.1",5,"tarball",6.57,7.072,129.31,79.4,155,0,0
1679967098342,"2023-03-28T01:31:38.342Z","6-next",6,"info",21.951,22.443,88.22,112.76,149,0,0
1679967098342,"2023-03-28T01:31:38.342Z","6-next",6,"tarball",7.683,8.154,126.09,81.97,163,0,0
1680246215644,"2023-03-31T07:03:35.644Z","3.13.1",3,"info",10.985,11.321,164.4,60.32,91,0,0
1680246215644,"2023-03-31T07:03:35.644Z","3.13.1",3,"tarball",8,8.479,108.95,94.87,184,0,0
1680246215644,"2023-03-31T07:03:35.644Z","4.12.2",4,"info",11.845,12.393,166.45,59.55,89,0,0
1680246215644,"2023-03-31T07:03:35.644Z","4.12.2",4,"tarball",6.6,7.146,108.69,95.24,186,0,0
1680246215644,"2023-03-31T07:03:35.644Z","5.23.1",5,"info",19.227,19.955,78.87,126.28,180,0,0
1680246215644,"2023-03-31T07:03:35.644Z","5.23.1",5,"tarball",7.416,8.196,109.3,94.62,180,0,0
1680246215644,"2023-03-31T07:03:35.644Z","6-next",6,"info",17.327,18.042,122.79,80.9,105,0,0
1680246215644,"2023-03-31T07:03:35.644Z","6-next",6,"tarball",7.006,7.777,109.28,94.98,181,0,0
1680251156817,"2023-03-31T08:25:56.817Z","3.13.1",3,"info",12.817,13.106,136.25,72.85,98,0,0
1680251156817,"2023-03-31T08:25:56.817Z","3.13.1",3,"tarball",9.472,10.061,104.28,99.21,197,0,0
1680251156817,"2023-03-31T08:25:56.817Z","4.12.2",4,"info",16.257,17.03,141.95,69.92,95,0,0
1680251156817,"2023-03-31T08:25:56.817Z","4.12.2",4,"tarball",6.445,6.929,121.68,84.51,169,0,0
1680251156817,"2023-03-31T08:25:56.817Z","5.23.1",5,"info",20.266,20.7,117.09,84.85,109,0,0
1680251156817,"2023-03-31T08:25:56.817Z","5.23.1",5,"tarball",10.773,11.83,105.5,98.31,196,0,0
1680251156817,"2023-03-31T08:25:56.817Z","6-next",6,"info",19.477,20.267,106.74,93.12,122,0,0
1680251156817,"2023-03-31T08:25:56.817Z","6-next",6,"tarball",9.377,9.973,112.37,91.96,183,0,0
1680312673903,"2023-04-01T01:31:13.903Z","3.13.1",3,"info",14.283,14.48,163.15,60.81,91,0,0
1680312673903,"2023-04-01T01:31:13.903Z","3.13.1",3,"tarball",7.547,8.068,114.38,90.71,172,0,0
1680312673903,"2023-04-01T01:31:13.903Z","4.12.2",4,"info",14.193,14.709,184.07,53.81,72,0,0
1680312673903,"2023-04-01T01:31:13.903Z","4.12.2",4,"tarball",9.239,9.907,125.56,81.97,162,0,0
1680312673903,"2023-04-01T01:31:13.903Z","5.23.1",5,"info",14.362,15.139,83.67,118.94,167,0,0
1680312673903,"2023-04-01T01:31:13.903Z","5.23.1",5,"tarball",7.514,7.997,120.35,85.61,174,0,0
1680312673903,"2023-04-01T01:31:13.903Z","6-next",6,"info",13.352,14.138,85.6,116.21,159,0,0
1680312673903,"2023-04-01T01:31:13.903Z","6-next",6,"tarball",8.433,8.968,127.19,81.02,160,0,0
1680399093254,"2023-04-02T01:31:33.254Z","3.13.1",3,"info",15.3,15.863,167.19,59.28,79,0,0
1680399093254,"2023-04-02T01:31:33.254Z","3.13.1",3,"tarball",6.396,6.916,108.88,95.58,187,0,0
1680399093254,"2023-04-02T01:31:33.254Z","4.12.2",4,"info",15.481,16.31,138.6,71.62,106,0,0
1680399093254,"2023-04-02T01:31:33.254Z","4.12.2",4,"tarball",8.9,10.067,107.82,95.95,188,0,0
1680399093254,"2023-04-02T01:31:33.254Z","5.23.1",5,"info",19.729,20.322,116.9,85.01,126,0,0
1680399093254,"2023-04-02T01:31:33.254Z","5.23.1",5,"tarball",7.051,7.706,104.21,99.73,197,0,0
1680399093254,"2023-04-02T01:31:33.254Z","6-next",6,"info",20.326,21.246,119.52,83.12,110,0,0
1680399093254,"2023-04-02T01:31:33.254Z","6-next",6,"tarball",10.614,11.477,128.77,79.82,157,0,0
1680485502395,"2023-04-03T01:31:42.395Z","3.13.1",3,"info",11.695,12.018,183.44,53.99,71,0,0
1680485502395,"2023-04-03T01:31:42.395Z","3.13.1",3,"tarball",7.098,7.583,128.16,80.02,157,0,0
1680485502395,"2023-04-03T01:31:42.395Z","4.12.2",4,"info",16.342,16.929,169.74,58.39,80,0,0
1680485502395,"2023-04-03T01:31:42.395Z","4.12.2",4,"tarball",6.372,6.971,124.92,82.21,163,0,0
1680485502395,"2023-04-03T01:31:42.395Z","5.23.1",5,"info",14.487,15.13,101.65,97.86,136,0,0
1680485502395,"2023-04-03T01:31:42.395Z","5.23.1",5,"tarball",8.43,9.266,127.7,80.39,160,0,0
1680485502395,"2023-04-03T01:31:42.395Z","6-next",6,"info",14.185,14.928,106.24,93.57,123,0,0
1680485502395,"2023-04-03T01:31:42.395Z","6-next",6,"tarball",7.51,7.966,109.99,94.12,179,0,0
1680571915418,"2023-04-04T01:31:55.418Z","3.13.1",3,"info",18.255,18.569,132.34,75.02,110,0,0
1680571915418,"2023-04-04T01:31:55.418Z","3.13.1",3,"tarball",6.722,7.232,108.04,95.51,187,0,0
1680571915418,"2023-04-04T01:31:55.418Z","4.12.2",4,"info",15.773,16.719,135.89,73.09,116,0,0
1680571915418,"2023-04-04T01:31:55.418Z","4.12.2",4,"tarball",9.757,10.177,106.11,97.72,195,0,0
1680571915418,"2023-04-04T01:31:55.418Z","5.23.1",5,"info",15.153,15.664,107.85,92.16,129,0,0
1680571915418,"2023-04-04T01:31:55.418Z","5.23.1",5,"tarball",6.542,7.198,105.85,97.87,192,0,0
1680571915418,"2023-04-04T01:31:55.418Z","6-next",6,"info",17.806,18.621,101.87,97.6,129,0,0
1680571915418,"2023-04-04T01:31:55.418Z","6-next",6,"tarball",6.702,7.203,104.11,100.22,199,0,0
1680657953873,"2023-04-05T01:25:53.873Z","3.13.1",3,"info",14.241,14.732,140.49,70.64,104,0,0
1680657953873,"2023-04-05T01:25:53.873Z","3.13.1",3,"tarball",9.721,10.227,105.66,98.63,195,0,0
1680657953873,"2023-04-05T01:25:53.873Z","4.12.2",4,"info",17.385,18.263,161.79,61.29,91,0,0
1680657953873,"2023-04-05T01:25:53.873Z","4.12.2",4,"tarball",9.104,9.801,108.95,94.8,184,0,0
1680657953873,"2023-04-05T01:25:53.873Z","5.23.1",5,"info",14.943,15.874,82.59,120.48,151,0,0
1680657953873,"2023-04-05T01:25:53.873Z","5.23.1",5,"tarball",8.317,9.151,106.8,97.07,186,0,0
1680657953873,"2023-04-05T01:25:53.873Z","6-next",6,"info",14.936,15.527,93.14,106.79,139,0,0
1680657953873,"2023-04-05T01:25:53.873Z","6-next",6,"tarball",8.476,8.906,109.57,94.7,185,0,0
1680744746009,"2023-04-06T01:32:26.009Z","3.13.1",3,"info",11.049,11.333,174.69,56.73,83,0,0
1680744746009,"2023-04-06T01:32:26.009Z","3.13.1",3,"tarball",8.372,8.898,103.18,100.44,202,0,0
1680744746009,"2023-04-06T01:32:26.009Z","4.12.2",4,"info",13.462,14.136,140.27,70.76,108,0,0
1680744746009,"2023-04-06T01:32:26.009Z","4.12.2",4,"tarball",8.153,8.816,107.38,96.16,191,0,0
1680744746009,"2023-04-06T01:32:26.009Z","5.23.1",5,"info",18.225,18.666,105.49,94.26,136,0,0
1680744746009,"2023-04-06T01:32:26.009Z","5.23.1",5,"tarball",7.418,7.946,102.19,102.28,206,0,0
1680744746009,"2023-04-06T01:32:26.009Z","6-next",6,"info",13.995,14.535,123.57,80.39,104,0,0
1680744746009,"2023-04-06T01:32:26.009Z","6-next",6,"tarball",9.399,10.085,105.07,98.57,198,0,0
1680831022491,"2023-04-07T01:30:22.491Z","3.13.1",3,"info",12.029,12.329,166.29,59.62,89,0,0
1680831022491,"2023-04-07T01:30:22.491Z","3.13.1",3,"tarball",6.422,7.017,125.73,81.71,162,0,0
1680831022491,"2023-04-07T01:30:22.491Z","4.12.2",4,"info",12.944,13.652,171.64,57.75,80,0,0
1680831022491,"2023-04-07T01:30:22.491Z","4.12.2",4,"tarball",6.359,6.993,107.52,95.89,185,0,0
1680831022491,"2023-04-07T01:30:22.491Z","5.23.1",5,"info",19.396,20.111,111.77,88.95,127,0,0
1680831022491,"2023-04-07T01:30:22.491Z","5.23.1",5,"tarball",6.685,7.235,113.28,90.87,181,0,0
1680831022491,"2023-04-07T01:30:22.491Z","6-next",6,"info",13.542,14.305,120.49,82.49,113,0,0
1680831022491,"2023-04-07T01:30:22.491Z","6-next",6,"tarball",8.416,8.882,109.32,94.64,183,0,0
1680917423990,"2023-04-08T01:30:23.990Z","3.13.1",3,"info",12.856,12.997,181.29,54.63,77,0,0
1680917423990,"2023-04-08T01:30:23.990Z","3.13.1",3,"tarball",9.549,10.148,113.52,90.99,185,0,0
1680917423990,"2023-04-08T01:30:23.990Z","4.12.2",4,"info",13.452,14.402,184.74,53.61,79,0,0
1680917423990,"2023-04-08T01:30:23.990Z","4.12.2",4,"tarball",6.496,7.115,109.13,94.74,193,0,0
1680917423990,"2023-04-08T01:30:23.990Z","5.23.1",5,"info",16.262,16.716,102.7,96.83,141,0,0
1680917423990,"2023-04-08T01:30:23.990Z","5.23.1",5,"tarball",9.935,10.696,125.48,81.86,164,0,0
1680917423990,"2023-04-08T01:30:23.990Z","6-next",6,"info",14.87,15.25,90.92,109.39,146,0,0
1680917423990,"2023-04-08T01:30:23.990Z","6-next",6,"tarball",7.182,7.713,129.41,79.43,156,0,0
1681003878688,"2023-04-09T01:31:18.688Z","3.13.1",3,"info",13.759,14.316,146.35,67.82,95,0,0
1681003878688,"2023-04-09T01:31:18.688Z","3.13.1",3,"tarball",6.524,7.083,126.33,81.81,164,0,0
1681003878688,"2023-04-09T01:31:18.688Z","4.12.2",4,"info",11.301,11.58,184.89,53.56,77,0,0
1681003878688,"2023-04-09T01:31:18.688Z","4.12.2",4,"tarball",7.164,7.721,126.19,81.68,162,0,0
1681003878688,"2023-04-09T01:31:18.688Z","5.23.1",5,"info",15.543,16.206,119.45,83.17,119,0,0
1681003878688,"2023-04-09T01:31:18.688Z","5.23.1",5,"tarball",8.899,9.484,107.78,95.92,186,0,0
1681003878688,"2023-04-09T01:31:18.688Z","6-next",6,"info",13.323,14.008,123.35,80.52,112,0,0
1681003878688,"2023-04-09T01:31:18.688Z","6-next",6,"tarball",7.689,8.139,120.94,84.83,172,0,0
1681090255977,"2023-04-10T01:30:55.977Z","3.13.1",3,"info",10.846,11.119,181.97,54.46,80,0,0
1681090255977,"2023-04-10T01:30:55.977Z","3.13.1",3,"tarball",7.039,7.607,128.09,80.64,159,0,0
1681090255977,"2023-04-10T01:30:55.977Z","4.12.2",4,"info",15.47,16.799,184.72,53.62,78,0,0
1681090255977,"2023-04-10T01:30:55.977Z","4.12.2",4,"tarball",6.328,6.832,122.63,84.17,166,0,0
1681090255977,"2023-04-10T01:30:55.977Z","5.23.1",5,"info",16.855,17.591,107.07,92.88,128,0,0
1681090255977,"2023-04-10T01:30:55.977Z","5.23.1",5,"tarball",7.551,8.059,103.54,99.99,197,0,0
1681090255977,"2023-04-10T01:30:55.977Z","6-next",6,"info",14.756,15.095,98.24,101.22,138,0,0
1681090255977,"2023-04-10T01:30:55.977Z","6-next",6,"tarball",7.992,8.529,127.26,81.11,160,0,0
1681176685964,"2023-04-11T01:31:25.964Z","3.13.1",3,"info",14.035,14.789,146.84,67.57,96,0,0
1681176685964,"2023-04-11T01:31:25.964Z","3.13.1",3,"tarball",8.667,9.163,106.52,96.85,196,0,0
1681176685964,"2023-04-11T01:31:25.964Z","4.12.2",4,"info",10.972,12.015,183.6,53.95,80,0,0
1681176685964,"2023-04-11T01:31:25.964Z","4.12.2",4,"tarball",8.493,8.969,101.52,102.61,204,0,0
1681176685964,"2023-04-11T01:31:25.964Z","5.23.1",5,"info",21.451,22.127,96.75,102.8,132,0,0
1681176685964,"2023-04-11T01:31:25.964Z","5.23.1",5,"tarball",6.99,7.509,124.38,82.82,164,0,0
1681176685964,"2023-04-11T01:31:25.964Z","6-next",6,"info",15.31,15.807,102.2,97.3,126,0,0
1681176685964,"2023-04-11T01:31:25.964Z","6-next",6,"tarball",7.106,7.534,109.92,94.03,180,0,0
1681244573385,"2023-04-11T20:22:53.385Z","3.13.1",3,"info",13.694,14.116,165.34,59.95,88,0,0
1681244573385,"2023-04-11T20:22:53.385Z","3.13.1",3,"tarball",8.986,9.695,115.16,89.04,179,0,0
1681244573385,"2023-04-11T20:22:53.385Z","4.12.2",4,"info",15.125,16.072,173.09,57.26,72,0,0
1681244573385,"2023-04-11T20:22:53.385Z","4.12.2",4,"tarball",8.672,9.306,106.42,97.11,192,0,0
1681244573385,"2023-04-11T20:22:53.385Z","5.23.1",5,"info",14.02,14.545,98.4,101.02,134,0,0
1681244573385,"2023-04-11T20:22:53.385Z","5.23.1",5,"tarball",7.903,8.532,108.9,94.64,185,0,0
1681244573385,"2023-04-11T20:22:53.385Z","6-next",6,"info",14.904,15.815,131.95,75.23,99,0,0
1681244573385,"2023-04-11T20:22:53.385Z","6-next",6,"tarball",7.553,7.967,106.82,97.46,194,0,0
1681263106297,"2023-04-12T01:31:46.297Z","3.13.1",3,"info",12.403,12.703,138.56,71.63,110,0,0
1681263106297,"2023-04-12T01:31:46.297Z","3.13.1",3,"tarball",7.213,7.67,119.75,85.94,172,0,0
1681263106297,"2023-04-12T01:31:46.297Z","4.12.2",4,"info",15.522,16.721,145.39,68.26,100,0,0
1681263106297,"2023-04-12T01:31:46.297Z","4.12.2",4,"tarball",10.651,11.209,110.28,93.88,183,0,0
1681263106297,"2023-04-12T01:31:46.297Z","5.23.1",5,"info",13.544,14.145,88.29,112.7,148,0,0
1681263106297,"2023-04-12T01:31:46.297Z","5.23.1",5,"tarball",7.279,7.808,102.71,100.92,200,0,0
1681263106297,"2023-04-12T01:31:46.297Z","6-next",6,"info",13.302,13.833,93.72,106.12,148,0,0
1681263106297,"2023-04-12T01:31:46.297Z","6-next",6,"tarball",7.307,7.742,101.97,101.78,204,0,0
1681349502260,"2023-04-13T01:31:42.260Z","3.13.1",3,"info",17.169,17.448,181.25,54.65,78,0,0
1681349502260,"2023-04-13T01:31:42.260Z","3.13.1",3,"tarball",9.685,10.301,123.32,83.98,169,0,0
1681349502260,"2023-04-13T01:31:42.260Z","4.12.2",4,"info",15.301,15.905,163.79,60.52,86,0,0
1681349502260,"2023-04-13T01:31:42.260Z","4.12.2",4,"tarball",7.849,8.342,120.33,86.25,172,0,0
1681349502260,"2023-04-13T01:31:42.260Z","5.23.1",5,"info",15.078,15.5,96,103.59,146,0,0
1681349502260,"2023-04-13T01:31:42.260Z","5.23.1",5,"tarball",9.799,10.402,106.56,97.52,195,0,0
1681349502260,"2023-04-13T01:31:42.260Z","6-next",6,"info",16.299,17.079,120.7,82.32,114,0,0
1681349502260,"2023-04-13T01:31:42.260Z","6-next",6,"tarball",9.554,10.116,110.78,92.91,184,0,0
1681435883185,"2023-04-14T01:31:23.185Z","3.13.1",3,"info",11.332,11.743,166.49,59.54,89,0,0
1681435883185,"2023-04-14T01:31:23.185Z","3.13.1",3,"tarball",7.282,7.821,109.14,95.16,185,0,0
1681435883185,"2023-04-14T01:31:23.185Z","4.12.2",4,"info",10.742,11.229,163.84,60.52,88,0,0
1681435883185,"2023-04-14T01:31:23.185Z","4.12.2",4,"tarball",6.223,6.826,121.78,84.24,168,0,0
1681435883185,"2023-04-14T01:31:23.185Z","5.23.1",5,"info",14.899,15.488,69.8,142.64,229,0,0
1681435883185,"2023-04-14T01:31:23.185Z","5.23.1",5,"tarball",7.504,8.095,100.25,103.41,205,0,0
1681435883185,"2023-04-14T01:31:23.185Z","6-next",6,"info",14.884,15.581,83.75,118.79,157,0,0
1681435883185,"2023-04-14T01:31:23.185Z","6-next",6,"tarball",6.805,7.353,124.17,82.79,162,0,0
1681522325514,"2023-04-15T01:32:05.514Z","3.13.1",3,"info",11.941,12.226,138.42,71.71,106,0,0
1681522325514,"2023-04-15T01:32:05.514Z","3.13.1",3,"tarball",7.163,7.654,108.64,95.3,188,0,0
1681522325514,"2023-04-15T01:32:05.514Z","4.12.2",4,"info",15.871,16.826,140.24,70.77,114,0,0
1681522325514,"2023-04-15T01:32:05.514Z","4.12.2",4,"tarball",9.895,10.555,122.58,83.85,169,0,0
1681522325514,"2023-04-15T01:32:05.514Z","5.23.1",5,"info",14.816,15.289,121.24,81.93,117,0,0
1681522325514,"2023-04-15T01:32:05.514Z","5.23.1",5,"tarball",7.355,7.811,123.87,83.01,166,0,0
1681522325514,"2023-04-15T01:32:05.514Z","6-next",6,"info",14.146,14.535,88.07,112.94,157,0,0
1681522325514,"2023-04-15T01:32:05.514Z","6-next",6,"tarball",9.247,10.024,110.92,93.33,179,0,0
1681608707169,"2023-04-16T01:31:47.169Z","3.13.1",3,"info",10.783,11.187,182.12,54.39,81,0,0
1681608707169,"2023-04-16T01:31:47.169Z","3.13.1",3,"tarball",8.034,8.481,109.37,94.73,185,0,0
1681608707169,"2023-04-16T01:31:47.169Z","4.12.2",4,"info",13.783,14.277,165.6,59.89,92,0,0
1681608707169,"2023-04-16T01:31:47.169Z","4.12.2",4,"tarball",7.79,8.245,109.32,94.49,185,0,0
1681608707169,"2023-04-16T01:31:47.169Z","5.23.1",5,"info",14.104,14.762,87.27,114.01,169,0,0
1681608707169,"2023-04-16T01:31:47.169Z","5.23.1",5,"tarball",8.31,8.855,121.16,85.18,170,0,0
1681608707169,"2023-04-16T01:31:47.169Z","6-next",6,"info",13.904,14.47,116.94,84.97,132,0,0
1681608707169,"2023-04-16T01:31:47.169Z","6-next",6,"tarball",9.544,10.1,127.7,80.08,158,0,0
1681695090735,"2023-04-17T01:31:30.735Z","3.13.1",3,"info",11.485,11.885,181.69,54.53,77,0,0
1681695090735,"2023-04-17T01:31:30.735Z","3.13.1",3,"tarball",6.904,7.606,116.69,88.46,181,0,0
1681695090735,"2023-04-17T01:31:30.735Z","4.12.2",4,"info",13.57,14.133,165.37,59.94,94,0,0
1681695090735,"2023-04-17T01:31:30.735Z","4.12.2",4,"tarball",7.429,7.949,122.54,84.22,167,0,0
1681695090735,"2023-04-17T01:31:30.735Z","5.23.1",5,"info",14.012,14.594,111.84,88.86,132,0,0
1681695090735,"2023-04-17T01:31:30.735Z","5.23.1",5,"tarball",6.935,7.616,112.52,92.52,173,0,0
1681695090735,"2023-04-17T01:31:30.735Z","6-next",6,"info",15.37,15.63,133.59,74.33,97,0,0
1681695090735,"2023-04-17T01:31:30.735Z","6-next",6,"tarball",8.488,9.474,111.37,92.79,174,0,0
1681781527374,"2023-04-18T01:32:07.374Z","3.13.1",3,"info",12.124,12.579,136.29,72.83,104,0,0
1681781527374,"2023-04-18T01:32:07.374Z","3.13.1",3,"tarball",9.417,10.004,122.45,84.31,167,0,0
1681781527374,"2023-04-18T01:32:07.374Z","4.12.2",4,"info",11.619,12.165,159.9,62.02,87,0,0
1681781527374,"2023-04-18T01:32:07.374Z","4.12.2",4,"tarball",6.622,7.223,121.17,84.78,168,0,0
1681781527374,"2023-04-18T01:32:07.374Z","5.23.1",5,"info",15.673,16.36,86.39,115.18,171,0,0
1681781527374,"2023-04-18T01:32:07.374Z","5.23.1",5,"tarball",6.665,7.268,110.92,94.03,182,0,0
1681781527374,"2023-04-18T01:32:07.374Z","6-next",6,"info",14.335,15.237,121.52,81.74,107,0,0
1681781527374,"2023-04-18T01:32:07.374Z","6-next",6,"tarball",7.649,8.128,101.19,102.04,209,0,0
1681867900936,"2023-04-19T01:31:40.936Z","3.13.1",3,"info",17.093,17.405,167.97,59.01,90,0,0
1681867900936,"2023-04-19T01:31:40.936Z","3.13.1",3,"tarball",6.651,7.407,113.54,90.81,185,0,0
1681867900936,"2023-04-19T01:31:40.936Z","4.12.2",4,"info",12.052,12.571,170,58.3,76,0,0
1681867900936,"2023-04-19T01:31:40.936Z","4.12.2",4,"tarball",6.57,7.1,109.49,94.61,184,0,0
1681867900936,"2023-04-19T01:31:40.936Z","5.23.1",5,"info",17.737,18.396,121.22,81.96,117,0,0
1681867900936,"2023-04-19T01:31:40.936Z","5.23.1",5,"tarball",7.223,7.797,111.3,93.05,176,0,0
1681867900936,"2023-04-19T01:31:40.936Z","6-next",6,"info",18.078,19.201,100.89,98.57,135,0,0
1681867900936,"2023-04-19T01:31:40.936Z","6-next",6,"tarball",7.329,9.4,110.54,93.38,179,0,0
1681954299056,"2023-04-20T01:31:39.056Z","3.13.1",3,"info",12.405,12.732,175.12,56.57,87,0,0
1681954299056,"2023-04-20T01:31:39.056Z","3.13.1",3,"tarball",7.379,7.884,115.38,89.47,181,0,0
1681954299056,"2023-04-20T01:31:39.056Z","4.12.2",4,"info",10.874,11.463,170.87,58,80,0,0
1681954299056,"2023-04-20T01:31:39.056Z","4.12.2",4,"tarball",6.35,6.851,100.76,103.17,206,0,0
1681954299056,"2023-04-20T01:31:39.056Z","5.23.1",5,"info",15.15,15.596,121.25,81.93,117,0,0
1681954299056,"2023-04-20T01:31:39.056Z","5.23.1",5,"tarball",9.942,10.738,112.87,91.11,184,0,0
1681954299056,"2023-04-20T01:31:39.056Z","6-next",6,"info",13.173,13.905,104.35,95.28,127,0,0
1681954299056,"2023-04-20T01:31:39.056Z","6-next",6,"tarball",7.372,8.064,108.73,95.13,189,0,0
1681978341342,"2023-04-20T08:12:21.342Z","3.13.1",3,"info",12.348,12.725,162.22,61.11,88,0,0
1681978341342,"2023-04-20T08:12:21.342Z","3.13.1",3,"tarball",8.773,9.138,112.09,92.27,184,0,0
1681978341342,"2023-04-20T08:12:21.342Z","4.12.2",4,"info",13.767,14.42,182.52,54.27,84,0,0
1681978341342,"2023-04-20T08:12:21.342Z","4.12.2",4,"tarball",6.846,7.487,124.4,82.84,163,0,0
1681978341342,"2023-04-20T08:12:21.342Z","5.23.1",5,"info",14.016,14.603,97.5,102.04,138,0,0
1681978341342,"2023-04-20T08:12:21.342Z","5.23.1",5,"tarball",7.196,8.029,111.25,93.01,180,0,0
1681978341342,"2023-04-20T08:12:21.342Z","6-next",6,"info",14.168,14.721,119.89,82.86,113,0,0
1681978341342,"2023-04-20T08:12:21.342Z","6-next",6,"tarball",12.222,12.839,111.7,91.97,183,0,0
1681979308487,"2023-04-20T08:28:28.487Z","3.13.1",3,"info",11.373,11.73,172.92,57.31,83,0,0
1681979308487,"2023-04-20T08:28:28.487Z","3.13.1",3,"tarball",6.589,7.13,121.04,84.42,169,0,0
1681979308487,"2023-04-20T08:28:28.487Z","4.12.2",4,"info",14.651,15.372,185.62,53.36,77,0,0
1681979308487,"2023-04-20T08:28:28.487Z","4.12.2",4,"tarball",6.627,7.183,109.45,94.54,183,0,0
1681979308487,"2023-04-20T08:28:28.487Z","5.23.1",5,"info",15.089,15.955,125.84,78.92,101,0,0
1681979308487,"2023-04-20T08:28:28.487Z","5.23.1",5,"tarball",8.186,8.81,103.09,101.41,202,0,0
1681979308487,"2023-04-20T08:28:28.487Z","6-next",6,"info",22.658,23.296,100.92,98.52,141,0,0
1681979308487,"2023-04-20T08:28:28.487Z","6-next",6,"tarball",6.783,7.315,127.87,80.52,159,0,0
1681988299458,"2023-04-20T10:58:19.458Z","3.13.1",3,"info",13.599,13.72,134.52,73.79,115,0,0
1681988299458,"2023-04-20T10:58:19.458Z","3.13.1",3,"tarball",7.325,7.771,120.65,85.15,170,0,0
1681988299458,"2023-04-20T10:58:19.458Z","4.12.2",4,"info",10.83,11.393,138.69,71.57,108,0,0
1681988299458,"2023-04-20T10:58:19.458Z","4.12.2",4,"tarball",7.023,7.644,104.23,98.42,198,0,0
1681988299458,"2023-04-20T10:58:19.458Z","5.23.1",5,"info",16.049,16.593,116.39,85.38,115,0,0
1681988299458,"2023-04-20T10:58:19.458Z","5.23.1",5,"tarball",6.886,7.481,108.78,94.78,186,0,0
1681988299458,"2023-04-20T10:58:19.458Z","6-next",6,"info",15.212,15.743,126.05,78.78,105,0,0
1681988299458,"2023-04-20T10:58:19.458Z","6-next",6,"tarball",8.572,9.032,102.78,100.72,201,0,0
1681994663699,"2023-04-20T12:44:23.699Z","3.13.1",3,"info",11.538,12.002,148.67,66.73,96,0,0
1681994663699,"2023-04-20T12:44:23.699Z","3.13.1",3,"tarball",9.826,10.273,109.02,94.59,184,0,0
1681994663699,"2023-04-20T12:44:23.699Z","4.12.2",4,"info",14.95,16.485,141.15,70.32,106,0,0
1681994663699,"2023-04-20T12:44:23.699Z","4.12.2",4,"tarball",6.818,7.408,109.25,94.4,185,0,0
1681994663699,"2023-04-20T12:44:23.699Z","5.23.1",5,"info",17.744,18.282,86.12,115.55,181,0,0
1681994663699,"2023-04-20T12:44:23.699Z","5.23.1",5,"tarball",7.351,8.045,110.75,93.12,179,0,0
1681994663699,"2023-04-20T12:44:23.699Z","6-next",6,"info",19.133,19.734,123.37,80.52,105,0,0
1681994663699,"2023-04-20T12:44:23.699Z","6-next",6,"tarball",8.954,9.581,126.04,81.66,161,0,0
